<?xml version="1.0" encoding="UTF-8"?>
<metadata xml:lang="en"><Esri><CreaDate>20190315</CreaDate><CreaTime>09490600</CreaTime><ArcGISFormat>1.0</ArcGISFormat><ArcGISstyle>FGDC CSDGM Metadata</ArcGISstyle><SyncOnce>FALSE</SyncOnce><DataProperties><itemProps><itemName Sync="TRUE">ManagedAreas</itemName><nativeExtBox><westBL Sync="TRUE">110894.583700</westBL><eastBL Sync="TRUE">1025618.975000</eastBL><southBL Sync="TRUE">17688.685700</southBL><northBL Sync="TRUE">547983.675700</northBL><exTypeCode Sync="TRUE">1</exTypeCode></nativeExtBox><itemLocation><linkage Sync="TRUE">file://\\MSLFNP01\GEOINFO\05-MSDI_DataDev\AdminBoundaries\ManagedAreas\PublishManagedAreasData\2018\ManagedAreas.gdb</linkage><protocol Sync="TRUE">Local Area Network</protocol></itemLocation><imsContentType Sync="TRUE">002</imsContentType></itemProps><coordRef><type Sync="TRUE">Projected</type><geogcsn Sync="TRUE">GCS_North_American_1983</geogcsn><csUnits Sync="TRUE">Linear Unit: Meter (1.000000)</csUnits><projcsn Sync="TRUE">NAD_1983_StatePlane_Montana_FIPS_2500</projcsn><peXml Sync="TRUE">&lt;ProjectedCoordinateSystem xsi:type='typens:ProjectedCoordinateSystem' xmlns:xsi='http://www.w3.org/2001/XMLSchema-instance' xmlns:xs='http://www.w3.org/2001/XMLSchema' xmlns:typens='http://www.esri.com/schemas/ArcGIS/10.5'&gt;&lt;WKT&gt;PROJCS[&amp;quot;NAD_1983_StatePlane_Montana_FIPS_2500&amp;quot;,GEOGCS[&amp;quot;GCS_North_American_1983&amp;quot;,DATUM[&amp;quot;D_North_American_1983&amp;quot;,SPHEROID[&amp;quot;GRS_1980&amp;quot;,6378137.0,298.257222101]],PRIMEM[&amp;quot;Greenwich&amp;quot;,0.0],UNIT[&amp;quot;Degree&amp;quot;,0.0174532925199433]],PROJECTION[&amp;quot;Lambert_Conformal_Conic&amp;quot;],PARAMETER[&amp;quot;False_Easting&amp;quot;,600000.0],PARAMETER[&amp;quot;False_Northing&amp;quot;,0.0],PARAMETER[&amp;quot;Central_Meridian&amp;quot;,-109.5],PARAMETER[&amp;quot;Standard_Parallel_1&amp;quot;,45.0],PARAMETER[&amp;quot;Standard_Parallel_2&amp;quot;,49.0],PARAMETER[&amp;quot;Latitude_Of_Origin&amp;quot;,44.25],UNIT[&amp;quot;Meter&amp;quot;,1.0],AUTHORITY[&amp;quot;EPSG&amp;quot;,32100]]&lt;/WKT&gt;&lt;XOrigin&gt;-35666000&lt;/XOrigin&gt;&lt;YOrigin&gt;-30006900&lt;/YOrigin&gt;&lt;XYScale&gt;10000&lt;/XYScale&gt;&lt;ZOrigin&gt;-100000&lt;/ZOrigin&gt;&lt;ZScale&gt;10000&lt;/ZScale&gt;&lt;MOrigin&gt;-100000&lt;/MOrigin&gt;&lt;MScale&gt;10000&lt;/MScale&gt;&lt;XYTolerance&gt;0.001&lt;/XYTolerance&gt;&lt;ZTolerance&gt;0.001&lt;/ZTolerance&gt;&lt;MTolerance&gt;0.001&lt;/MTolerance&gt;&lt;HighPrecision&gt;true&lt;/HighPrecision&gt;&lt;WKID&gt;32100&lt;/WKID&gt;&lt;LatestWKID&gt;32100&lt;/LatestWKID&gt;&lt;/ProjectedCoordinateSystem&gt;</peXml></coordRef><lineage><Process ToolSource="c:\program files (x86)\arcgis\desktop10.5\ArcToolbox\Toolboxes\Data Management Tools.tbx\CalculateField" Date="20181126" Time="090607" Name="" export="">CalculateField ManagedAreas_2018 DataSource "MTDNRC" VB #</Process><Process ToolSource="c:\program files (x86)\arcgis\desktop10.5\ArcToolbox\Toolboxes\Data Management Tools.tbx\CalculateField" Date="20190225" Time="135945" Name="" export="">CalculateField ManagedAreas_2018 EditDate "2/25/2019" VB #</Process><Process ToolSource="c:\program files (x86)\arcgis\desktop10.5\ArcToolbox\Toolboxes\Data Management Tools.tbx\CalculateField" Date="20190225" Time="140003" Name="" export="">CalculateField ManagedAreas_2018 Editor "mdb" VB #</Process><Process ToolSource="c:\program files (x86)\arcgis\desktop10.5\ArcToolbox\Toolboxes\Data Management Tools.tbx\CalculateField" Date="20190225" Time="140628" Name="" export="">CalculateField ManagedAreas_2018 URL "https://myfwp.mt.gov/fishMT/fas/39753880" VB #</Process><Process ToolSource="c:\program files (x86)\arcgis\desktop10.5\ArcToolbox\Toolboxes\Data Management Tools.tbx\CalculateField" Date="20190225" Time="140857" Name="" export="">CalculateField ManagedAreas_2018 URL "https://myfwp.mt.gov/fishMT/fas/"&amp;Right( [URL],8) VB #</Process><Process ToolSource="c:\program files (x86)\arcgis\desktop10.5\ArcToolbox\Toolboxes\Data Management Tools.tbx\CalculateField" Date="20190225" Time="142115" Name="" export="">CalculateField ManagedAreas_2018 EditDate "8/25/2017" VB #</Process><Process ToolSource="c:\program files (x86)\arcgis\desktop10.5\ArcToolbox\Toolboxes\Data Management Tools.tbx\CalculateField" Date="20190225" Time="142210" Name="" export="">CalculateField ManagedAreas_2018 URL "https://myfwp.mt.gov/fishMT/fas/39754181"&amp;Right( [URL],8) VB #</Process><Process ToolSource="c:\program files (x86)\arcgis\desktop10.5\ArcToolbox\Toolboxes\Data Management Tools.tbx\CalculateField" Date="20190225" Time="142344" Name="" export="">CalculateField ManagedAreas_2018 URL "https://myfwp.mt.gov/fishMT/fas/"&amp;Right( [URL],8) VB #</Process><Process ToolSource="c:\program files (x86)\arcgis\desktop10.5\ArcToolbox\Toolboxes\Data Management Tools.tbx\CalculateField" Date="20190225" Time="143604" Name="" export="">CalculateField ManagedAreas_2018 URL ""https://myfwp.mt.gov/fwpPub/landsMgmt/siteDetail.action?lmsId=" &amp;Right([URL],8)" VB #</Process><Process ToolSource="c:\program files (x86)\arcgis\desktop10.5\ArcToolbox\Toolboxes\Data Management Tools.tbx\CalculateField" Date="20190225" Time="153320" Name="" export="">CalculateField ManagedAreas_2018 PADUS "5" VB #</Process><Process ToolSource="c:\program files (x86)\arcgis\desktop10.4\ArcToolbox\Toolboxes\Data Management Tools.tbx\CalculateField" Date="20190228" Time="133106" Name="" export="">CalculateField ManagedAreas_MeghanFeb2019Update_KarenEdits INST "Montana Fish, Wildlife &amp; Parks" VB #</Process><Process ToolSource="c:\program files (x86)\arcgis\desktop10.4\ArcToolbox\Toolboxes\Data Management Tools.tbx\CalculateField" Date="20190228" Time="152705" Name="" export="">CalculateField ManagedAreas_MeghanFeb2019Update_KarenEdits MANAME [SourceName] VB #</Process><Process ToolSource="c:\program files (x86)\arcgis\desktop10.4\ArcToolbox\Toolboxes\Data Management Tools.tbx\CalculateField" Date="20190301" Time="154813" Name="" export="">CalculateField ManagedAreas_MeghanFeb2019Update_KarenEdits MANAME "Helena Aviation RC - Army Aviation Support Facility" VB #</Process><Process ToolSource="c:\program files (x86)\arcgis\desktop10.4\ArcToolbox\Toolboxes\Data Management Tools.tbx\CalculateField" Date="20190301" Time="160238" Name="" export="">CalculateField ManagedAreas_MeghanFeb2019Update_KarenEdits MANAME "Fort Logan Fishing Access Site" VB #</Process><Process ToolSource="c:\program files (x86)\arcgis\desktop10.5\ArcToolbox\Toolboxes\Data Management Tools.tbx\CalculateField" Date="20190305" Time="151530" Name="" export="">CalculateField ManagedAreas SourceDate "2/11/2019" VB #</Process><Process ToolSource="c:\program files (x86)\arcgis\desktop10.5\ArcToolbox\Toolboxes\Data Management Tools.tbx\CalculateField" Date="20190305" Time="151543" Name="" export="">CalculateField ManagedAreas EditDate "3/5/2019" VB #</Process><Process ToolSource="c:\program files (x86)\arcgis\desktop10.5\ArcToolbox\Toolboxes\Data Management Tools.tbx\CalculateField" Date="20190315" Time="103204">CalculateField MontanaManagedAreas SourceName "Smith River" VB #</Process></lineage></DataProperties><SyncDate>20190307</SyncDate><SyncTime>08545300</SyncTime><ModDate>20190307</ModDate><ModTime>9151500</ModTime><scaleRange><minScale>100000</minScale><maxScale>24000</maxScale></scaleRange><ArcGISProfile>FGDC</ArcGISProfile></Esri><mdLang><languageCode value="eng"/><countryCode value="USA" Sync="TRUE"/></mdLang><mdChar><CharSetCd value="004"/></mdChar><mdHrLv><ScopeCd value="005"/></mdHrLv><mdContact><rpOrgName>Montana State Library</rpOrgName><rpCntInfo><cntPhone><voiceNum>(406) 444-5354</voiceNum><voiceNum tddtty="True">406-444-4799</voiceNum><faxNum>406-444-0266</faxNum></cntPhone><cntAddress addressType="postal"><delPoint>PO BOX 201800</delPoint><city>Helena</city><adminArea>MT</adminArea><postCode>59620-1800</postCode><eMailAdd>geoinfo@mt.gov</eMailAdd></cntAddress></rpCntInfo><role><RoleCd value="007"/></role></mdContact><mdStanName>ArcGIS Metadata</mdStanName><mdStanVer>1.0</mdStanVer><distInfo><distributor><distorCont><rpOrgName>Montana State Library</rpOrgName><rpCntInfo><cntPhone><voiceNum>(406) 444-5354</voiceNum><voiceNum tddtty="True">406-444-4799</voiceNum><faxNum>406-444-0266</faxNum></cntPhone><cntAddress addressType="postal"><delPoint>PO BOX 201800</delPoint><city>Helena</city><adminArea>MT</adminArea><postCode>59620-1800</postCode><eMailAdd>geoinfo@mt.gov</eMailAdd></cntAddress><cntInstr>Contact via email</cntInstr></rpCntInfo><role><RoleCd value="005"/></role></distorCont><distorFormat><formatName>ESRI File Geodatabase</formatName></distorFormat><distorTran><onLineSrc><linkage>http://ftp.geoinfo.msl.mt.gov/data/Spatial/NonMSDI/Shapefiles/stew_ManagedAreas.zip</linkage></onLineSrc></distorTran></distributor><distTranOps><onLineSrc><linkage>http://ftp.geoinfo.msl.mt.gov/data/Spatial/NonMSDI/Shapefiles/stew_ManagedAreas.zip</linkage></onLineSrc></distTranOps><distFormat><formatName Sync="TRUE">File Geodatabase Feature Class</formatName></distFormat></distInfo><dataIdInfo><idCitation><date><pubDate>2016-10-14</pubDate></date><citRespParty><rpOrgName>Montana State Library</rpOrgName><rpCntInfo><cntAddress><delPoint>Helena, Montana</delPoint></cntAddress></rpCntInfo><role><RoleCd value="010"/></role></citRespParty><citRespParty><rpOrgName>Montana Natural Heritage Program (MTNHP)</rpOrgName><role><RoleCd value="006"/></role></citRespParty><presForm><PresFormCd value="005"/></presForm><presForm><fgdcGeoform>vector digital data</fgdcGeoform></presForm><resTitle Sync="FALSE">Managed Areas</resTitle></idCitation><idAbs>&lt;DIV STYLE="text-align:Left;"&gt;&lt;DIV&gt;&lt;DIV&gt;&lt;P&gt;&lt;SPAN&gt;Montana's landscape is a complex, constantly changing patchwork of federal, state, private and tribal ownership. Within these ownerships are many kinds of designations, including wilderness, parks, wildlife areas, recreation areas, and conservation easements. Because information on land stewardship is critical to effective land management, the Montana Natural Heritage Program began integrating ownership and management data into a land stewardship mapping data system in 1997. The goal of the Montana Land Stewardship Mapping Project is to manage a single, statewide digital data set that incorporates information from both public and private entities. The project assembles information on land ownership and management, conservation easements, state and federal agencies, and land trusts on a regular basis, with a major database update occurring annually. The Montana Managed Areas layer contains information on special land designations that impact management decisions. Examples include Indian Reservations, National Wildlife Refuges, State Parks, and Wilderness Areas. Managed Area boundaries do no necessarily correspond to ownership boundaries; a Managed Area may be made up of fee lands, easements, leased lands, and/or other terms. The other Stewardship layers may be referred to for ownership and conservation easement information. Visit the Montana State Library Data List to obtain Conservation Easement and Public Lands data (http://msl.mt.gov/GIS/DataList). Map features in this data set are not intended as a legal depiction of public or private surface land ownership boundaries and should not be used in place of a survey conducted by a licensed land surveyor. Similarly, map features do not imply public access to any lands.&lt;/SPAN&gt;&lt;/P&gt;&lt;/DIV&gt;&lt;/DIV&gt;&lt;/DIV&gt;</idAbs><idPurp>Biological Applications: To assess the conservation status of a species one must know (1) how much of it there is (how many populations and individuals) and (2) how secure or threatened those populations and individuals are. The ownership and management status of the land is a large determinant of how secure the habitat that supports a given population may be. Private lands protected by conservation easements are less likely to have activities that would threaten the population than are unprotected private lands (activities like subdivision and development; ploughing; draining wetlands; mining; etc.) Similarly public lands designated as wilderness or research natural areas generally provide more secure habitat for species than do undesignated lands. Planning Applications: Land ownership and management information is essential for long- and short-term land use planning. This data also provides a useful basemap for many applications to help orient viewers.</idPurp><idStatus><ProgCd value="007"/></idStatus><idPoC><rpOrgName>Montana State Library</rpOrgName><rpCntInfo><cntPhone><voiceNum>(406) 444-5354</voiceNum><voiceNum tddtty="True">406-444-4799</voiceNum><faxNum>406-444-0266</faxNum></cntPhone><cntAddress addressType="postal"><delPoint>PO Box 201800</delPoint><city>Helena</city><adminArea>MT</adminArea><postCode>59620-1800</postCode><eMailAdd>geoinfo@mt.gov</eMailAdd></cntAddress></rpCntInfo><role><RoleCd value="007"/></role></idPoC><resMaint><maintFreq><MaintFreqCd value="008"/></maintFreq></resMaint><placeKeys><keyword>Montana</keyword></placeKeys><themeKeys><keyword>tnc preserve</keyword><keyword>land management</keyword><keyword>special designation</keyword><keyword>wilderness</keyword><keyword>Montana Administrative Boundaries</keyword><keyword>wilderness study area</keyword><keyword>administrative unit</keyword><keyword>conservation easement</keyword><keyword>Montana Administrative Boundaries Framework</keyword><keyword>Administrative Boundaries</keyword><keyword>Boundaries</keyword><keyword>outstanding natural area</keyword><keyword>land stewardship</keyword><keyword>wild and scenic river</keyword><keyword>Montana Boundaries</keyword><keyword>managed areas</keyword><keyword>state forest</keyword><keyword>land status</keyword></themeKeys><themeKeys><thesaName><resTitle>ISO 19115 Topic Category</resTitle></thesaName><keyword>environment</keyword><keyword>boundaries</keyword><keyword>planningCadastre</keyword></themeKeys><searchKeys><keyword>tnc preserve</keyword><keyword>land management</keyword><keyword>special designation</keyword><keyword>wilderness</keyword><keyword>Montana Administrative Boundaries</keyword><keyword>wilderness study area</keyword><keyword>environment</keyword><keyword>administrative unit</keyword><keyword>Montana</keyword><keyword>conservation easement</keyword><keyword>Montana Administrative Boundaries Framework</keyword><keyword>Administrative Boundaries</keyword><keyword>Boundaries</keyword><keyword>outstanding natural area</keyword><keyword>land stewardship</keyword><keyword>wild and scenic river</keyword><keyword>Montana Boundaries</keyword><keyword>managed areas</keyword><keyword>state forest</keyword><keyword>boundaries</keyword><keyword>land status</keyword><keyword>planningCadastre</keyword></searchKeys><resConst><LegConsts><useLimit>The user of this data agrees to release the Montana Natural Heritage Program; its officers; directors; agents; employees; and those acting on its behalf from all debts; claims; and liability of any kind arising out of or in connection with the use of the data. Please be aware that these data are frequently changed and updated. Rather than distribute the data to second parties, please refer interested parties to the Montana Natural Heritage Program for the most recent version of the data. Map features in this data set are not intended as a legal depiction of public or private surface land ownership boundaries and should not be used in place of a survey conducted by a licensed land surveyor. Similarly, map features do not imply public access to any lands. This land status data set may not be complete and may contain errors in boundary locations and/or coding. The Montana Natural Heritage Program makes no representations or warranties whatsoever with respect to the accuracy or completeness of the data and assumes no responsibility for the suitability of the data for a particular purpose. The Montana Natural Heritage Program will not be liable for any damages incurred as a result of errors in this data set. The Montana State Library provides this product/service for informational purposes only. The Library did not produce it for, nor is it suitable for legal, engineering, or surveying purposes. Consumers of this information should review or consult the primary data and information sources to ascertain the viability of the information for their purposes. The Library provides these data in good faith but does not represent or warrant its accuracy, adequacy, or completeness. In no event shall the Library be liable for any incorrect results or analysis; any direct, indirect, special, or consequential damages to any party; or any lost profits arising out of or in connection with the use or the inability to use the data or the services provided. The Library makes these data and services available as a convenience to the public, and for no other purpose. The Library reserves the right to change or revise published data and/or services at any time.</useLimit></LegConsts></resConst><resConst><Consts><useLimit>&lt;DIV STYLE="text-align:Left;"&gt;&lt;DIV&gt;&lt;DIV&gt;&lt;P&gt;&lt;SPAN&gt;The Montana State Library provides this product/service for informational purposes only. The Library did not produce it for, nor is it suitable for legal, engineering, or surveying purposes. Consumers of this information should review or consult the primary data and information sources to ascertain the viability of the information for their purposes. The Library provides these data in good faith but does not represent or warrant its accuracy, adequacy, or completeness. In no event shall the Library be liable for any incorrect results or analysis; any direct, indirect, special, or consequential damages to any party; or any lost profits arising out of or in connection with the use or the inability to use the data or the services provided. The Library makes these data and services available as a convenience to the public, and for no other purpose. The Library reserves the right to change or revise published data and/or services at any time.&lt;/SPAN&gt;&lt;/P&gt;&lt;/DIV&gt;&lt;/DIV&gt;&lt;/DIV&gt;</useLimit></Consts></resConst><spatRpType><SpatRepTypCd value="001"/></spatRpType><dataLang><languageCode value="eng"/><countryCode value="USA" Sync="TRUE"/></dataLang><dataExt><exDesc>publication date</exDesc><tempEle><TempExtent><exTemp><TM_Instant><tmPosition>2016-10-14</tmPosition></TM_Instant></exTemp></TempExtent></tempEle></dataExt><dataExt><geoEle><GeoBndBox><westBL>-116.178344</westBL><eastBL>-103.611154</eastBL><southBL>44.238009</southBL><northBL>49.180938</northBL></GeoBndBox></geoEle></dataExt><envirDesc Sync="TRUE">Microsoft Windows 7 Version 6.1 (Build 7601) Service Pack 1; Esri ArcGIS 10.5.1.7333</envirDesc><dataExt><geoEle xmlns=""><GeoBndBox esriExtentType="search"><exTypeCode Sync="TRUE">1</exTypeCode><westBL Sync="TRUE">-116.191560</westBL><eastBL Sync="TRUE">-103.673574</eastBL><northBL Sync="TRUE">49.180871</northBL><southBL Sync="TRUE">44.236992</southBL></GeoBndBox></geoEle></dataExt><tpCat><TopicCatCd value="007"/></tpCat><tpCat><TopicCatCd value="015"/></tpCat><tpCat><TopicCatCd value="003"/></tpCat></dataIdInfo><dqInfo><dqScope><scpLvl><ScopeCd value="005"/></scpLvl></dqScope><report type="DQCompOm"><evalMethDesc>Data are updated on an annual basis. This dataset is a work in progress; it contains errors of omission and errors in current attributes. Please note that this dataset contains information on surface status only. The dataset contains no information about ownership or status of the mineral estate. Map features in this data set are not intended as a legal depiction of public or private surface land ownership boundaries and should not be used in place of a survey conducted by a licensed land surveyor. Similarly, map features do not imply public access to any lands.</evalMethDesc></report><report type="DQCompOm"><measDesc>Data are updated on an annual basis. This dataset is a work in progress; it contains errors of omission and errors in current attributes. Please note that this dataset contains information on surface status only. The dataset contains no information about ownership or status of the mineral estate. Map features in this data set are not intended as a legal depiction of public or private surface land ownership boundaries and should not be used in place of a survey conducted by a licensed land surveyor. Similarly, map features do not imply public access to any lands.</measDesc></report><report type="DQQuanAttAcc"><measDesc>Much of the attribute data originally came from the June 1998 version of the U.S. Geological Survey (USGS) National Gap Analysis Program (GAP) Project Protected Areas Data (PAD) / Montana GAP Stewardship dataset. The original dataset has been reviewed and edited. New designations are added as they become known. Recently updated designations include BLM Wilderness Study Area and many Montana Fish, Wildlife and Parks designations such as Fishing Access Sites and State Parks.</measDesc></report><report type="DQAbsExtPosAcc" dimension="horizontal"><measDesc>The Managed Area dataset is mostly 1:100,000 scale (100K) data with a horizontal accuracy of approximately 170 feet. Originally from the Bureau of Land Management (BLM) 100K Public Land Survey and Ownership layers digitized from BLM 100K Surface Management Status maps in 1995-1996. Newer additions to the data are often more accurate (1:24000 scale (24K) data with a horizontal accuracy of approximately 40 feet). All other Stewardship layers (Conservation Easements, Public Lands, and Private Conservation Lands) were originally registered to the Geographic Coordinate Database (GCDB) used by the Montana Cadastral Database. All layers have now been adjusted to the most recent version of the CadNSDI Montana maintained by the Montana State Library. CadNSDI Montana is the current, authoritative source for the most accurate GIS representation of the Public Land Survey System (PLSS) used by the Montana Cadastral Database. Please refer to the Montana Cadastral Database metadata for positional accuracy information(http://msl.mt.gov/GIS/Cadastral). The Managed Area data is intended to be registered to this standard on an annual basis. Thus, keep in mind that Managed Areas may not align with other Stewardship layers until this work is complete.</measDesc></report><dataLineage><dataSource xmlns="" type=""><srcDesc>BLM Wilderness Areas and Wilderness Study Areas</srcDesc><srcMedName><MedNameCd value="015"/></srcMedName><srcCitatn xmlns=""><resTitle>BLM Wilderness Areas and Wilderness Study Areas</resTitle><date><pubDate>2018-05-11T00:00:00</pubDate></date><citRespParty xmlns=""><rpOrgName>US Bureau of Land Management</rpOrgName><rpCntInfo xmlns=""><cntAddress addressType=""><delPoint>Montana/Dakotas</delPoint></cntAddress></rpCntInfo><role><RoleCd value="010"/></role></citRespParty><citRespParty xmlns=""><rpOrgName>US Bureau of Land Management</rpOrgName><role><RoleCd value="006"/></role></citRespParty><citOnlineRes xmlns=""><linkage>https://landscape.blm.gov/geoportal/catalog/BLMNational/BLMNational.page</linkage></citOnlineRes></srcCitatn><srcExt xmlns=""><exDesc>publication date</exDesc><tempEle><TempExtent><exTemp><TM_Instant><tmPosition>2018-05-11T00:00:00</tmPosition></TM_Instant></exTemp></TempExtent></tempEle></srcExt></dataSource><dataSource xmlns="" type=""><srcDesc>State Forests added and updated.</srcDesc><srcMedName><MedNameCd value="015"/></srcMedName><srcCitatn xmlns=""><resTitle>StateForest</resTitle><date><pubDate>2018-11-26T00:00:00</pubDate></date><citRespParty xmlns=""><rpOrgName>Montana Department of Natural Resources and Conservation</rpOrgName><role><RoleCd value="006"/></role></citRespParty><citRespParty xmlns=""><rpOrgName>Montana Department of Natural Resources and Conservation</rpOrgName><rpCntInfo><cntAddress><delPoint>Helena, MT</delPoint></cntAddress></rpCntInfo><role><RoleCd value="010"/></role></citRespParty></srcCitatn><srcExt xmlns=""><exDesc>publication date</exDesc><tempEle><TempExtent><exTemp><TM_Instant><tmPosition>2018-11-26T00:00:00</tmPosition></TM_Instant></exTemp></TempExtent></tempEle></srcExt></dataSource><dataSource xmlns="" type=""><srcDesc>Provided data for new and updated BLM Wild and Scenic Rivers.</srcDesc><srcMedName><MedNameCd value="015"/></srcMedName><srcCitatn xmlns=""><resTitle>Wild and Scenic Rivers</resTitle><date><pubDate>2018-05-11T00:00:00</pubDate></date><citRespParty xmlns=""><rpOrgName>US Bureau of Land Management</rpOrgName><role><RoleCd value="006"/></role></citRespParty><citRespParty xmlns=""><rpOrgName>BLM Montana State Office</rpOrgName><rpCntInfo><cntAddress><delPoint>Billings, MT</delPoint></cntAddress></rpCntInfo><role><RoleCd value="010"/></role></citRespParty></srcCitatn><srcExt xmlns=""><exDesc>publication date</exDesc><tempEle><TempExtent><exTemp><TM_Instant><tmPosition>2018-05-11T00:00:00</tmPosition></TM_Instant></exTemp></TempExtent></tempEle></srcExt></dataSource><dataSource xmlns="" type=""><srcDesc>Fishing Access Sites managed by Montana Fish, Wildlife and Parks</srcDesc><srcMedName><MedNameCd value="015"/></srcMedName><srcCitatn xmlns=""><resTitle>Fishing Access Sites (Polygons)</resTitle><date><pubDate>2015-06-01</pubDate></date><citRespParty xmlns=""><rpOrgName>Montana Fish, Wildlife and Parks</rpOrgName><role><RoleCd value="006"/></role></citRespParty><citRespParty xmlns=""><rpOrgName>Montana Fish, Wildlife and Parks</rpOrgName><rpCntInfo><cntAddress><delPoint>Helena, MT</delPoint></cntAddress></rpCntInfo><role><RoleCd value="010"/></role></citRespParty><citOnlineRes xmlns=""><linkage>http://fwp.mt.gov/doingBusiness/reference/gisData/dataDownload.html#Bou</linkage></citOnlineRes></srcCitatn><srcExt xmlns=""><exDesc>publication date</exDesc><tempEle><TempExtent><exTemp><TM_Instant><tmPosition>2019-02-25T00:00:00</tmPosition></TM_Instant></exTemp></TempExtent></tempEle></srcExt></dataSource><dataSource xmlns="" type=""><srcDesc>Wildlife Management Areas and Wildlife Habitat Protection Areas managed by Montana Fish, Wildlife and Parks.</srcDesc><srcMedName><MedNameCd value="015"/></srcMedName><srcCitatn xmlns=""><resTitle>Wildlife Management Areas (Polygons)</resTitle><date><pubDate>2016-09-19</pubDate></date><citRespParty><rpOrgName>Montana Fish, Wildlife and Parks</rpOrgName><rpCntInfo><cntAddress><delPoint>Helena, MT</delPoint></cntAddress></rpCntInfo><role><RoleCd value="010"/></role></citRespParty><citRespParty><rpOrgName>Montana Fish, Wildlife and Parks</rpOrgName><role><RoleCd value="006"/></role></citRespParty><citOnlineRes><linkage>http://fwp.mt.gov/doingBusiness/reference/maps/#Bou</linkage></citOnlineRes></srcCitatn><srcExt xmlns=""><exDesc>publication date</exDesc><tempEle><TempExtent><exTemp><TM_Instant><tmPosition>2019-02-25T00:00:00</tmPosition></TM_Instant></exTemp></TempExtent></tempEle></srcExt></dataSource><dataSource xmlns="" type=""><srcDesc>The BLM began digitizing their 100K surface management status maps (most of which were published in the late 1970s and early 1980s) in circa 1995. That digital layer has been continuously corrected and updated since its inception. The 19961210 version of that layer was the basis for the GAP9806 layer. The Montana State Library downloads the latest version each year to update the managed areas dataset.</srcDesc><srcScale><rfDenom>100000</rfDenom></srcScale><srcCitatn xmlns=""><resTitle>Surface Management</resTitle><date><pubDate>2015-06-01</pubDate></date><citRespParty><rpOrgName>Montana Office, U.S. Bureau of Land Management</rpOrgName><rpCntInfo><cntAddress><delPoint>Billings</delPoint></cntAddress></rpCntInfo><role><RoleCd value="010"/></role></citRespParty><citRespParty><rpOrgName>Bureau of Land Management</rpOrgName><role><RoleCd value="006"/></role></citRespParty><presForm><PresFormCd value="006"/></presForm><presForm><fgdcGeoform>map</fgdcGeoform></presForm></srcCitatn><srcExt xmlns=""><exDesc>calendar date</exDesc><tempEle><TempExtent><exTemp><TM_Instant><tmPosition>2018-05-11T00:00:00</tmPosition></TM_Instant></exTemp></TempExtent></tempEle></srcExt></dataSource><dataSource xmlns="" type=""><srcDesc>State Parks managed by Montana Fish, Wildlife and Parks</srcDesc><srcMedName><MedNameCd value="015"/></srcMedName><srcCitatn xmlns=""><resTitle>State Parks (Polygons)</resTitle><date><pubDate>2016-09-19</pubDate></date><citRespParty><rpOrgName>Montana Fish, Wildlife and Parks</rpOrgName><role><RoleCd value="006"/></role></citRespParty><citRespParty><rpOrgName>Montana Fish, Wildlife and Parks</rpOrgName><rpCntInfo><cntAddress><delPoint>Helena, MT</delPoint></cntAddress></rpCntInfo><role><RoleCd value="010"/></role></citRespParty><citOnlineRes><linkage>http://fwp.mt.gov/doingBusiness/reference/maps/#Bou</linkage></citOnlineRes></srcCitatn><srcExt xmlns=""><exDesc>publication date</exDesc><tempEle><TempExtent><exTemp><TM_Instant><tmPosition>2019-02-25T00:00:00</tmPosition></TM_Instant></exTemp></TempExtent></tempEle></srcExt></dataSource><dataSource xmlns="" type=""><srcDesc>Updated boundaries of Indian Reservations in Montana.</srcDesc><srcMedName><MedNameCd value="015"/></srcMedName><srcCitatn xmlns=""><resTitle>Montana Reservations</resTitle><date><pubDate>2016-09-30</pubDate></date><citRespParty><rpOrgName>Montana State Library</rpOrgName><rpCntInfo><cntAddress><delPoint>Helena, MT</delPoint></cntAddress></rpCntInfo><role><RoleCd value="010"/></role></citRespParty><citRespParty><rpOrgName>Montana Base Map Service Center</rpOrgName><role><RoleCd value="006"/></role></citRespParty><citOnlineRes><linkage>http://msl.mt.gov/GIS/Boundaries</linkage></citOnlineRes></srcCitatn><srcExt xmlns=""><exDesc>publication date</exDesc><tempEle><TempExtent><exTemp><TM_Instant><tmPosition>2019-02-11T00:00:00</tmPosition></TM_Instant></exTemp></TempExtent></tempEle></srcExt></dataSource><dataSource xmlns="" type=""><srcDesc>This dataset provided all the information for the Forest Service updates made to the Managed Area layer in 5/20/2018.</srcDesc><srcCitatn xmlns=""><resTitle>National Forest Service Boundaries</resTitle><date><pubDate>2018-05-11T00:00:00</pubDate></date><citRespParty xmlns=""><rpOrgName>USDA Forest Service</rpOrgName><rpCntInfo xmlns=""><cntAddress addressType=""><delPoint>Salt Lake City, UT</delPoint></cntAddress></rpCntInfo><role><RoleCd value="010"/></role></citRespParty><citRespParty xmlns=""><rpOrgName>USDA Forest Service - FSGeodata Clearinghouse</rpOrgName><role><RoleCd value="006"/></role></citRespParty><citOnlineRes xmlns=""><linkage>https://data.fs.usda.gov/geodata/edw/datasets.php?dsetCategory=boundaries</linkage></citOnlineRes></srcCitatn></dataSource><dataSource xmlns="" type=""><srcDesc>Source of information on land ownership according to county records. The Montana State Library (MSL) uses those records to create a digital GIS layer of parcel boundaries with parcels (polygons) coded with the Department of Revenue tax-id number. Then MSL uses this layer to verify and correct land status data and parcel boundaries from other sources (although the Cadastral Project data are often not accurate for public lands; since they are not taxed).</srcDesc><srcScale><rfDenom>24000</rfDenom></srcScale><srcCitatn xmlns=""><resTitle>Montana Cadastral Mapping Project</resTitle><date><pubDate>2016-01-01</pubDate></date><citRespParty><rpOrgName>Montana Base Map Service Center</rpOrgName><role><RoleCd value="006"/></role></citRespParty><citRespParty><rpOrgName>Montana State Library</rpOrgName><rpCntInfo><cntAddress><delPoint>Helena; Montana</delPoint></cntAddress></rpCntInfo><role><RoleCd value="010"/></role></citRespParty><presForm><PresFormCd value="006"/></presForm><presForm><fgdcGeoform>map</fgdcGeoform></presForm></srcCitatn><srcExt xmlns=""><exDesc>publication date</exDesc><tempEle><TempExtent><exTemp><TM_Period><tmBegin>2000-01-01</tmBegin><tmEnd>2016-01-01</tmEnd></TM_Period></exTemp></TempExtent></tempEle></srcExt></dataSource><dataSource xmlns="" type=""><srcDesc>NHD linework is used to represent water features (lakes, reservoirs, and rivers) included in this stewardship layer. Where linework errors occur in the NHD version used, 1992 TIGER linework was used to 'fill in'.</srcDesc><srcScale><rfDenom>100000</rfDenom></srcScale><srcCitatn xmlns=""><resTitle>National Hydrography Dataset</resTitle><date><pubDate>2002-05-03</pubDate></date><citRespParty><rpOrgName>U.S. Geological Survey</rpOrgName><role><RoleCd value="006"/></role></citRespParty><citRespParty><rpOrgName>U.S. Geological Survey</rpOrgName><rpCntInfo><cntAddress><delPoint>Reston, VA</delPoint></cntAddress></rpCntInfo><role><RoleCd value="010"/></role></citRespParty><presForm><PresFormCd value="006"/></presForm><presForm><fgdcGeoform>map</fgdcGeoform></presForm></srcCitatn><srcExt xmlns=""><exDesc>publication date</exDesc><tempEle><TempExtent><exTemp><TM_Period><tmBegin>1997-06-22</tmBegin><tmEnd>2002-05-03</tmEnd></TM_Period></exTemp></TempExtent></tempEle></srcExt></dataSource><dataSource xmlns="" type=""><srcDesc>The current layer is an edited and reformatted version of this source.</srcDesc><srcScale><rfDenom>100000</rfDenom></srcScale><srcCitatn xmlns=""><resTitle>Montana Gap Stewardship</resTitle><date><pubDate>1998-06-30</pubDate></date><citRespParty><rpOrgName>University of Montana Wildlife Spatial Analysis Lab</rpOrgName><role><RoleCd value="006"/></role></citRespParty><citRespParty><rpOrgName>Wildlife Spatial Analysis Laboratory</rpOrgName><rpCntInfo><cntAddress><delPoint>Missoula</delPoint></cntAddress></rpCntInfo><role><RoleCd value="010"/></role></citRespParty><presForm><PresFormCd value="006"/></presForm><presForm><fgdcGeoform>map</fgdcGeoform></presForm></srcCitatn><srcExt xmlns=""><exDesc>calendar date</exDesc><tempEle><TempExtent><exTemp><TM_Instant><tmPosition>1998-06-30</tmPosition></TM_Instant></exTemp></TempExtent></tempEle></srcExt></dataSource><prcStep xmlns=""><stepDesc>Changed the original (GAP9806) attributes by deleting all and replacing with OWN; EASE; LEASE; DESIG. Used reselects on OWNER/MANAGER from the GAP9806 layer to populate the new fields.</stepDesc><stepDateTm>1998-10-01</stepDateTm></prcStep><prcStep xmlns=""><stepDesc>Ownership data were updated based on datasets obtained from the following agencies: Glacier National Park; Kootenai National Forest; Flathead National Forest; Gallatin National Forest; Lewis and Clark National Forest.</stepDesc><stepDateTm>2001-05-01</stepDateTm></prcStep><prcStep xmlns=""><stepDesc>The original GAP9806 data had a number of polygons with no ownership data; mostly along the southern boundary of the Fort Peck Indian Reservation. These were either eliminated or coded based on information in the 200009 BLM 100K ownership layer or by simply extending existing arcs to intersect the current reservation boundary or Missouri River arcs. Ownership and/or boundaries for polygons with ID = '?' is really just a guess; and data quality in such areas should be considered poor.</stepDesc><stepDateTm>2001-05-01</stepDateTm></prcStep><prcStep xmlns=""><stepDesc>Several very large complex polygons (private ownership in eastern Montana) were interfering with certain map applications. These were arbitrarily split up and the arcs and labels added to do so were labelled with EX = 'x'.</stepDesc><stepDateTm>2001-06-01</stepDateTm></prcStep><prcStep xmlns=""><stepDesc>Conservation easement data were entered and/or checked and coded with ID numbers supplied by the individual land trusts for all easements through Year 2000 for the following land trusts: Flathead Land Trust; Five Valleys Land Trust; Montana Land Reliance; Rocky Mountain Elk Foundation; The Nature Conservancy; Gallatin Valley Land Trust.</stepDesc><stepDateTm>2001-06-01</stepDateTm></prcStep><prcStep xmlns=""><stepDesc>The original BLM coverage contained many 'dog-legs' in arcs that cross 100K quad boundaries; plus many extraneous vertices and occasional split polygons. These were removed by editing on-screen over a 100K quad background layer (but many extraneous vertices likely remain).</stepDesc><stepDateTm>2001-08-01</stepDateTm></prcStep><prcStep xmlns=""><stepDesc>Census 2000 and Cadastral (CAD) data were used to add off-reservation BIA trust lands where the two sources agreed.</stepDesc><stepDateTm>2001-09-01</stepDateTm></prcStep><prcStep xmlns=""><stepDesc>Boundaries delineating wilderness recommendations and other management decisions from national forest land-management plans were deleted. (These data had been added by the GAP Project.)</stepDesc><stepDateTm>2001-10-01</stepDateTm></prcStep><prcStep xmlns=""><stepDesc>Data relating to the mineral estate; namely (1) polygons coded as being "withdrawn" and (2) distinctions between "public domain" and "acquired" or "LU" or "Bankhead-Jones" lands; were deleted by editing parcel by parcel (a manual 'dissolve'). This process occasionally included edits based on cadastral (CAD) data; for example along the Canadian border from 106-110 W longitude.</stepDesc><stepDateTm>2001-11-01</stepDateTm></prcStep><prcStep xmlns=""><stepDesc>Completed integrating Montana Fish Wildlife and Parks data for lands owned or leased or under easement by the department. This is mostly COGO data initially received from NRIS April 2000 An updated version of these data was received November 2001 and used to update 'stew'; and edits continue to be made as data are supplied by MFWP. Arcs are incorporated unchanged when there are no or few existing and conflicting arcs in 'stew' (existing arcs are moved to align with the MFWP data.) When there are many conflicting arcs; the MFWP parcels are added using or based on the existing 100K data.</stepDesc><stepDateTm>2001-12-01</stepDateTm></prcStep><prcStep xmlns=""><stepDesc>Data for the Flathead Indian Reservation (especially for tribal vs allotted lands) was updated based on a February 1999 map produced by the Confederated Salish and Kootenai Tribes. Parcels were digitized on-screen over a TIFF image obtained by scanning and rectifying the map.</stepDesc><stepDateTm>2001-12-01</stepDateTm></prcStep><prcStep xmlns=""><stepDesc>Data for state trust lands were corrected by comparing against tabular data (section/acres/legal) obtained from DNRC and then editing on-screen.</stepDesc><stepDateTm>2002-01-01</stepDateTm></prcStep><prcStep xmlns=""><stepDesc>Data for Research Natural Areas and US Forest Service Special Interest Areas were checked and updated and coded with designation dates based on information from the Regional Office in Missoula (Steve Shelly).</stepDesc><stepDateTm>2002-02-01</stepDateTm></prcStep><prcStep xmlns=""><stepDesc>The Plum Creek Timber Company ownership data were updated based on a 20010120 dataset from Plum Creek and then updated again based on a dataset current as of 200201 that also excludes lands for which Plum Creek just holds timber rights.</stepDesc><stepDateTm>2002-03-01</stepDateTm></prcStep><prcStep xmlns=""><stepDesc>Conservation easement data were entered and coded with ID numbers and recordation dates supplied by the individual land trusts for all easements through Year 2001 for the following land trusts: Montana Land Reliance; Rocky Mountain Elk Foundation; The Nature Conservancy; Gallatin Valley Land Trust; Prickly Pear Land Trust; Five Valleys Land Trust.</stepDesc><stepDateTm>2002-03-01</stepDateTm></prcStep><prcStep xmlns=""><stepDesc>Many arc and label features were added so as to incorporate administrative units such as national forest ranger districts; BLM Field Offices; DNRC Lands Offices; MFWP Regional Offices; and Indian Reservations. The additional arc and label features are necessary to split parcels that straddle these administrative units. The added features are flagged with an attribute (EX) so that they can be removed if desired.</stepDesc><stepDateTm>2002-06-01</stepDateTm></prcStep><prcStep xmlns=""><stepDesc>Extensive edits to included water polys were made to standardize which water features are included. All lake and reservoir polygons were deleted except (a) those with more than 100 acres and (b) those named features with more than 40 acres. All riverine polygons were deleted except those for the following rivers: - Kootenai - all in Montana - Clark Fork - below Bonner (Blackfoot River) - Flathead - all - North Fork - below Logging Creek - Middle Fork - below McDonald Creek - South Fork - below Hungry Horse Dam - Missouri - all in Montana - Yellowstone - all in Montana - Bighorn - all in Montana In addition all islands were deleted except those larger than 10 acres that occur within included water features. Linework for water features to be retained was replaced with the version in the NHD (where and if it differed.) All included water features were coded for ownership.</stepDesc><stepDateTm>2002-11-01</stepDateTm></prcStep><prcStep xmlns=""><stepDesc>Incorporated BLM wilderness study areas (WSAs) as per data received from BLM website (10/15/2002). Areas along the Missouri are very complex with 4 designations (ACEC WSA NM WSR) overlapping. The Centennial Mtns area is confusing too due to overlapping WSA and PRIMITIVE designations plus ownership changes since both were designated.</stepDesc><stepDateTm>2002-11-01</stepDateTm></prcStep><prcStep xmlns=""><stepDesc>The Plum Creek Timber Company ownership data were updated based on a data set received from them, dated 1/20/2003.</stepDesc><stepDateTm>2003-05-01</stepDateTm></prcStep><prcStep xmlns=""><stepDesc>Conservation easement data were entered and coded with ID Numbers and recordation dates supplied by the individual land trusts for year 2002 easements for the following land trusts: Montana Land Reliance, Rocky Mountain Elk Foundation, The Nature Conservancy, Gallatin Valley Land Trust, and the Five Valleys Land Trust.</stepDesc><stepDateTm>2003-05-01</stepDateTm></prcStep><prcStep xmlns=""><stepDesc>Year 2003 conservation easements were added for The Nature Conservancy, Montana Land Reliance, Five Valleys Land Trust; several new US Fish and Wildlife Service easements were added; several new Montana Fish Wildlife and Parks fee and easement acquisitions were added; and some ownership adjustments between US Forest Service and private in the Taylor's Fork area of the Gallatin NF were made.</stepDesc><stepDateTm>2004-06-01</stepDateTm></prcStep><prcStep xmlns=""><stepDesc>Updated database to reflect land exchanges involving Plum Creek, the Nature Conservancy, and Fish, Wildlife and Parks in the Blackfoot river basin, and other ownership changes and new easements across the state.</stepDesc><stepDateTm>2004-10-01</stepDateTm></prcStep><prcStep xmlns=""><stepDesc>Various updates to the data: new conservation easements for 2004 for The Nature Conservancy; Montana Land Reliance; Five Valleys Land Trust; Gallatin Valley Land Trust; Bitterroot Land Trust; Prickly Pear Land Trust and US Fish and Wildlife Service; plus updates to Montana Fish Wildlife and Parks areas. Also updated BLM ownership for the Butte Field Office, based on data received from B. Mueller on 20050616; updated Plum Creek Timber Co. (PCTC) ownership based on a January 2005 data layer received from J. Woods of PCTC; and updated CMR NWR ownership based on USFWS 'Guidemaps' produced on 20040624.</stepDesc><stepDateTm>2005-06-01</stepDateTm></prcStep><prcStep xmlns=""><stepDesc>Data was imported to a Geodatabase and split into four feature classes: Ownership, Easements, Leases, and Managed_Areas. In the Ownership layer, Private Lands were eliminated. All areas not attributed in the Ownership layer can be assumed to be private. Limited Ownership updates were made where data was available (from Gallatin National Forest, Montana Fish, Wildlife and Parks, and the Nature Conservancy). Little effort was made to gather further ownership data due to the work in this area that is being done by the Department of Administration. Conservations Easements were updated for the US Fish and Wildlife Service, Montana Fish, Wildlife and Parks, The Nature Conservancy, Montana Land Reliance, Five Valleys Land Trust, Gallatin Valley Land Trust, Prickly Pear Land Trust, and the Vital Ground Foundation. Leases were not updated. One new Managed Area was added, the Rocky Mountain Front Conservation Area, for the US Fish and Wildlife Service.</stepDesc><stepDateTm>2006-12-01</stepDateTm></prcStep><prcStep xmlns=""><stepDesc>Many changes have been made to this layer in this edit cycle: The most significant change is in the way the data is managed which will be largely transparent to the user. Previously, all Managed Areas were maintained in one GIS layer. They are now broken down into several, according to managing agency, such as MA_BLM, or MA_State. In addition, several managed areas come directly from other layers, such as "Montana Land Reliance - Conservation Easements" (from the Easements layer) or "BLM: Billings Field Office" (from the Ownership layer). These areas are maintained in their native layer and imported to the Managed Areas layer using the MA_ID which is now contained in the Easements and Ownership layers. In addition, contact information for many Managed Areas was updated, and MA_Type was updated and documented for consistency and ease of interpretation. Finally, several Managed Areas were added to the database including: State Parks, Forest Service Wilderness Study Areas, one Forest Service Research Natural Area, one Forest Service National Recreation Area, one Forest Service Wildlife Management Area, some TNC Preserves, and some "Conservation Easement" Managed Areas for Land Trusts that did not already have Managed Areas documented. BLM Wilderness Study Areas were updated to include some that were missing, and to break up the large, multi-parted polygon that contained all BLM WSA's into individual polygons depicting one WSA each.</stepDesc><stepDateTm>2008-06-01</stepDateTm></prcStep><prcStep xmlns=""><stepDesc>Many changes have been made to the Montana Managed Areas data for the 2010 edition. Data that is better managed in other Stewardship layers are no longer included in the Managed Areas layer. This includes Conservation Easements and several ownership-based areas: State Trust Lands, and lands owned by the US Bureau of Land Management, Montana Fish, Wildlife and Parks and The Nature Conservancy. Lands owned by Plum Creek Timber Company have been deleted from Stewardship altogether due to the difficulty of maintaining this data. Manager's address and phone number attributes have also been deleted from the Managed Area layer. Management of these data were deemed unnecessary in the age of the Internet. Data that were updated and/or added for this edition include: Indian Reservations, BLM Field Office Boundaries and Areas of Critical Environmental Concern (ACEC), FWP State Parks, Fishing Access Sites, Wildlife Management Areas, and Wildlife Habitat Protection Areas and DNRC State Forests.</stepDesc><stepDateTm>2010-07-01</stepDateTm></prcStep><prcStep xmlns=""><stepDesc>Managed Areas have been spatially aligned to the Geographic Coordinate Database (GCDB) used by the Montana Cadastral Database. During this process, many Managed Areas were checked and confirmed against recent source data with corrections and updates made where necessary. New Managed Areas were added as needed including some BLM ACEC's, MFWP Wildlife Mangement Areas, and Manning Lake Tribal Wildlife Refuge. Several BLM Areas of Critical Environmental Concern were removed at the request of the BLM State Office due to restricted status. BLM Field Office boundaries were removed and will be offered in a separate layer. TNC Macrosites were removed as TNC indicated they were no longer used this designation.</stepDesc><stepDateTm>2011-08-01</stepDateTm></prcStep><prcStep xmlns=""><stepDesc>Managed Areas have been spatially aligned to the March 2016 Montana CadNSDI used by the Montana Cadastral Database. During this process, all of the datasets were obtained from their source and updated in the database. The Montana Fish, Wildlife, and Parks State Parks and Wildlife Management Areas are current as of 20160919. All other datasets are current as of 201506.</stepDesc><stepDateTm>2016-09-30T00:00:00</stepDateTm></prcStep><prcStep xmlns=""><stepDesc>All of the managed areas were reviewed and compared with the source datasets, and updated in the database for download and for the web map service.  Please see the SourceDate field for date that source data was reviewed.</stepDesc><stepDateTm>2019-03-05T00:00:00</stepDateTm></prcStep></dataLineage></dqInfo><eainfo><detailed Name="ManagedAreas"><enttyp><enttypl Sync="TRUE">ManagedAreas</enttypl><enttypt Sync="TRUE">Feature Class</enttypt><enttypc Sync="TRUE">1148</enttypc></enttyp><attr><attrlabl>MAName</attrlabl><attrdef>Name of Managed Area.</attrdef><attalias Sync="TRUE">MANAME</attalias><attrtype Sync="TRUE">String</attrtype><attwidth Sync="TRUE">200</attwidth><atprecis Sync="TRUE">0</atprecis><attscale Sync="TRUE">0</attscale></attr><attr><attrlabl>Manager</attrlabl><attrdef>Manager for the Managed Area.</attrdef><attalias Sync="TRUE">MANAGER</attalias><attrtype Sync="TRUE">String</attrtype><attwidth Sync="TRUE">250</attwidth><atprecis Sync="TRUE">0</atprecis><attscale Sync="TRUE">0</attscale></attr><attr><attrlabl>MA_ID</attrlabl><attrdef>Unique identifier for each Managed Area, linking to the MTNHP Biotics Database, where other MA information is stored.</attrdef><attalias Sync="TRUE">MA_ID</attalias><attrtype Sync="TRUE">Double</attrtype><attwidth Sync="TRUE">8</attwidth><atprecis Sync="TRUE">0</atprecis><attscale Sync="TRUE">0</attscale></attr><attr><attrlabl>Acres</attrlabl><attrdef>Managed Area acres, as calculated by the GIS.</attrdef><attalias Sync="TRUE">ACRES</attalias><attrtype Sync="TRUE">Double</attrtype><attwidth Sync="TRUE">8</attwidth><atprecis Sync="TRUE">0</atprecis><attscale Sync="TRUE">0</attscale></attr><attr><attrlabl>InstType</attrlabl><attrdef>Value definition for the first letter of MAType, representing the type of institution of the managing agency.</attrdef><attalias Sync="TRUE">INSTTYPE</attalias><attrtype Sync="TRUE">String</attrtype><attwidth Sync="TRUE">10</attwidth><atprecis Sync="TRUE">0</atprecis><attscale Sync="TRUE">0</attscale></attr><attr><attrlabl>MA_Type</attrlabl><attrdef>Type of Managed Area. This field is a composite code that is parsed and defined in the fields InstType, Inst, and UnitType.</attrdef><attalias Sync="TRUE">MA_TYPE</attalias><attrtype Sync="TRUE">String</attrtype><attwidth Sync="TRUE">5</attwidth><atprecis Sync="TRUE">0</atprecis><attscale Sync="TRUE">0</attscale></attr><attr><attrlabl>Shape</attrlabl><attrdef>Feature geometry.</attrdef><attrdefs>ESRI</attrdefs><attrdomv><udom>Coordinates defining the features.</udom></attrdomv><attalias Sync="TRUE">Shape</attalias><attrtype Sync="TRUE">Geometry</attrtype><attwidth Sync="TRUE">0</attwidth><atprecis Sync="TRUE">0</atprecis><attscale Sync="TRUE">0</attscale></attr><attr><attrlabl>UnitType</attrlabl><attrdef>Value definition for the last two letters of MAType, representing the type of administrative unit of the managed area.</attrdef><attalias Sync="TRUE">UNITTYPE</attalias><attrtype Sync="TRUE">String</attrtype><attwidth Sync="TRUE">150</attwidth><atprecis Sync="TRUE">0</atprecis><attscale Sync="TRUE">0</attscale></attr><attr><attrlabl>OBJECTID</attrlabl><attrdef>Internal feature number</attrdef><attrdefs>ESRI</attrdefs><attrdomv><udom>Sequential unique whole numbers that are automatically generated.</udom></attrdomv><attalias Sync="TRUE">OBJECTID</attalias><attrtype Sync="TRUE">OID</attrtype><attwidth Sync="TRUE">4</attwidth><atprecis Sync="TRUE">0</atprecis><attscale Sync="TRUE">0</attscale></attr><attr><attrlabl>Inst</attrlabl><attrdef>Value definition for the second two letters of MAType, representing the institution of the managing agency.</attrdef><attalias Sync="TRUE">INST</attalias><attrtype Sync="TRUE">String</attrtype><attwidth Sync="TRUE">75</attwidth><atprecis Sync="TRUE">0</atprecis><attscale Sync="TRUE">0</attscale></attr><attr><attrlabl Sync="TRUE">DataSource</attrlabl><attalias Sync="TRUE">DataSource</attalias><attrtype Sync="TRUE">String</attrtype><attwidth Sync="TRUE">250</attwidth><atprecis Sync="TRUE">0</atprecis><attscale Sync="TRUE">0</attscale></attr><attr><attrlabl Sync="TRUE">SourceDate</attrlabl><attalias Sync="TRUE">SourceDate</attalias><attrtype Sync="TRUE">Date</attrtype><attwidth Sync="TRUE">8</attwidth><atprecis Sync="TRUE">0</atprecis><attscale Sync="TRUE">0</attscale></attr><attr><attrlabl Sync="TRUE">URL</attrlabl><attalias Sync="TRUE">URL</attalias><attrtype Sync="TRUE">String</attrtype><attwidth Sync="TRUE">250</attwidth><atprecis Sync="TRUE">0</atprecis><attscale Sync="TRUE">0</attscale></attr><attr><attrlabl Sync="TRUE">EditDate</attrlabl><attalias Sync="TRUE">EditDate</attalias><attrtype Sync="TRUE">Date</attrtype><attwidth Sync="TRUE">8</attwidth><atprecis Sync="TRUE">0</atprecis><attscale Sync="TRUE">0</attscale></attr><attr><attrlabl Sync="TRUE">Editor</attrlabl><attalias Sync="TRUE">Editor</attalias><attrtype Sync="TRUE">String</attrtype><attwidth Sync="TRUE">10</attwidth><atprecis Sync="TRUE">0</atprecis><attscale Sync="TRUE">0</attscale></attr><attr><attrlabl Sync="TRUE">SourceName</attrlabl><attalias Sync="TRUE">SourceName</attalias><attrtype Sync="TRUE">String</attrtype><attwidth Sync="TRUE">200</attwidth><atprecis Sync="TRUE">0</atprecis><attscale Sync="TRUE">0</attscale></attr><attr><attrlabl Sync="TRUE">Shape_Length</attrlabl><attalias Sync="TRUE">Shape_Length</attalias><attrtype Sync="TRUE">Double</attrtype><attwidth Sync="TRUE">8</attwidth><atprecis Sync="TRUE">0</atprecis><attscale Sync="TRUE">0</attscale><attrdef Sync="TRUE">Length of feature in internal units.</attrdef><attrdefs Sync="TRUE">Esri</attrdefs><attrdomv><udom Sync="TRUE">Positive real numbers that are automatically generated.</udom></attrdomv></attr><attr><attrlabl Sync="TRUE">Shape_Area</attrlabl><attalias Sync="TRUE">Shape_Area</attalias><attrtype Sync="TRUE">Double</attrtype><attwidth Sync="TRUE">8</attwidth><atprecis Sync="TRUE">0</atprecis><attscale Sync="TRUE">0</attscale><attrdef Sync="TRUE">Area of feature in internal units squared.</attrdef><attrdefs Sync="TRUE">Esri</attrdefs><attrdomv><udom Sync="TRUE">Positive real numbers that are automatically generated.</udom></attrdomv></attr></detailed></eainfo><mdHrLvName Sync="TRUE">dataset</mdHrLvName><refSysInfo><RefSystem><refSysID><identCode code="32100" Sync="TRUE"/><idCodeSpace Sync="TRUE">EPSG</idCodeSpace><idVersion Sync="TRUE">4.5(3.0.1)</idVersion></refSysID></RefSystem></refSysInfo><spatRepInfo><VectSpatRep><geometObjs Name="ManagedAreas"><geoObjTyp><GeoObjTypCd value="002" Sync="TRUE"/></geoObjTyp><geoObjCnt Sync="TRUE">1148</geoObjCnt></geometObjs><topLvl><TopoLevCd value="001" Sync="TRUE"/></topLvl></VectSpatRep></spatRepInfo><spdoinfo><ptvctinf><esriterm Name="ManagedAreas"><efeatyp Sync="TRUE">Simple</efeatyp><efeageom code="4" Sync="TRUE"/><esritopo Sync="TRUE">FALSE</esritopo><efeacnt Sync="TRUE">1148</efeacnt><spindex Sync="TRUE">TRUE</spindex><linrefer Sync="TRUE">FALSE</linrefer></esriterm></ptvctinf></spdoinfo><mdDateSt Sync="TRUE">20190307</mdDateSt></metadata>
