<metadata xml:lang="en"><Esri><CreaDate>20141118</CreaDate><CreaTime>07445800</CreaTime><ArcGISFormat>1.0</ArcGISFormat><ArcGISstyle>FGDC CSDGM Metadata</ArcGISstyle><SyncOnce>FALSE</SyncOnce><DataProperties><itemProps><itemLocation><linkage Sync="TRUE">file://\\MSLFNP01\GEOINFO\05-MSDI_DataDev\Cadastral\ConservationEasements\MTConEasements_SHP.shp</linkage><protocol Sync="TRUE">Local Area Network</protocol></itemLocation><itemName Sync="TRUE">MTConEasements_SHP</itemName><nativeExtBox><westBL Sync="TRUE">113800.706400</westBL><eastBL Sync="TRUE">1010168.464700</eastBL><southBL Sync="TRUE">36033.154400</southBL><northBL Sync="TRUE">541355.314200</northBL><exTypeCode Sync="TRUE">1</exTypeCode></nativeExtBox><imsContentType Sync="TRUE">002</imsContentType><itemSize Sync="TRUE">0.000</itemSize></itemProps><coordRef><type Sync="TRUE">Projected</type><geogcsn Sync="TRUE">GCS_North_American_1983</geogcsn><csUnits Sync="TRUE">Linear Unit: Meter (1.000000)</csUnits><projcsn Sync="TRUE">NAD_1983_StatePlane_Montana_FIPS_2500</projcsn><peXml Sync="TRUE">&lt;ProjectedCoordinateSystem xsi:type='typens:ProjectedCoordinateSystem' xmlns:xsi='http://www.w3.org/2001/XMLSchema-instance' xmlns:xs='http://www.w3.org/2001/XMLSchema' xmlns:typens='http://www.esri.com/schemas/ArcGIS/10.5'&gt;&lt;WKT&gt;PROJCS[&amp;quot;NAD_1983_StatePlane_Montana_FIPS_2500&amp;quot;,GEOGCS[&amp;quot;GCS_North_American_1983&amp;quot;,DATUM[&amp;quot;D_North_American_1983&amp;quot;,SPHEROID[&amp;quot;GRS_1980&amp;quot;,6378137.0,298.257222101]],PRIMEM[&amp;quot;Greenwich&amp;quot;,0.0],UNIT[&amp;quot;Degree&amp;quot;,0.0174532925199433]],PROJECTION[&amp;quot;Lambert_Conformal_Conic&amp;quot;],PARAMETER[&amp;quot;False_Easting&amp;quot;,600000.0],PARAMETER[&amp;quot;False_Northing&amp;quot;,0.0],PARAMETER[&amp;quot;Central_Meridian&amp;quot;,-109.5],PARAMETER[&amp;quot;Standard_Parallel_1&amp;quot;,45.0],PARAMETER[&amp;quot;Standard_Parallel_2&amp;quot;,49.0],PARAMETER[&amp;quot;Latitude_Of_Origin&amp;quot;,44.25],UNIT[&amp;quot;Meter&amp;quot;,1.0],AUTHORITY[&amp;quot;EPSG&amp;quot;,32100]]&lt;/WKT&gt;&lt;XOrigin&gt;-35666000&lt;/XOrigin&gt;&lt;YOrigin&gt;-30006900&lt;/YOrigin&gt;&lt;XYScale&gt;124182419.54917815&lt;/XYScale&gt;&lt;ZOrigin&gt;-100000&lt;/ZOrigin&gt;&lt;ZScale&gt;10000&lt;/ZScale&gt;&lt;MOrigin&gt;-100000&lt;/MOrigin&gt;&lt;MScale&gt;10000&lt;/MScale&gt;&lt;XYTolerance&gt;0.001&lt;/XYTolerance&gt;&lt;ZTolerance&gt;0.001&lt;/ZTolerance&gt;&lt;MTolerance&gt;0.001&lt;/MTolerance&gt;&lt;HighPrecision&gt;true&lt;/HighPrecision&gt;&lt;WKID&gt;32100&lt;/WKID&gt;&lt;LatestWKID&gt;32100&lt;/LatestWKID&gt;&lt;/ProjectedCoordinateSystem&gt;</peXml></coordRef><lineage><Process ToolSource="c:\program files (x86)\arcgis\desktop10.3\ArcToolbox\Toolboxes\Data Management Tools.tbx\DeleteFeatures" Date="20180510" Time="105101" Name="" export="">DeleteFeatures H:\databaseconnections\DBOConnections\MSLSQLPRD01\Cadastral_DBO_MSLSQLPRD01.sde\Cadastral.DBO.ConservationEasements</Process><Process ToolSource="c:\program files (x86)\arcgis\desktop10.3\ArcToolbox\Toolboxes\Data Management Tools.tbx\DeleteFeatures" Date="20180606" Time="100610" Name="" export="">DeleteFeatures H:\databaseconnections\DBOConnections\MSLSQLPRD01\Cadastral_DBO_MSLSQLPRD01.sde\Cadastral.DBO.ConservationEasements</Process><Process ToolSource="c:\program files (x86)\arcgis\desktop10.3\ArcToolbox\Toolboxes\Data Management Tools.tbx\Append" Date="20180606" Time="100626" Name="" export="">Append \\MSLFNP01\\GEOINFO\\05-MSDI_DataDev\\Cadastral\\ConservationEasements\OLD\ConEasementsMay_2018.gdb\Easements\DOREasements H:\databaseconnections\DBOConnections\MSLSQLPRD01\Cadastral_DBO_MSLSQLPRD01.sde\Cadastral.DBO.ConservationEasements NO_TEST "UniqueID "UniqueID" true true false 25 Text 0 0 ,First,#,\\MSLFNP01\\GEOINFO\\05-MSDI_DataDev\\Cadastral\\ConservationEasements\OLD\ConEasementsMay_2018.gdb\Easements\DOREasements,UniqueID,-1,-1;EaseHolder "EaseHolder" true true false 4 Long 0 10 ,First,#,\\MSLFNP01\\GEOINFO\\05-MSDI_DataDev\\Cadastral\\ConservationEasements\OLD\ConEasementsMay_2018.gdb\Easements\DOREasements,EaseHolder,-1,-1;EaseDate "EaseDate" true true false 36 Date 0 0 ,First,#,\\MSLFNP01\\GEOINFO\\05-MSDI_DataDev\\Cadastral\\ConservationEasements\OLD\ConEasementsMay_2018.gdb\Easements\DOREasements,EaseDate,-1,-1;GISAcreage "GISAcreage" true true false 8 Double 8 38 ,First,#,\\MSLFNP01\\GEOINFO\\05-MSDI_DataDev\\Cadastral\\ConservationEasements\OLD\ConEasementsMay_2018.gdb\Easements\DOREasements,GISAcreage,-1,-1;DateEntered "DateEntered" true true false 36 Date 0 0 ,First,#,\\MSLFNP01\\GEOINFO\\05-MSDI_DataDev\\Cadastral\\ConservationEasements\OLD\ConEasementsMay_2018.gdb\Easements\DOREasements,DateEntered,-1,-1;DeedRef "DeedRef" true true false 20 Text 0 0 ,First,#,\\MSLFNP01\\GEOINFO\\05-MSDI_DataDev\\Cadastral\\ConservationEasements\OLD\ConEasementsMay_2018.gdb\Easements\DOREasements,DeedRef,-1,-1;Shape.STArea() "Shape.STArea()" false false true 0 Double 0 0 ,First,#;Shape.STLength() "Shape.STLength()" false false true 0 Double 0 0 ,First,#" #</Process><Process ToolSource="c:\program files (x86)\arcgis\desktop10.3\ArcToolbox\Toolboxes\Data Management Tools.tbx\CalculateField" Date="20180606" Time="100645" Name="" export="">CalculateField H:\databaseconnections\DBOConnections\MSLSQLPRD01\Cadastral_DBO_MSLSQLPRD01.sde\Cadastral.DBO.ConservationEasements GISAcreage !shape.area@acres! PYTHON_9.3 #</Process><Process ToolSource="c:\program files (x86)\arcgis\desktop10.3\ArcToolbox\Toolboxes\Data Management Tools.tbx\DeleteFeatures" Date="20180705" Time="150828" Name="" export="">DeleteFeatures H:\databaseconnections\DBOConnections\MSLSQLPRD01\Cadastral_DBO_MSLSQLPRD01.sde\Cadastral.DBO.ConservationEasements</Process><Process ToolSource="c:\program files (x86)\arcgis\desktop10.3\ArcToolbox\Toolboxes\Data Management Tools.tbx\Append" Date="20180705" Time="150842" Name="" export="">Append \\MSLFNP01\\GEOINFO\\05-MSDI_DataDev\\Cadastral\\ConservationEasements\OLD\ConEasementsJune_2018.gdb\Easements\DOREasements H:\databaseconnections\DBOConnections\MSLSQLPRD01\Cadastral_DBO_MSLSQLPRD01.sde\Cadastral.DBO.ConservationEasements NO_TEST "UniqueID "UniqueID" true true false 25 Text 0 0 ,First,#,\\MSLFNP01\\GEOINFO\\05-MSDI_DataDev\\Cadastral\\ConservationEasements\OLD\ConEasementsJune_2018.gdb\Easements\DOREasements,UniqueID,-1,-1;EaseHolder "EaseHolder" true true false 4 Long 0 10 ,First,#,\\MSLFNP01\\GEOINFO\\05-MSDI_DataDev\\Cadastral\\ConservationEasements\OLD\ConEasementsJune_2018.gdb\Easements\DOREasements,EaseHolder,-1,-1;EaseDate "EaseDate" true true false 36 Date 0 0 ,First,#,\\MSLFNP01\\GEOINFO\\05-MSDI_DataDev\\Cadastral\\ConservationEasements\OLD\ConEasementsJune_2018.gdb\Easements\DOREasements,EaseDate,-1,-1;GISAcreage "GISAcreage" true true false 8 Double 8 38 ,First,#,\\MSLFNP01\\GEOINFO\\05-MSDI_DataDev\\Cadastral\\ConservationEasements\OLD\ConEasementsJune_2018.gdb\Easements\DOREasements,GISAcreage,-1,-1;DateEntered "DateEntered" true true false 36 Date 0 0 ,First,#,\\MSLFNP01\\GEOINFO\\05-MSDI_DataDev\\Cadastral\\ConservationEasements\OLD\ConEasementsJune_2018.gdb\Easements\DOREasements,DateEntered,-1,-1;DeedRef "DeedRef" true true false 20 Text 0 0 ,First,#,\\MSLFNP01\\GEOINFO\\05-MSDI_DataDev\\Cadastral\\ConservationEasements\OLD\ConEasementsJune_2018.gdb\Easements\DOREasements,DeedRef,-1,-1;Shape.STArea() "Shape.STArea()" false false true 0 Double 0 0 ,First,#;Shape.STLength() "Shape.STLength()" false false true 0 Double 0 0 ,First,#" #</Process><Process ToolSource="c:\program files (x86)\arcgis\desktop10.3\ArcToolbox\Toolboxes\Data Management Tools.tbx\CalculateField" Date="20180705" Time="150859" Name="" export="">CalculateField H:\databaseconnections\DBOConnections\MSLSQLPRD01\Cadastral_DBO_MSLSQLPRD01.sde\Cadastral.DBO.ConservationEasements GISAcreage !shape.area@acres! PYTHON_9.3 #</Process><Process ToolSource="c:\program files (x86)\arcgis\desktop10.3\ArcToolbox\Toolboxes\Data Management Tools.tbx\DeleteFeatures" Date="20180814" Time="093438" Name="" export="">DeleteFeatures H:\databaseconnections\DBOConnections\MSLSQLPRD01\Cadastral_DBO_MSLSQLPRD01.sde\Cadastral.DBO.ConservationEasements</Process><Process ToolSource="c:\program files (x86)\arcgis\desktop10.3\ArcToolbox\Toolboxes\Data Management Tools.tbx\Append" Date="20180814" Time="093453" Name="" export="">Append \\MSLFNP01\\GEOINFO\\05-MSDI_DataDev\\Cadastral\\ConservationEasements\\OLD\ConEasementsJuly_2018\ConEasementsJuly_2018.gdb\Easements\DOREasements H:\databaseconnections\DBOConnections\MSLSQLPRD01\Cadastral_DBO_MSLSQLPRD01.sde\Cadastral.DBO.ConservationEasements NO_TEST "UniqueID "UniqueID" true true false 25 Text 0 0 ,First,#,\\MSLFNP01\\GEOINFO\\05-MSDI_DataDev\\Cadastral\\ConservationEasements\\OLD\ConEasementsJuly_2018\ConEasementsJuly_2018.gdb\Easements\DOREasements,UniqueID,-1,-1;EaseHolder "EaseHolder" true true false 4 Long 0 10 ,First,#,\\MSLFNP01\\GEOINFO\\05-MSDI_DataDev\\Cadastral\\ConservationEasements\\OLD\ConEasementsJuly_2018\ConEasementsJuly_2018.gdb\Easements\DOREasements,EaseHolder,-1,-1;EaseDate "EaseDate" true true false 36 Date 0 0 ,First,#,\\MSLFNP01\\GEOINFO\\05-MSDI_DataDev\\Cadastral\\ConservationEasements\\OLD\ConEasementsJuly_2018\ConEasementsJuly_2018.gdb\Easements\DOREasements,EaseDate,-1,-1;GISAcreage "GISAcreage" true true false 8 Double 8 38 ,First,#,\\MSLFNP01\\GEOINFO\\05-MSDI_DataDev\\Cadastral\\ConservationEasements\\OLD\ConEasementsJuly_2018\ConEasementsJuly_2018.gdb\Easements\DOREasements,GISAcreage,-1,-1;DateEntered "DateEntered" true true false 36 Date 0 0 ,First,#,\\MSLFNP01\\GEOINFO\\05-MSDI_DataDev\\Cadastral\\ConservationEasements\\OLD\ConEasementsJuly_2018\ConEasementsJuly_2018.gdb\Easements\DOREasements,DateEntered,-1,-1;DeedRef "DeedRef" true true false 20 Text 0 0 ,First,#,\\MSLFNP01\\GEOINFO\\05-MSDI_DataDev\\Cadastral\\ConservationEasements\\OLD\ConEasementsJuly_2018\ConEasementsJuly_2018.gdb\Easements\DOREasements,DeedRef,-1,-1;Shape.STArea() "Shape.STArea()" false false true 0 Double 0 0 ,First,#;Shape.STLength() "Shape.STLength()" false false true 0 Double 0 0 ,First,#" #</Process><Process ToolSource="c:\program files (x86)\arcgis\desktop10.3\ArcToolbox\Toolboxes\Data Management Tools.tbx\CalculateField" Date="20180814" Time="093510" Name="" export="">CalculateField H:\databaseconnections\DBOConnections\MSLSQLPRD01\Cadastral_DBO_MSLSQLPRD01.sde\Cadastral.DBO.ConservationEasements GISAcreage !shape.area@acres! PYTHON_9.3 #</Process><Process ToolSource="c:\program files (x86)\arcgis\desktop10.3\ArcToolbox\Toolboxes\Data Management Tools.tbx\DeleteFeatures" Date="20180814" Time="095040" Name="" export="">DeleteFeatures H:\databaseconnections\DBOConnections\MSLSQLPRD01\Cadastral_DBO_MSLSQLPRD01.sde\Cadastral.DBO.ConservationEasements</Process><Process ToolSource="c:\program files (x86)\arcgis\desktop10.3\ArcToolbox\Toolboxes\Data Management Tools.tbx\Append" Date="20180814" Time="095050" Name="" export="">Append \\MSLFNP01\\GEOINFO\\05-MSDI_DataDev\\Cadastral\\ConservationEasements\ConEasementsJuly_2018\ConEasementsJuly_2018.gdb\Easements\DOREasements H:\databaseconnections\DBOConnections\MSLSQLPRD01\Cadastral_DBO_MSLSQLPRD01.sde\Cadastral.DBO.ConservationEasements NO_TEST "UniqueID "UniqueID" true true false 25 Text 0 0 ,First,#,\\MSLFNP01\\GEOINFO\\05-MSDI_DataDev\\Cadastral\\ConservationEasements\ConEasementsJuly_2018\ConEasementsJuly_2018.gdb\Easements\DOREasements,UniqueID,-1,-1;EaseHolder "EaseHolder" true true false 4 Long 0 10 ,First,#,\\MSLFNP01\\GEOINFO\\05-MSDI_DataDev\\Cadastral\\ConservationEasements\ConEasementsJuly_2018\ConEasementsJuly_2018.gdb\Easements\DOREasements,EaseHolder,-1,-1;EaseDate "EaseDate" true true false 36 Date 0 0 ,First,#,\\MSLFNP01\\GEOINFO\\05-MSDI_DataDev\\Cadastral\\ConservationEasements\ConEasementsJuly_2018\ConEasementsJuly_2018.gdb\Easements\DOREasements,EaseDate,-1,-1;GISAcreage "GISAcreage" true true false 8 Double 8 38 ,First,#,\\MSLFNP01\\GEOINFO\\05-MSDI_DataDev\\Cadastral\\ConservationEasements\ConEasementsJuly_2018\ConEasementsJuly_2018.gdb\Easements\DOREasements,GISAcreage,-1,-1;DateEntered "DateEntered" true true false 36 Date 0 0 ,First,#,\\MSLFNP01\\GEOINFO\\05-MSDI_DataDev\\Cadastral\\ConservationEasements\ConEasementsJuly_2018\ConEasementsJuly_2018.gdb\Easements\DOREasements,DateEntered,-1,-1;DeedRef "DeedRef" true true false 20 Text 0 0 ,First,#,\\MSLFNP01\\GEOINFO\\05-MSDI_DataDev\\Cadastral\\ConservationEasements\ConEasementsJuly_2018\ConEasementsJuly_2018.gdb\Easements\DOREasements,DeedRef,-1,-1;Shape.STArea() "Shape.STArea()" false false true 0 Double 0 0 ,First,#;Shape.STLength() "Shape.STLength()" false false true 0 Double 0 0 ,First,#" #</Process><Process ToolSource="c:\program files (x86)\arcgis\desktop10.3\ArcToolbox\Toolboxes\Data Management Tools.tbx\CalculateField" Date="20180814" Time="095109" Name="" export="">CalculateField H:\databaseconnections\DBOConnections\MSLSQLPRD01\Cadastral_DBO_MSLSQLPRD01.sde\Cadastral.DBO.ConservationEasements GISAcreage !shape.area@acres! PYTHON_9.3 #</Process><Process ToolSource="c:\program files (x86)\arcgis\desktop10.3\ArcToolbox\Toolboxes\Data Management Tools.tbx\DeleteFeatures" Date="20180814" Time="095534" Name="" export="">DeleteFeatures H:\databaseconnections\DBOConnections\MSLSQLPRD01\Cadastral_DBO_MSLSQLPRD01.sde\Cadastral.DBO.ConservationEasements</Process><Process ToolSource="c:\program files (x86)\arcgis\desktop10.3\ArcToolbox\Toolboxes\Data Management Tools.tbx\Append" Date="20180814" Time="095546" Name="" export="">Append \\MSLFNP01\\GEOINFO\\05-MSDI_DataDev\\Cadastral\\ConservationEasements\ConEasementsJuly_2018\ConEasementsJuly_2018.gdb\Easements\DOREasements H:\databaseconnections\DBOConnections\MSLSQLPRD01\Cadastral_DBO_MSLSQLPRD01.sde\Cadastral.DBO.ConservationEasements NO_TEST "UniqueID "UniqueID" true true false 25 Text 0 0 ,First,#,\\MSLFNP01\\GEOINFO\\05-MSDI_DataDev\\Cadastral\\ConservationEasements\ConEasementsJuly_2018\ConEasementsJuly_2018.gdb\Easements\DOREasements,UniqueID,-1,-1;EaseHolder "EaseHolder" true true false 4 Long 0 10 ,First,#,\\MSLFNP01\\GEOINFO\\05-MSDI_DataDev\\Cadastral\\ConservationEasements\ConEasementsJuly_2018\ConEasementsJuly_2018.gdb\Easements\DOREasements,EaseHolder,-1,-1;EaseDate "EaseDate" true true false 36 Date 0 0 ,First,#,\\MSLFNP01\\GEOINFO\\05-MSDI_DataDev\\Cadastral\\ConservationEasements\ConEasementsJuly_2018\ConEasementsJuly_2018.gdb\Easements\DOREasements,EaseDate,-1,-1;GISAcreage "GISAcreage" true true false 8 Double 8 38 ,First,#,\\MSLFNP01\\GEOINFO\\05-MSDI_DataDev\\Cadastral\\ConservationEasements\ConEasementsJuly_2018\ConEasementsJuly_2018.gdb\Easements\DOREasements,GISAcreage,-1,-1;DateEntered "DateEntered" true true false 36 Date 0 0 ,First,#,\\MSLFNP01\\GEOINFO\\05-MSDI_DataDev\\Cadastral\\ConservationEasements\ConEasementsJuly_2018\ConEasementsJuly_2018.gdb\Easements\DOREasements,DateEntered,-1,-1;DeedRef "DeedRef" true true false 20 Text 0 0 ,First,#,\\MSLFNP01\\GEOINFO\\05-MSDI_DataDev\\Cadastral\\ConservationEasements\ConEasementsJuly_2018\ConEasementsJuly_2018.gdb\Easements\DOREasements,DeedRef,-1,-1;Shape.STArea() "Shape.STArea()" false false true 0 Double 0 0 ,First,#;Shape.STLength() "Shape.STLength()" false false true 0 Double 0 0 ,First,#" #</Process><Process ToolSource="c:\program files (x86)\arcgis\desktop10.3\ArcToolbox\Toolboxes\Data Management Tools.tbx\CalculateField" Date="20180814" Time="095603" Name="" export="">CalculateField H:\databaseconnections\DBOConnections\MSLSQLPRD01\Cadastral_DBO_MSLSQLPRD01.sde\Cadastral.DBO.ConservationEasements GISAcreage !shape.area@acres! PYTHON_9.3 #</Process><Process ToolSource="c:\program files (x86)\arcgis\desktop10.5\ArcToolbox\Toolboxes\Data Management Tools.tbx\DeleteFeatures" Date="20180831" Time="131149" Name="" export="">DeleteFeatures H:\databaseconnections\DBOConnections\MSLSQLPRD01\Cadastral_DBO_MSLSQLPRD01.sde\Cadastral.DBO.ConservationEasements</Process><Process ToolSource="c:\program files (x86)\arcgis\desktop10.5\ArcToolbox\Toolboxes\Data Management Tools.tbx\Append" Date="20180831" Time="131203" Name="" export="">Append \\MSLFNP01\\GEOINFO\\05-MSDI_DataDev\\Cadastral\\ConservationEasements\OLD\ConEasementsAugust_2018\ConEasementsAugust_2018.gdb\Easements\DOREasements H:\databaseconnections\DBOConnections\MSLSQLPRD01\Cadastral_DBO_MSLSQLPRD01.sde\Cadastral.DBO.ConservationEasements NO_TEST "UniqueID "UniqueID" true true false 25 Text 0 0 ,First,#,\\MSLFNP01\\GEOINFO\\05-MSDI_DataDev\\Cadastral\\ConservationEasements\OLD\ConEasementsAugust_2018\ConEasementsAugust_2018.gdb\Easements\DOREasements,UniqueID,-1,-1;EaseHolder "EaseHolder" true true false 4 Long 0 10 ,First,#,\\MSLFNP01\\GEOINFO\\05-MSDI_DataDev\\Cadastral\\ConservationEasements\OLD\ConEasementsAugust_2018\ConEasementsAugust_2018.gdb\Easements\DOREasements,EaseHolder,-1,-1;EaseDate "EaseDate" true true false 8 Date 0 0 ,First,#,\\MSLFNP01\\GEOINFO\\05-MSDI_DataDev\\Cadastral\\ConservationEasements\OLD\ConEasementsAugust_2018\ConEasementsAugust_2018.gdb\Easements\DOREasements,EaseDate,-1,-1;GISAcreage "GISAcreage" true true false 8 Double 8 38 ,First,#,\\MSLFNP01\\GEOINFO\\05-MSDI_DataDev\\Cadastral\\ConservationEasements\OLD\ConEasementsAugust_2018\ConEasementsAugust_2018.gdb\Easements\DOREasements,GISAcreage,-1,-1;DateEntered "DateEntered" true true false 8 Date 0 0 ,First,#,\\MSLFNP01\\GEOINFO\\05-MSDI_DataDev\\Cadastral\\ConservationEasements\OLD\ConEasementsAugust_2018\ConEasementsAugust_2018.gdb\Easements\DOREasements,DateEntered,-1,-1;DeedRef "DeedRef" true true false 20 Text 0 0 ,First,#,\\MSLFNP01\\GEOINFO\\05-MSDI_DataDev\\Cadastral\\ConservationEasements\OLD\ConEasementsAugust_2018\ConEasementsAugust_2018.gdb\Easements\DOREasements,DeedRef,-1,-1;Shape.STArea() "Shape.STArea()" false false true 0 Double 0 0 ,First,#;Shape.STLength() "Shape.STLength()" false false true 0 Double 0 0 ,First,#" #</Process><Process ToolSource="c:\program files (x86)\arcgis\desktop10.5\ArcToolbox\Toolboxes\Data Management Tools.tbx\CalculateField" Date="20180831" Time="131223" Name="" export="">CalculateField H:\databaseconnections\DBOConnections\MSLSQLPRD01\Cadastral_DBO_MSLSQLPRD01.sde\Cadastral.DBO.ConservationEasements GISAcreage !shape.area@acres! PYTHON_9.3 #</Process><Process ToolSource="c:\program files (x86)\arcgis\desktop10.5\ArcToolbox\Toolboxes\Data Management Tools.tbx\DeleteFeatures" Date="20180831" Time="131709" Name="" export="">DeleteFeatures H:\databaseconnections\DBOConnections\MSLSQLPRD01\Cadastral_DBO_MSLSQLPRD01.sde\Cadastral.DBO.ConservationEasements</Process><Process ToolSource="c:\program files (x86)\arcgis\desktop10.5\ArcToolbox\Toolboxes\Data Management Tools.tbx\Append" Date="20180831" Time="131721" Name="" export="">Append \\MSLFNP01\\GEOINFO\\05-MSDI_DataDev\\Cadastral\\ConservationEasements\OLD\ConEasementsAugust_2018\ConEasementsAugust_2018.gdb\Easements\DOREasements H:\databaseconnections\DBOConnections\MSLSQLPRD01\Cadastral_DBO_MSLSQLPRD01.sde\Cadastral.DBO.ConservationEasements NO_TEST "UniqueID "UniqueID" true true false 25 Text 0 0 ,First,#,\\MSLFNP01\\GEOINFO\\05-MSDI_DataDev\\Cadastral\\ConservationEasements\OLD\ConEasementsAugust_2018\ConEasementsAugust_2018.gdb\Easements\DOREasements,UniqueID,-1,-1;EaseHolder "EaseHolder" true true false 4 Long 0 10 ,First,#,\\MSLFNP01\\GEOINFO\\05-MSDI_DataDev\\Cadastral\\ConservationEasements\OLD\ConEasementsAugust_2018\ConEasementsAugust_2018.gdb\Easements\DOREasements,EaseHolder,-1,-1;EaseDate "EaseDate" true true false 8 Date 0 0 ,First,#,\\MSLFNP01\\GEOINFO\\05-MSDI_DataDev\\Cadastral\\ConservationEasements\OLD\ConEasementsAugust_2018\ConEasementsAugust_2018.gdb\Easements\DOREasements,EaseDate,-1,-1;GISAcreage "GISAcreage" true true false 8 Double 8 38 ,First,#,\\MSLFNP01\\GEOINFO\\05-MSDI_DataDev\\Cadastral\\ConservationEasements\OLD\ConEasementsAugust_2018\ConEasementsAugust_2018.gdb\Easements\DOREasements,GISAcreage,-1,-1;DateEntered "DateEntered" true true false 8 Date 0 0 ,First,#,\\MSLFNP01\\GEOINFO\\05-MSDI_DataDev\\Cadastral\\ConservationEasements\OLD\ConEasementsAugust_2018\ConEasementsAugust_2018.gdb\Easements\DOREasements,DateEntered,-1,-1;DeedRef "DeedRef" true true false 20 Text 0 0 ,First,#,\\MSLFNP01\\GEOINFO\\05-MSDI_DataDev\\Cadastral\\ConservationEasements\OLD\ConEasementsAugust_2018\ConEasementsAugust_2018.gdb\Easements\DOREasements,DeedRef,-1,-1;Shape.STArea() "Shape.STArea()" false false true 0 Double 0 0 ,First,#;Shape.STLength() "Shape.STLength()" false false true 0 Double 0 0 ,First,#" #</Process><Process ToolSource="c:\program files (x86)\arcgis\desktop10.5\ArcToolbox\Toolboxes\Data Management Tools.tbx\CalculateField" Date="20180831" Time="131739" Name="" export="">CalculateField H:\databaseconnections\DBOConnections\MSLSQLPRD01\Cadastral_DBO_MSLSQLPRD01.sde\Cadastral.DBO.ConservationEasements GISAcreage !shape.area@acres! PYTHON_9.3 #</Process><Process ToolSource="c:\program files (x86)\arcgis\desktop10.5\ArcToolbox\Toolboxes\Data Management Tools.tbx\DeleteFeatures" Date="20181001" Time="095410" Name="" export="">DeleteFeatures H:\databaseconnections\DBOConnections\MSLSQLPRD01\Cadastral_DBO_MSLSQLPRD01.sde\Cadastral.DBO.ConservationEasements</Process><Process ToolSource="c:\program files (x86)\arcgis\desktop10.5\ArcToolbox\Toolboxes\Data Management Tools.tbx\Append" Date="20181001" Time="095426" Name="" export="">Append \\MSLFNP01\\GEOINFO\\05-MSDI_DataDev\\Cadastral\\ConservationEasements\OLD\ConEasementsSeptember_2018\ConEasementsSeptember_2018.gdb\Easements\DOREasements H:\databaseconnections\DBOConnections\MSLSQLPRD01\Cadastral_DBO_MSLSQLPRD01.sde\Cadastral.DBO.ConservationEasements NO_TEST "UniqueID "UniqueID" true true false 25 Text 0 0 ,First,#,\\MSLFNP01\\GEOINFO\\05-MSDI_DataDev\\Cadastral\\ConservationEasements\OLD\ConEasementsSeptember_2018\ConEasementsSeptember_2018.gdb\Easements\DOREasements,UniqueID,-1,-1;EaseHolder "EaseHolder" true true false 4 Long 0 10 ,First,#,\\MSLFNP01\\GEOINFO\\05-MSDI_DataDev\\Cadastral\\ConservationEasements\OLD\ConEasementsSeptember_2018\ConEasementsSeptember_2018.gdb\Easements\DOREasements,EaseHolder,-1,-1;EaseDate "EaseDate" true true false 8 Date 0 0 ,First,#,\\MSLFNP01\\GEOINFO\\05-MSDI_DataDev\\Cadastral\\ConservationEasements\OLD\ConEasementsSeptember_2018\ConEasementsSeptember_2018.gdb\Easements\DOREasements,EaseDate,-1,-1;GISAcreage "GISAcreage" true true false 8 Double 8 38 ,First,#,\\MSLFNP01\\GEOINFO\\05-MSDI_DataDev\\Cadastral\\ConservationEasements\OLD\ConEasementsSeptember_2018\ConEasementsSeptember_2018.gdb\Easements\DOREasements,GISAcreage,-1,-1;DateEntered "DateEntered" true true false 8 Date 0 0 ,First,#,\\MSLFNP01\\GEOINFO\\05-MSDI_DataDev\\Cadastral\\ConservationEasements\OLD\ConEasementsSeptember_2018\ConEasementsSeptember_2018.gdb\Easements\DOREasements,DateEntered,-1,-1;DeedRef "DeedRef" true true false 20 Text 0 0 ,First,#,\\MSLFNP01\\GEOINFO\\05-MSDI_DataDev\\Cadastral\\ConservationEasements\OLD\ConEasementsSeptember_2018\ConEasementsSeptember_2018.gdb\Easements\DOREasements,DeedRef,-1,-1;Shape.STArea() "Shape.STArea()" false false true 0 Double 0 0 ,First,#;Shape.STLength() "Shape.STLength()" false false true 0 Double 0 0 ,First,#" #</Process><Process ToolSource="c:\program files (x86)\arcgis\desktop10.5\ArcToolbox\Toolboxes\Data Management Tools.tbx\CalculateField" Date="20181001" Time="095443" Name="" export="">CalculateField H:\databaseconnections\DBOConnections\MSLSQLPRD01\Cadastral_DBO_MSLSQLPRD01.sde\Cadastral.DBO.ConservationEasements GISAcreage !shape.area@acres! PYTHON_9.3 #</Process><Process ToolSource="c:\program files (x86)\arcgis\desktop10.5\ArcToolbox\Toolboxes\Data Management Tools.tbx\DeleteFeatures" Date="20181031" Time="132608" Name="" export="">DeleteFeatures H:\databaseconnections\DBOConnections\MSLSQLPRD01\Cadastral_DBO_MSLSQLPRD01.sde\Cadastral.DBO.ConservationEasements</Process><Process ToolSource="c:\program files (x86)\arcgis\desktop10.5\ArcToolbox\Toolboxes\Data Management Tools.tbx\Append" Date="20181031" Time="132624" Name="" export="">Append \\MSLFNP01\\GEOINFO\\05-MSDI_DataDev\\Cadastral\\ConservationEasements\OLD\ConEasementsOct_2018\ConEasementsOct_2018.gdb\Easements\DOREasements H:\databaseconnections\DBOConnections\MSLSQLPRD01\Cadastral_DBO_MSLSQLPRD01.sde\Cadastral.DBO.ConservationEasements NO_TEST "UniqueID "UniqueID" true true false 25 Text 0 0 ,First,#,\\MSLFNP01\\GEOINFO\\05-MSDI_DataDev\\Cadastral\\ConservationEasements\OLD\ConEasementsOct_2018\ConEasementsOct_2018.gdb\Easements\DOREasements,UniqueID,-1,-1;EaseHolder "EaseHolder" true true false 4 Long 0 10 ,First,#,\\MSLFNP01\\GEOINFO\\05-MSDI_DataDev\\Cadastral\\ConservationEasements\OLD\ConEasementsOct_2018\ConEasementsOct_2018.gdb\Easements\DOREasements,EaseHolder,-1,-1;EaseDate "EaseDate" true true false 8 Date 0 0 ,First,#,\\MSLFNP01\\GEOINFO\\05-MSDI_DataDev\\Cadastral\\ConservationEasements\OLD\ConEasementsOct_2018\ConEasementsOct_2018.gdb\Easements\DOREasements,EaseDate,-1,-1;GISAcreage "GISAcreage" true true false 8 Double 8 38 ,First,#,\\MSLFNP01\\GEOINFO\\05-MSDI_DataDev\\Cadastral\\ConservationEasements\OLD\ConEasementsOct_2018\ConEasementsOct_2018.gdb\Easements\DOREasements,GISAcreage,-1,-1;DateEntered "DateEntered" true true false 8 Date 0 0 ,First,#,\\MSLFNP01\\GEOINFO\\05-MSDI_DataDev\\Cadastral\\ConservationEasements\OLD\ConEasementsOct_2018\ConEasementsOct_2018.gdb\Easements\DOREasements,DateEntered,-1,-1;DeedRef "DeedRef" true true false 20 Text 0 0 ,First,#,\\MSLFNP01\\GEOINFO\\05-MSDI_DataDev\\Cadastral\\ConservationEasements\OLD\ConEasementsOct_2018\ConEasementsOct_2018.gdb\Easements\DOREasements,DeedRef,-1,-1;Shape.STArea() "Shape.STArea()" false false true 0 Double 0 0 ,First,#;Shape.STLength() "Shape.STLength()" false false true 0 Double 0 0 ,First,#" #</Process><Process ToolSource="c:\program files (x86)\arcgis\desktop10.5\ArcToolbox\Toolboxes\Data Management Tools.tbx\CalculateField" Date="20181031" Time="132642" Name="" export="">CalculateField H:\databaseconnections\DBOConnections\MSLSQLPRD01\Cadastral_DBO_MSLSQLPRD01.sde\Cadastral.DBO.ConservationEasements GISAcreage !shape.area@acres! PYTHON_9.3 #</Process><Process ToolSource="c:\program files (x86)\arcgis\desktop10.5\ArcToolbox\Toolboxes\Data Management Tools.tbx\DeleteFeatures" Date="20181204" Time="160942" Name="" export="">DeleteFeatures H:\databaseconnections\DBOConnections\MSLSQLPRD01\Cadastral_DBO_MSLSQLPRD01.sde\Cadastral.DBO.ConservationEasements</Process><Process ToolSource="c:\program files (x86)\arcgis\desktop10.5\ArcToolbox\Toolboxes\Data Management Tools.tbx\Append" Date="20181204" Time="160956" Name="" export="">Append \\MSLFNP01\\GEOINFO\\05-MSDI_DataDev\\Cadastral\\ConservationEasements\OLD\ConEasementsNov_2018\ConEasementsNov_2018.gdb\Easements\DOREasements H:\databaseconnections\DBOConnections\MSLSQLPRD01\Cadastral_DBO_MSLSQLPRD01.sde\Cadastral.DBO.ConservationEasements NO_TEST "UniqueID "UniqueID" true true false 25 Text 0 0 ,First,#,\\MSLFNP01\\GEOINFO\\05-MSDI_DataDev\\Cadastral\\ConservationEasements\OLD\ConEasementsNov_2018\ConEasementsNov_2018.gdb\Easements\DOREasements,UniqueID,-1,-1;EaseHolder "EaseHolder" true true false 4 Long 0 10 ,First,#,\\MSLFNP01\\GEOINFO\\05-MSDI_DataDev\\Cadastral\\ConservationEasements\OLD\ConEasementsNov_2018\ConEasementsNov_2018.gdb\Easements\DOREasements,EaseHolder,-1,-1;EaseDate "EaseDate" true true false 8 Date 0 0 ,First,#,\\MSLFNP01\\GEOINFO\\05-MSDI_DataDev\\Cadastral\\ConservationEasements\OLD\ConEasementsNov_2018\ConEasementsNov_2018.gdb\Easements\DOREasements,EaseDate,-1,-1;GISAcreage "GISAcreage" true true false 8 Double 8 38 ,First,#,\\MSLFNP01\\GEOINFO\\05-MSDI_DataDev\\Cadastral\\ConservationEasements\OLD\ConEasementsNov_2018\ConEasementsNov_2018.gdb\Easements\DOREasements,GISAcreage,-1,-1;DateEntered "DateEntered" true true false 8 Date 0 0 ,First,#,\\MSLFNP01\\GEOINFO\\05-MSDI_DataDev\\Cadastral\\ConservationEasements\OLD\ConEasementsNov_2018\ConEasementsNov_2018.gdb\Easements\DOREasements,DateEntered,-1,-1;DeedRef "DeedRef" true true false 20 Text 0 0 ,First,#,\\MSLFNP01\\GEOINFO\\05-MSDI_DataDev\\Cadastral\\ConservationEasements\OLD\ConEasementsNov_2018\ConEasementsNov_2018.gdb\Easements\DOREasements,DeedRef,-1,-1;Shape.STArea() "Shape.STArea()" false false true 0 Double 0 0 ,First,#;Shape.STLength() "Shape.STLength()" false false true 0 Double 0 0 ,First,#" #</Process><Process ToolSource="c:\program files (x86)\arcgis\desktop10.5\ArcToolbox\Toolboxes\Data Management Tools.tbx\CalculateField" Date="20181204" Time="161016" Name="" export="">CalculateField H:\databaseconnections\DBOConnections\MSLSQLPRD01\Cadastral_DBO_MSLSQLPRD01.sde\Cadastral.DBO.ConservationEasements GISAcreage !shape.area@acres! PYTHON_9.3 #</Process><Process ToolSource="c:\program files (x86)\arcgis\desktop10.5\ArcToolbox\Toolboxes\Data Management Tools.tbx\DeleteFeatures" Date="20190102" Time="104907" Name="" export="">DeleteFeatures H:\databaseconnections\DBOConnections\MSLSQLPRD01\Cadastral_DBO_MSLSQLPRD01.sde\Cadastral.DBO.ConservationEasements</Process><Process ToolSource="c:\program files (x86)\arcgis\desktop10.5\ArcToolbox\Toolboxes\Data Management Tools.tbx\Append" Date="20190102" Time="104923" Name="" export="">Append \\MSLFNP01\\GEOINFO\\05-MSDI_DataDev\\Cadastral\\ConservationEasements\OLD\ConEasementsDec_2018\ConEasementsDec_2018.gdb\Easements\DOREasements H:\databaseconnections\DBOConnections\MSLSQLPRD01\Cadastral_DBO_MSLSQLPRD01.sde\Cadastral.DBO.ConservationEasements NO_TEST "UniqueID "UniqueID" true true false 25 Text 0 0 ,First,#,\\MSLFNP01\\GEOINFO\\05-MSDI_DataDev\\Cadastral\\ConservationEasements\OLD\ConEasementsDec_2018\ConEasementsDec_2018.gdb\Easements\DOREasements,UniqueID,-1,-1;EaseHolder "EaseHolder" true true false 4 Long 0 10 ,First,#,\\MSLFNP01\\GEOINFO\\05-MSDI_DataDev\\Cadastral\\ConservationEasements\OLD\ConEasementsDec_2018\ConEasementsDec_2018.gdb\Easements\DOREasements,EaseHolder,-1,-1;EaseDate "EaseDate" true true false 8 Date 0 0 ,First,#,\\MSLFNP01\\GEOINFO\\05-MSDI_DataDev\\Cadastral\\ConservationEasements\OLD\ConEasementsDec_2018\ConEasementsDec_2018.gdb\Easements\DOREasements,EaseDate,-1,-1;GISAcreage "GISAcreage" true true false 8 Double 8 38 ,First,#,\\MSLFNP01\\GEOINFO\\05-MSDI_DataDev\\Cadastral\\ConservationEasements\OLD\ConEasementsDec_2018\ConEasementsDec_2018.gdb\Easements\DOREasements,GISAcreage,-1,-1;DateEntered "DateEntered" true true false 8 Date 0 0 ,First,#,\\MSLFNP01\\GEOINFO\\05-MSDI_DataDev\\Cadastral\\ConservationEasements\OLD\ConEasementsDec_2018\ConEasementsDec_2018.gdb\Easements\DOREasements,DateEntered,-1,-1;DeedRef "DeedRef" true true false 20 Text 0 0 ,First,#,\\MSLFNP01\\GEOINFO\\05-MSDI_DataDev\\Cadastral\\ConservationEasements\OLD\ConEasementsDec_2018\ConEasementsDec_2018.gdb\Easements\DOREasements,DeedRef,-1,-1;Shape.STArea() "Shape.STArea()" false false true 0 Double 0 0 ,First,#;Shape.STLength() "Shape.STLength()" false false true 0 Double 0 0 ,First,#" #</Process><Process ToolSource="c:\program files (x86)\arcgis\desktop10.5\ArcToolbox\Toolboxes\Data Management Tools.tbx\CalculateField" Date="20190102" Time="104942" Name="" export="">CalculateField H:\databaseconnections\DBOConnections\MSLSQLPRD01\Cadastral_DBO_MSLSQLPRD01.sde\Cadastral.DBO.ConservationEasements GISAcreage !shape.area@acres! PYTHON_9.3 #</Process><Process ToolSource="c:\program files (x86)\arcgis\desktop10.5\ArcToolbox\Toolboxes\Data Management Tools.tbx\DeleteFeatures" Date="20190128" Time="092924" Name="" export="">DeleteFeatures H:\databaseconnections\DBOConnections\MSLSQLPRD01\Cadastral_DBO_MSLSQLPRD01.sde\Cadastral.DBO.ConservationEasements</Process><Process ToolSource="c:\program files (x86)\arcgis\desktop10.5\ArcToolbox\Toolboxes\Data Management Tools.tbx\Append" Date="20190128" Time="092938" Name="" export="">Append \\MSLFNP01\\GEOINFO\\05-MSDI_DataDev\\Cadastral\\ConservationEasements\OLD\ConEasementsJan_2019\ConEasementsJan_2019.gdb\Easements\DOREasements H:\databaseconnections\DBOConnections\MSLSQLPRD01\Cadastral_DBO_MSLSQLPRD01.sde\Cadastral.DBO.ConservationEasements NO_TEST "UniqueID "UniqueID" true true false 25 Text 0 0 ,First,#,\\MSLFNP01\\GEOINFO\\05-MSDI_DataDev\\Cadastral\\ConservationEasements\OLD\ConEasementsJan_2019\ConEasementsJan_2019.gdb\Easements\DOREasements,UniqueID,-1,-1;EaseHolder "EaseHolder" true true false 4 Long 0 10 ,First,#,\\MSLFNP01\\GEOINFO\\05-MSDI_DataDev\\Cadastral\\ConservationEasements\OLD\ConEasementsJan_2019\ConEasementsJan_2019.gdb\Easements\DOREasements,EaseHolder,-1,-1;EaseDate "EaseDate" true true false 8 Date 0 0 ,First,#,\\MSLFNP01\\GEOINFO\\05-MSDI_DataDev\\Cadastral\\ConservationEasements\OLD\ConEasementsJan_2019\ConEasementsJan_2019.gdb\Easements\DOREasements,EaseDate,-1,-1;GISAcreage "GISAcreage" true true false 8 Double 8 38 ,First,#,\\MSLFNP01\\GEOINFO\\05-MSDI_DataDev\\Cadastral\\ConservationEasements\OLD\ConEasementsJan_2019\ConEasementsJan_2019.gdb\Easements\DOREasements,GISAcreage,-1,-1;DateEntered "DateEntered" true true false 8 Date 0 0 ,First,#,\\MSLFNP01\\GEOINFO\\05-MSDI_DataDev\\Cadastral\\ConservationEasements\OLD\ConEasementsJan_2019\ConEasementsJan_2019.gdb\Easements\DOREasements,DateEntered,-1,-1;DeedRef "DeedRef" true true false 20 Text 0 0 ,First,#,\\MSLFNP01\\GEOINFO\\05-MSDI_DataDev\\Cadastral\\ConservationEasements\OLD\ConEasementsJan_2019\ConEasementsJan_2019.gdb\Easements\DOREasements,DeedRef,-1,-1;Shape.STArea() "Shape.STArea()" false false true 0 Double 0 0 ,First,#;Shape.STLength() "Shape.STLength()" false false true 0 Double 0 0 ,First,#" #</Process><Process ToolSource="c:\program files (x86)\arcgis\desktop10.5\ArcToolbox\Toolboxes\Data Management Tools.tbx\CalculateField" Date="20190128" Time="092958" Name="" export="">CalculateField H:\databaseconnections\DBOConnections\MSLSQLPRD01\Cadastral_DBO_MSLSQLPRD01.sde\Cadastral.DBO.ConservationEasements GISAcreage !shape.area@acres! PYTHON_9.3 #</Process><Process ToolSource="c:\program files (x86)\arcgis\desktop10.5\ArcToolbox\Toolboxes\Data Management Tools.tbx\ChangePrivileges" Date="20190212" Time="093828" Name="" export="">ChangePrivileges 'Database Connections\cadastral_mslsqlprd01.sde\Cadastral.DBO.ConservationEasements';'Database Connections\cadastral_mslsqlprd01.sde\Cadastral.DBO.ControlReporting';'Database Connections\cadastral_mslsqlprd01.sde\Cadastral.DBO.lineMeasure';'Database Connections\cadastral_mslsqlprd01.sde\Cadastral.DBO.PublicLands';'Database Connections\cadastral_mslsqlprd01.sde\Cadastral.DBO.OwnerParcel' state\cwb288 GRANT GRANT</Process><Process ToolSource="c:\program files (x86)\arcgis\desktop10.5\ArcToolbox\Toolboxes\Data Management Tools.tbx\DeleteFeatures" Date="20190227" Time="123207" Name="" export="">DeleteFeatures H:\databaseconnections\DBOConnections\MSLSQLPRD01\Cadastral_DBO_MSLSQLPRD01.sde\Cadastral.DBO.ConservationEasements</Process><Process ToolSource="c:\program files (x86)\arcgis\desktop10.5\ArcToolbox\Toolboxes\Data Management Tools.tbx\Append" Date="20190227" Time="123222" Name="" export="">Append \\MSLFNP01\\GEOINFO\\05-MSDI_DataDev\\Cadastral\\ConservationEasements\OLD\ConEasementsFeb_2019\ConEasementsFeb_2019.gdb\Easements\DOREasements H:\databaseconnections\DBOConnections\MSLSQLPRD01\Cadastral_DBO_MSLSQLPRD01.sde\Cadastral.DBO.ConservationEasements NO_TEST "UniqueID "UniqueID" true true false 25 Text 0 0 ,First,#,\\MSLFNP01\\GEOINFO\\05-MSDI_DataDev\\Cadastral\\ConservationEasements\OLD\ConEasementsFeb_2019\ConEasementsFeb_2019.gdb\Easements\DOREasements,UniqueID,-1,-1;EaseHolder "EaseHolder" true true false 4 Long 0 10 ,First,#,\\MSLFNP01\\GEOINFO\\05-MSDI_DataDev\\Cadastral\\ConservationEasements\OLD\ConEasementsFeb_2019\ConEasementsFeb_2019.gdb\Easements\DOREasements,EaseHolder,-1,-1;EaseDate "EaseDate" true true false 8 Date 0 0 ,First,#,\\MSLFNP01\\GEOINFO\\05-MSDI_DataDev\\Cadastral\\ConservationEasements\OLD\ConEasementsFeb_2019\ConEasementsFeb_2019.gdb\Easements\DOREasements,EaseDate,-1,-1;GISAcreage "GISAcreage" true true false 8 Double 8 38 ,First,#,\\MSLFNP01\\GEOINFO\\05-MSDI_DataDev\\Cadastral\\ConservationEasements\OLD\ConEasementsFeb_2019\ConEasementsFeb_2019.gdb\Easements\DOREasements,GISAcreage,-1,-1;DateEntered "DateEntered" true true false 8 Date 0 0 ,First,#,\\MSLFNP01\\GEOINFO\\05-MSDI_DataDev\\Cadastral\\ConservationEasements\OLD\ConEasementsFeb_2019\ConEasementsFeb_2019.gdb\Easements\DOREasements,DateEntered,-1,-1;DeedRef "DeedRef" true true false 20 Text 0 0 ,First,#,\\MSLFNP01\\GEOINFO\\05-MSDI_DataDev\\Cadastral\\ConservationEasements\OLD\ConEasementsFeb_2019\ConEasementsFeb_2019.gdb\Easements\DOREasements,DeedRef,-1,-1;Shape.STArea() "Shape.STArea()" false false true 0 Double 0 0 ,First,#;Shape.STLength() "Shape.STLength()" false false true 0 Double 0 0 ,First,#" #</Process><Process ToolSource="c:\program files (x86)\arcgis\desktop10.5\ArcToolbox\Toolboxes\Data Management Tools.tbx\CalculateField" Date="20190227" Time="123242" Name="" export="">CalculateField H:\databaseconnections\DBOConnections\MSLSQLPRD01\Cadastral_DBO_MSLSQLPRD01.sde\Cadastral.DBO.ConservationEasements GISAcreage !shape.area@acres! PYTHON_9.3 #</Process><Process ToolSource="c:\program files (x86)\arcgis\desktop10.5\ArcToolbox\Toolboxes\Data Management Tools.tbx\DeleteFeatures" Date="20190328" Time="145610">DeleteFeatures H:\databaseconnections\DBOConnections\MSLSQLPRD01\Cadastral_DBO_MSLSQLPRD01.sde\Cadastral.DBO.ConservationEasements</Process><Process ToolSource="c:\program files (x86)\arcgis\desktop10.5\ArcToolbox\Toolboxes\Data Management Tools.tbx\Append" Date="20190328" Time="145625">Append \\MSLFNP01\\GEOINFO\\05-MSDI_DataDev\\Cadastral\\ConservationEasements\OLD\ConEasementsMar_2019.gdb\Easements\DOREasements H:\databaseconnections\DBOConnections\MSLSQLPRD01\Cadastral_DBO_MSLSQLPRD01.sde\Cadastral.DBO.ConservationEasements NO_TEST "UniqueID "UniqueID" true true false 25 Text 0 0 ,First,#,\\MSLFNP01\\GEOINFO\\05-MSDI_DataDev\\Cadastral\\ConservationEasements\OLD\ConEasementsMar_2019.gdb\Easements\DOREasements,UniqueID,-1,-1;EaseHolder "EaseHolder" true true false 4 Long 0 10 ,First,#,\\MSLFNP01\\GEOINFO\\05-MSDI_DataDev\\Cadastral\\ConservationEasements\OLD\ConEasementsMar_2019.gdb\Easements\DOREasements,EaseHolder,-1,-1;EaseDate "EaseDate" true true false 8 Date 0 0 ,First,#,\\MSLFNP01\\GEOINFO\\05-MSDI_DataDev\\Cadastral\\ConservationEasements\OLD\ConEasementsMar_2019.gdb\Easements\DOREasements,EaseDate,-1,-1;GISAcreage "GISAcreage" true true false 8 Double 8 38 ,First,#,\\MSLFNP01\\GEOINFO\\05-MSDI_DataDev\\Cadastral\\ConservationEasements\OLD\ConEasementsMar_2019.gdb\Easements\DOREasements,GISAcreage,-1,-1;DateEntered "DateEntered" true true false 8 Date 0 0 ,First,#,\\MSLFNP01\\GEOINFO\\05-MSDI_DataDev\\Cadastral\\ConservationEasements\OLD\ConEasementsMar_2019.gdb\Easements\DOREasements,DateEntered,-1,-1;DeedRef "DeedRef" true true false 20 Text 0 0 ,First,#,\\MSLFNP01\\GEOINFO\\05-MSDI_DataDev\\Cadastral\\ConservationEasements\OLD\ConEasementsMar_2019.gdb\Easements\DOREasements,DeedRef,-1,-1;Shape.STArea() "Shape.STArea()" false false true 0 Double 0 0 ,First,#;Shape.STLength() "Shape.STLength()" false false true 0 Double 0 0 ,First,#" #</Process><Process ToolSource="c:\program files (x86)\arcgis\desktop10.5\ArcToolbox\Toolboxes\Data Management Tools.tbx\CalculateField" Date="20190328" Time="145646">CalculateField H:\databaseconnections\DBOConnections\MSLSQLPRD01\Cadastral_DBO_MSLSQLPRD01.sde\Cadastral.DBO.ConservationEasements GISAcreage !shape.area@acres! PYTHON_9.3 #</Process><Process ToolSource="c:\program files (x86)\arcgis\desktop10.5\ArcToolbox\Toolboxes\Conversion Tools.tbx\FeatureClassToFeatureClass" Date="20190328" Time="145934">FeatureClassToFeatureClass H:\databaseconnections\DBOConnections\MSLSQLPRD01\Cadastral_DBO_MSLSQLPRD01.sde\Cadastral.DBO.ConservationEasements \\MSLFNP01\\GEOINFO\\05-MSDI_DataDev\\Cadastral\\ConservationEasements MTConEasements_SHP.shp # "UniqueID "UniqueID" true true false 25 Text 0 0 ,First,#,H:\databaseconnections\DBOConnections\MSLSQLPRD01\Cadastral_DBO_MSLSQLPRD01.sde\Cadastral.DBO.ConservationEasements,UniqueID,-1,-1;EaseHolder "EaseHolder" true true false 4 Long 0 10 ,First,#,H:\databaseconnections\DBOConnections\MSLSQLPRD01\Cadastral_DBO_MSLSQLPRD01.sde\Cadastral.DBO.ConservationEasements,EaseHolder,-1,-1;EaseDate "EaseDate" true true false 8 Date 0 0 ,First,#,H:\databaseconnections\DBOConnections\MSLSQLPRD01\Cadastral_DBO_MSLSQLPRD01.sde\Cadastral.DBO.ConservationEasements,EaseDate,-1,-1;GISAcreage "GISAcreage" true true false 8 Double 8 38 ,First,#,H:\databaseconnections\DBOConnections\MSLSQLPRD01\Cadastral_DBO_MSLSQLPRD01.sde\Cadastral.DBO.ConservationEasements,GISAcreage,-1,-1;DateEntere "DateEntered" true true false 8 Date 0 0 ,First,#,H:\databaseconnections\DBOConnections\MSLSQLPRD01\Cadastral_DBO_MSLSQLPRD01.sde\Cadastral.DBO.ConservationEasements,DateEntered,-1,-1;DeedRef "DeedRef" true true false 20 Text 0 0 ,First,#,H:\databaseconnections\DBOConnections\MSLSQLPRD01\Cadastral_DBO_MSLSQLPRD01.sde\Cadastral.DBO.ConservationEasements,DeedRef,-1,-1;Shape_STAr "Shape_STAr" false false true 0 Double 0 0 ,First,#,H:\databaseconnections\DBOConnections\MSLSQLPRD01\Cadastral_DBO_MSLSQLPRD01.sde\Cadastral.DBO.ConservationEasements,Shape.STArea(),-1,-1;Shape_STLe "Shape_STLe" false false true 0 Double 0 0 ,First,#,H:\databaseconnections\DBOConnections\MSLSQLPRD01\Cadastral_DBO_MSLSQLPRD01.sde\Cadastral.DBO.ConservationEasements,Shape.STLength(),-1,-1" #</Process></lineage></DataProperties><SyncDate>20190328</SyncDate><SyncTime>14593300</SyncTime><ModDate>20190328</ModDate><ModTime>14593300</ModTime><ArcGISProfile>FGDC</ArcGISProfile><scaleRange><minScale>150000000</minScale><maxScale>5000</maxScale></scaleRange></Esri><mdLang><languageCode value="eng"/><countryCode value="USA" Sync="TRUE"/></mdLang><mdChar><CharSetCd value="004"/></mdChar><mdHrLv><ScopeCd value="005"/></mdHrLv><mdContact xmlns=""><rpOrgName>Montana State Library</rpOrgName><rpCntInfo><cntPhone><voiceNum>406-444-5354</voiceNum><voiceNum tddtty="True">406-444-4799</voiceNum><faxNum>406-444-0266</faxNum></cntPhone><cntAddress addressType="postal"><delPoint>PO Box 201800</delPoint><city>Helena</city><adminArea>MT</adminArea><postCode>59620-1800</postCode><eMailAdd>geoinfo@mt.gov</eMailAdd></cntAddress></rpCntInfo><role><RoleCd value="007"/></role></mdContact><mdDateSt Sync="FALSE">20190328</mdDateSt><mdStanName>ArcGIS Metadata</mdStanName><mdStanVer>1.0</mdStanVer><distInfo><distributor><distorCont><rpOrgName>Montana State Library</rpOrgName><rpCntInfo><cntPhone><voiceNum>406-444-5354</voiceNum><voiceNum tddtty="True">406-444-4799</voiceNum><faxNum>406-444-0266</faxNum></cntPhone><cntAddress addressType="postal"><delPoint>PO Box 201800</delPoint><city>Helena</city><adminArea>MT</adminArea><postCode>59620-1800</postCode><eMailAdd>geoinfo@mt.gov</eMailAdd></cntAddress></rpCntInfo><role><RoleCd value="005"/></role></distorCont><distorFormat><formatName>ESRI Personal Geodatabase</formatName></distorFormat><distorTran><onLineSrc><linkage>ftp://ftp.geoinfo.msl.mt.gov/Data/Spatial/MSDI/Cadastral/ConservationEasements/</linkage></onLineSrc></distorTran></distributor><distTranOps><onLineSrc><linkage>ftp://ftp.geoinfo.msl.mt.gov/Data/Spatial/MSDI/Cadastral/ConservationEasements/</linkage></onLineSrc><transSize Sync="TRUE">0.000</transSize></distTranOps><distFormat><formatName Sync="TRUE">Shapefile</formatName></distFormat></distInfo><dataIdInfo><idCitation xmlns=""><date><pubDate>2019-03-28T00:00:00</pubDate></date><citRespParty xmlns=""><rpOrgName>Montana State Library (MSL)</rpOrgName><rpCntInfo><cntAddress><delPoint>Helena, Montana</delPoint></cntAddress></rpCntInfo><role><RoleCd value="010"/></role></citRespParty><citRespParty xmlns=""><rpOrgName>Montana State Library (MSL)</rpOrgName><role><RoleCd value="006"/></role></citRespParty><presForm xmlns=""><PresFormCd value="005"/></presForm><presForm xmlns=""><fgdcGeoform>vector digital data</fgdcGeoform></presForm><resTitle Sync="FALSE">Conservation Easements</resTitle></idCitation><idAbs>&lt;DIV STYLE="text-align:Left;"&gt;&lt;DIV&gt;&lt;DIV&gt;&lt;P&gt;&lt;SPAN&gt;Montana lands with conservation easements. This layer shows private lands parcels on which a public agency or qualified Land Trust has placed a Conservation Easement in cooperation with the land owner. Map features in this data set are not intended as a legal depiction of public or private surface land ownership boundaries and should not be used in place of a survey conducted by a licensed land surveyor. The data are derived from the Montana Cadastral parcel layer.&lt;/SPAN&gt;&lt;/P&gt;&lt;/DIV&gt;&lt;/DIV&gt;&lt;/DIV&gt;</idAbs><idStatus><ProgCd value="007"/></idStatus><idPoC><rpOrgName>Montana State Library</rpOrgName><rpCntInfo><cntPhone><voiceNum>406-444-5354</voiceNum><voiceNum tddtty="True">406-444-4799</voiceNum><faxNum>406-444-0266</faxNum></cntPhone><cntAddress addressType="postal"><delPoint>PO Box 201800</delPoint><city>Helena</city><adminArea>MT</adminArea><postCode>59620-1800</postCode><eMailAdd>geoinfo@mt.gov</eMailAdd></cntAddress></rpCntInfo><role><RoleCd value="007"/></role></idPoC><resMaint><maintFreq><MaintFreqCd value="001"/></maintFreq></resMaint><placeKeys><keyword>Montana</keyword></placeKeys><themeKeys><keyword>conservation easement</keyword><keyword>boundaries</keyword><keyword>easements</keyword><keyword>planningCadastre</keyword></themeKeys><themeKeys><thesaName><resTitle>ISO 19115 Topic Category</resTitle></thesaName><keyword>environment</keyword><keyword>planningCadastre</keyword><keyword>boundaries</keyword></themeKeys><searchKeys><keyword>environment</keyword><keyword>conservation easement</keyword><keyword>boundaries</keyword><keyword>planningCadastre</keyword><keyword>boundaries</keyword><keyword>easements</keyword><keyword>planningCadastre</keyword><keyword>Montana</keyword></searchKeys><resConst><LegConsts><useLimit>The user of this data agrees to release the Base Map Services\Montana State Library (BMS\MSL); its officers; directors; agents; employees; and those acting on its behalf from all debts; claims; and liability of any kind arising out of or in connection with the use of the data. Please be aware that these data are constantly being changed and updated. Rather than distribute the data to second parties; please refer interested parties to BMS\MSL for the most recent version of the data. These data do not imply public access to any lands. This data set is provided "as-is" without warranty of any kind. BMS\MSL makes no representations or warranties whatsoever with respect to the accuracy or completeness of this data set and assumes no responsibility for the suitability of this data set for a particular purpose; and MTNHP will not be liable for any damages incurred as a result of errors in this data set.</useLimit></LegConsts></resConst><resConst><Consts><useLimit>&lt;DIV STYLE="text-align:Left;"&gt;&lt;DIV&gt;&lt;DIV&gt;&lt;P&gt;&lt;SPAN&gt;The Montana State Library Geographic Information Services provides this product/service for informational purposes only. The Library did not produce it for, nor is it suitable for legal, engineering, or surveying purposes. Consumers of this information should review or consult the primary data and information sources to ascertain the viability of the information for their purposes. The Library provides these data in good faith but does not represent or warrant its accuracy, adequacy, or completeness. In no event shall the Library be liable for any incorrect results or analysis; any direct, indirect, special, or consequential damages to any party; or any lost profits arising out of or in connection with the use or the inability to use the data or the services provided. The Library makes these data and services available as a convenience to the public, and for no other purpose. The Library reserves the right to change or revise published data and/or services at any time.&lt;/SPAN&gt;&lt;/P&gt;&lt;/DIV&gt;&lt;/DIV&gt;&lt;/DIV&gt;</useLimit></Consts></resConst><dataLang><languageCode value="eng"/><countryCode value="USA" Sync="TRUE"/></dataLang><dataExt xmlns=""><geoEle xmlns=""><GeoBndBox><westBL>-116.1</westBL><eastBL>-103.9</eastBL><southBL>44.4</southBL><northBL>49.1</northBL></GeoBndBox></geoEle></dataExt><dataExt xmlns=""><exDesc>publication date</exDesc><tempEle><TempExtent><exTemp><TM_Instant><tmPosition>2019-03-28T00:00:00</tmPosition></TM_Instant></exTemp></TempExtent></tempEle></dataExt><suppInfo>This data set is a work in progress; it contains errors of omission and errors in current attributes. Please note that this dataset contains information on surface status only. The dataset contains no information about ownership or status of the mineral estate.</suppInfo><dataChar><CharSetCd value="004"/></dataChar><envirDesc Sync="TRUE">Microsoft Windows 7 Version 6.1 (Build 7601) Service Pack 1; Esri ArcGIS 10.5.1.7333</envirDesc><spatRpType><SpatRepTypCd value="001" Sync="TRUE"/></spatRpType><dataExt xmlns=""><geoEle xmlns=""><GeoBndBox esriExtentType="search"><exTypeCode Sync="TRUE">1</exTypeCode><westBL Sync="TRUE">-116.144318</westBL><eastBL Sync="TRUE">-103.890831</eastBL><northBL Sync="TRUE">49.121276</northBL><southBL Sync="TRUE">44.403539</southBL></GeoBndBox></geoEle></dataExt><tpCat><TopicCatCd value="007"/></tpCat><tpCat><TopicCatCd value="015"/></tpCat><tpCat><TopicCatCd value="003"/></tpCat></dataIdInfo><mdMaint><maintFreq><MaintFreqCd value="009"/></maintFreq></mdMaint><dqInfo><dqScope><scpLvl><ScopeCd value="005"/></scpLvl></dqScope><report type="DQCompOm"><evalMethDesc>This data set is a work in progress; it may contain errors of omission and errors in current attributes. Data are updated as information becomes available. Delays between changes in land status and their inclusion in this layer can vary from a few weeks to over a year depending on the source of the information.</evalMethDesc></report><report type="DQCompOm"><measDesc>This data set is a work in progress; it may contain errors of omission and errors in current attributes. Data are updated as information becomes available. Delays between changes in land status and their inclusion in this layer can vary from a few weeks to over a year depending on the source of the information.</measDesc></report><report type="DQAbsExtPosAcc" dimension="horizontal"><measDesc>The Conservation Easement Data is based on the Bureau of Land Management's Geographic Coordinate Database (GCDB). The BLM collects the GCDB Public Lands Survey System data on a township basis. The survey boundaries are delineated by computing the geographic positions of township, section, aliquot part, government lot, and special survey corners. Horizontal control positions from published sources and geographic positioning system (GPS) observations are added and the GCDB grid is adjusted using the least squares method of adjustment to determine the best geographic positions for the survey points. Horizontal Accuracy varies throughout the data: Scale is dependant on the positional accuracy of the GCDB.</measDesc></report><dataLineage><dataSource><srcCitatn><resTitle>Montana Cadastral Mapping Project</resTitle><citRespParty><rpOrgName>Montana State Library</rpOrgName><role><RoleCd value="006"/></role></citRespParty><citRespParty><rpOrgName>Montana State Library</rpOrgName><rpCntInfo><cntAddress><delPoint>Helena, Montana</delPoint></cntAddress></rpCntInfo><role><RoleCd value="010"/></role></citRespParty></srcCitatn></dataSource></dataLineage></dqInfo><eainfo><detailed Name="MTConEasements_SHP"><enttyp><enttypl Sync="TRUE">MTConEasements_SHP</enttypl><enttypt Sync="TRUE">Feature Class</enttypt><enttypc Sync="TRUE">0</enttypc></enttyp><attr><attrlabl Sync="TRUE">FID</attrlabl><attalias Sync="TRUE">FID</attalias><attrtype Sync="TRUE">OID</attrtype><attwidth Sync="TRUE">4</attwidth><atprecis Sync="TRUE">0</atprecis><attscale Sync="TRUE">0</attscale><attrdef Sync="TRUE">Internal feature number.</attrdef><attrdefs Sync="TRUE">Esri</attrdefs><attrdomv><udom Sync="TRUE">Sequential unique whole numbers that are automatically generated.</udom></attrdomv></attr><attr><attrlabl Sync="TRUE">SHAPE</attrlabl><attalias Sync="TRUE">Shape</attalias><attrtype Sync="TRUE">Geometry</attrtype><attwidth Sync="TRUE">0</attwidth><atprecis Sync="TRUE">0</atprecis><attscale Sync="TRUE">0</attscale><attrdef Sync="TRUE">Feature geometry.</attrdef><attrdefs Sync="TRUE">Esri</attrdefs><attrdomv><udom Sync="TRUE">Coordinates defining the features.</udom></attrdomv></attr><attr><attrlabl>EaseHolder</attrlabl><attrdomv><edom><edomv>60</edomv><edomvd>Private Land Trust</edomvd></edom><edom><edomv>42</edomv><edomvd>Crow Tribal Lands</edomvd></edom><edom><edomv>26</edomv><edomvd>Montana Dept of Natural Resources Water Projects</edomvd></edom><edom><edomv>62</edomv><edomvd>Montana Land Reliance</edomvd></edom><edom><edomv>68</edomv><edomvd>Gallatin Valley Land Trust</edomvd></edom><edom><edomv>71</edomv><edomvd>Bitter Root Land Trust</edomvd></edom><edom><edomv>69</edomv><edomvd>Prickly Pear Land Trust</edomvd></edom><edom><edomv>20</edomv><edomvd>State of Montana</edomvd></edom><edom><edomv>106</edomv><edomvd>Institute of the Rockies</edomvd></edom><edom><edomv>31</edomv><edomvd>County Government</edomvd></edom><edom><edomv>48</edomv><edomvd>Turtle Mountain Alloted Lands</edomvd></edom><edom><edomv>65</edomv><edomvd>Boone and Crockett Club</edomvd></edom><edom><edomv>1000</edomv><edomvd>Conflicting Records</edomvd></edom><edom><edomv>41</edomv><edomvd>Blackfeet Tribal Lands</edomvd></edom><edom><edomv>64</edomv><edomvd>Ducks Unlimited</edomvd></edom><edom><edomv>15</edomv><edomvd>US Forest Service</edomvd></edom><edom><edomv>44</edomv><edomvd>Fort Belknap Tribal Lands</edomvd></edom><edom><edomv>103</edomv><edomvd>Mule Deer Foundation</edomvd></edom><edom><edomv>76</edomv><edomvd>National Wildlife Federation</edomvd></edom><edom><edomv>22</edomv><edomvd>Montana Fish, Wildlife, and Parks</edomvd></edom><edom><edomv>10</edomv><edomvd>US Government</edomvd></edom><edom><edomv>52</edomv><edomvd>Plum Creek Timber Company</edomvd></edom><edom><edomv>46</edomv><edomvd>Northern Cheyenne Tribal Lands</edomvd></edom><edom><edomv>0</edomv><edomvd>Unknown</edomvd></edom><edom><edomv>25</edomv><edomvd>Montana Dept of Transportation</edomvd></edom><edom><edomv>18</edomv><edomvd>US Dept of Defense</edomvd></edom><edom><edomv>73</edomv><edomvd>Mid-Yellowstone Land Trust</edomvd></edom><edom><edomv>102</edomv><edomvd>The Conservation Fund</edomvd></edom><edom><edomv>78</edomv><edomvd>Clark Fork- Pend Oreille Conservancy</edomvd></edom><edom><edomv>101</edomv><edomvd>Humane Society Wildlife Land Trust</edomvd></edom><edom><edomv>30</edomv><edomvd>Local Government</edomvd></edom><edom><edomv>17</edomv><edomvd>US Army Corps of Engineers</edomvd></edom><edom><edomv>45</edomv><edomvd>Fort Peck Tribal Lands</edomvd></edom><edom><edomv>32</edomv><edomvd>City Government</edomvd></edom><edom><edomv>14</edomv><edomvd>National Park Service</edomvd></edom><edom><edomv>16</edomv><edomvd>US Dept of Agriculture</edomvd></edom><edom><edomv>40</edomv><edomvd>Bureau of Indian Affairs Trust Land</edomvd></edom><edom><edomv>63</edomv><edomvd>Rocky Mountain Elk Foundation</edomvd></edom><edom><edomv>21</edomv><edomvd>Montana State Trust Lands</edomvd></edom><edom><edomv>43</edomv><edomvd>Salish and Kootenai Tribal Lands</edomvd></edom><edom><edomv>24</edomv><edomvd>Montana Dept of Corrections</edomvd></edom><edom><edomv>47</edomv><edomvd>Chippewa-Cree Tribal Lands</edomvd></edom><edom><edomv>67</edomv><edomvd>Flathead Land Trust</edomvd></edom><edom><edomv>11</edomv><edomvd>US Bureau of Land Management</edomvd></edom><edom><edomv>104</edomv><edomvd>American Prairie Foundation</edomvd></edom><edom><edomv>66</edomv><edomvd>Five Valleys Land Trust</edomvd></edom><edom><edomv>105</edomv><edomvd>Kaniksu Land Trust, Inc</edomvd></edom><edom><edomv>13</edomv><edomvd>US Fish and Wildlife Service</edomvd></edom><edom><edomv>23</edomv><edomvd>Montana University System</edomvd></edom><edom><edomv>74</edomv><edomvd>Vital Ground Foundation</edomvd></edom><edom><edomv>100</edomv><edomvd>Montana Conservation Trust</edomvd></edom><edom><edomv>12</edomv><edomvd>US Bureau of Reclamation</edomvd></edom><edom><edomv>77</edomv><edomvd>Rattlesnake Land Trust</edomvd></edom><edom><edomv>72</edomv><edomvd>Blackfeet Land Trust</edomvd></edom><edom><edomv>75</edomv><edomvd>The Bighorn Institute</edomvd></edom><edom><edomv>61</edomv><edomvd>The Nature Conservancy</edomvd></edom></attrdomv><attalias Sync="TRUE">EaseHolder</attalias><attrtype Sync="TRUE">Integer</attrtype><attwidth Sync="TRUE">10</attwidth><atprecis Sync="TRUE">10</atprecis><attscale Sync="TRUE">0</attscale></attr><attr><attrlabl>GISAcreage</attrlabl><attalias Sync="TRUE">GISAcreage</attalias><attrtype Sync="TRUE">Double</attrtype><attwidth Sync="TRUE">19</attwidth><atprecis Sync="TRUE">0</atprecis><attscale Sync="TRUE">0</attscale></attr><attr><attrlabl>DeedRef</attrlabl><attalias Sync="TRUE">DeedRef</attalias><attrtype Sync="TRUE">String</attrtype><attwidth Sync="TRUE">20</attwidth><atprecis Sync="TRUE">0</atprecis><attscale Sync="TRUE">0</attscale></attr><attr><attrlabl>EaseDate</attrlabl><attalias Sync="TRUE">EaseDate</attalias><attrtype Sync="TRUE">Date</attrtype><attwidth Sync="TRUE">8</attwidth><atprecis Sync="TRUE">0</atprecis><attscale Sync="TRUE">0</attscale></attr><attr><attrlabl Sync="TRUE">DateEntere</attrlabl><attalias Sync="TRUE">DateEntere</attalias><attrtype Sync="TRUE">Date</attrtype><attwidth Sync="TRUE">8</attwidth><atprecis Sync="TRUE">0</atprecis><attscale Sync="TRUE">0</attscale></attr><attr><attrlabl>UniqueID</attrlabl><attalias Sync="TRUE">UniqueID</attalias><attrtype Sync="TRUE">String</attrtype><attwidth Sync="TRUE">25</attwidth><atprecis Sync="TRUE">0</atprecis><attscale Sync="TRUE">0</attscale></attr><attr><attrlabl Sync="TRUE">Shape_STAr</attrlabl><attalias Sync="TRUE">Shape_STAr</attalias><attrtype Sync="TRUE">Double</attrtype><attwidth Sync="TRUE">19</attwidth><atprecis Sync="TRUE">0</atprecis><attscale Sync="TRUE">0</attscale></attr><attr><attrlabl Sync="TRUE">Shape_STLe</attrlabl><attalias Sync="TRUE">Shape_STLe</attalias><attrtype Sync="TRUE">Double</attrtype><attwidth Sync="TRUE">19</attwidth><atprecis Sync="TRUE">0</atprecis><attscale Sync="TRUE">0</attscale></attr></detailed></eainfo><mdHrLvName Sync="TRUE">dataset</mdHrLvName><refSysInfo><RefSystem><refSysID><identCode code="32100" Sync="TRUE"/><idCodeSpace Sync="TRUE">EPSG</idCodeSpace><idVersion Sync="TRUE">4.5(3.0.1)</idVersion></refSysID></RefSystem></refSysInfo><spatRepInfo><VectSpatRep><geometObjs Name="MTConEasements_SHP"><geoObjTyp><GeoObjTypCd value="002" Sync="TRUE"></GeoObjTypCd></geoObjTyp><geoObjCnt Sync="TRUE">0</geoObjCnt></geometObjs><topLvl><TopoLevCd value="001" Sync="TRUE"></TopoLevCd></topLvl></VectSpatRep></spatRepInfo><spdoinfo><ptvctinf><esriterm Name="MTConEasements_SHP"><efeatyp Sync="TRUE">Simple</efeatyp><efeageom code="4" Sync="TRUE"></efeageom><esritopo Sync="TRUE">FALSE</esritopo><efeacnt Sync="TRUE">0</efeacnt><spindex Sync="TRUE">FALSE</spindex><linrefer Sync="TRUE">FALSE</linrefer></esriterm></ptvctinf></spdoinfo></metadata>
