<metadata xml:lang="en"><Esri><CreaDate>20141016</CreaDate><CreaTime>13410300</CreaTime><ArcGISFormat>1.0</ArcGISFormat><ArcGISstyle>FGDC CSDGM Metadata</ArcGISstyle><SyncOnce>FALSE</SyncOnce><DataProperties><lineage><Process ToolSource="c:\program files (x86)\arcgis\desktop10.1\ArcToolbox\Toolboxes\Data Management Tools.tbx\CalculateField" Date="20140507" Time="164206" Name="" export="">CalculateField AdjustedCountyLines_XYTolerance_1 Adjust "HOLD" VB #</Process><Process ToolSource="c:\program files (x86)\arcgis\desktop10.1\ArcToolbox\Toolboxes\Data Management Tools.tbx\CalculateField" Date="20140507" Time="164231" Name="" export="">CalculateField AdjustedCountyLines_XYTolerance_1 Adjust "ADJUST" VB #</Process><Process ToolSource="c:\program files (x86)\arcgis\desktop10.1\ArcToolbox\Toolboxes\Data Management Tools.tbx\CalculateField" Date="20140507" Time="164315" Name="" export="">CalculateField AdjustedCountyLines_XYTolerance_1 Adjust "HOLD" VB #</Process><Process ToolSource="c:\program files (x86)\arcgis\desktop10.1\ArcToolbox\Toolboxes\Data Management Tools.tbx\CalculateField" Date="20140507" Time="164415" Name="" export="">CalculateField AdjustedCountyLines_XYTolerance_1 Adjust "ADJUST" VB #</Process><Process ToolSource="C:\Program Files (x86)\Premier Data Services\ConflationToolbox\Conflation.tbx\ConflateLayers" Date="20140507" Time="165755" Name="" export="">ConflateLayers LinkMatching AdjustedCountyLines_XYTolerance_1__ADJUSTLINES</Process><Process ToolSource="C:\Program Files (x86)\Premier Data Services\ConflationToolbox\Conflation.tbx\ConflateLayers" Date="20140515" Time="145643" Name="" export="">ConflateLayers C:\Users\cw0158\Desktop\data_updating\CountyAdjusting.gdb\CountyLinkMatchingXY0000001 C:\Users\cw0158\Desktop\data_updating\CountyAdjusting.gdb\AdjustedCountyLines_XYTolerance_1__ADJUSTLINES</Process><Process ToolSource="c:\program files (x86)\arcgis\desktop10.1\ArcToolbox\Toolboxes\Conversion Tools.tbx\FeatureClassToFeatureClass" Date="20140515" Time="154209" Name="" export="">FeatureClassToFeatureClass C:\Users\cw0158\Desktop\data_updating\CountyAdjusting.gdb\AdjustedCountyLines_XYTolerance_1__ADJUSTLINES C:\Users\cw0158\Desktop\data_updating\CountyAdjustingRound2_XY_Tolerance.gdb\CountyBoundaries CountyLines_PreAdjustment # "NAME "NAME" true true false 32 Text 0 0 ,First,#,C:\Users\cw0158\Desktop\data_updating\CountyAdjusting.gdb\AdjustedCountyLines_XYTolerance_1__ADJUSTLINES,NAME,-1,-1;BMIDType "BMIDType" true true false 2 Text 0 0 ,First,#,C:\Users\cw0158\Desktop\data_updating\CountyAdjusting.gdb\AdjustedCountyLines_XYTolerance_1__ADJUSTLINES,BMIDType,-1,-1;Adjust "Adjust" true true false 8 Text 0 0 ,First,#,C:\Users\cw0158\Desktop\data_updating\CountyAdjusting.gdb\AdjustedCountyLines_XYTolerance_1__ADJUSTLINES,Adjust,-1,-1;SHAPE_Length "SHAPE_Length" false true true 8 Double 0 0 ,First,#,C:\Users\cw0158\Desktop\data_updating\CountyAdjusting.gdb\AdjustedCountyLines_XYTolerance_1__ADJUSTLINES,SHAPE_Length,-1,-1" #</Process><Process ToolSource="C:\Program Files (x86)\Premier Data Services\ConflationToolbox\Conflation.tbx\ConflateLayers" Date="20140515" Time="180229" Name="" export="">ConflateLayers CountyLinkMatching AdjustableLines</Process><Process ToolSource="c:\program files (x86)\arcgis\desktop10.1\ArcToolbox\Toolboxes\Conversion Tools.tbx\FeatureClassToFeatureClass" Date="20140519" Time="161125" Name="" export="">FeatureClassToFeatureClass C:\Users\cw0158\Desktop\data_updating\CountyAdjustingRound2_XY_Tolerance.gdb\CountyBoundaries\AdjustableLines "Database Connections\BMSCPRD_GISB.sde" BNDY_AdjustedCountyLine # "NAME "NAME" true true false 32 Text 0 0 ,First,#,C:\Users\cw0158\Desktop\data_updating\CountyAdjustingRound2_XY_Tolerance.gdb\CountyBoundaries\AdjustableLines,NAME,-1,-1;BMIDType "BMIDType" true true false 2 Text 0 0 ,First,#,C:\Users\cw0158\Desktop\data_updating\CountyAdjustingRound2_XY_Tolerance.gdb\CountyBoundaries\AdjustableLines,BMIDType,-1,-1;Adjust "Adjust" true true false 8 Text 0 0 ,First,#,C:\Users\cw0158\Desktop\data_updating\CountyAdjustingRound2_XY_Tolerance.gdb\CountyBoundaries\AdjustableLines,Adjust,-1,-1;Shape_Length "Shape_Length" false true true 8 Double 0 0 ,First,#,C:\Users\cw0158\Desktop\data_updating\CountyAdjustingRound2_XY_Tolerance.gdb\CountyBoundaries\AdjustableLines,Shape_Length,-1,-1" #</Process><Process ToolSource="C:\Program Files (x86)\Premier Data Services\ConflationToolbox\Conflation.tbx\ConflateLayers" Date="20150224" Time="111418" Name="" export="">ConflateLayers AdjustLinksTeton800Feet AdministrativeBoundaries.DBO.BNDY_AdjustedCityTownLines;AdministrativeBoundaries.DBO.BNDY_AdjustedCountyLines;AdministrativeBoundaries.DBO.BNDY_AdjustedElementaryLines;AdministrativeBoundaries.DBO.BNDY_AdjustedSecondaryLines;AdministrativeBoundaries.DBO.BNDY_AdjustedUnifiedLines;AdministrativeBoundaries.DBO.BNDY_AdjustedCityTown;AdministrativeBoundaries.DBO.BNDY_AdjustedCounty;AdministrativeBoundaries.DBO.BNDY_AdjustedElementary;AdministrativeBoundaries.DBO.BNDY_AdjustedSecondary;AdministrativeBoundaries.DBO.BNDY_AdjustedUnified</Process><Process ToolSource="C:\Program Files (x86)\Premier Data Services\ConflationToolbox\Conflation.tbx\ConflateLayers" Date="20150224" Time="113420" Name="" export="">ConflateLayers AdjustLinksTeton800Feet_StatePlane AdministrativeBoundaries.DBO.BNDY_AdjustedCityTownLines;AdministrativeBoundaries.DBO.BNDY_AdjustedCountyLines;AdministrativeBoundaries.DBO.BNDY_AdjustedElementaryLines;AdministrativeBoundaries.DBO.BNDY_AdjustedSecondaryLines;AdministrativeBoundaries.DBO.BNDY_AdjustedUnifiedLines;AdministrativeBoundaries.DBO.BNDY_AdjustedCityTown;AdministrativeBoundaries.DBO.BNDY_AdjustedCounty;AdministrativeBoundaries.DBO.BNDY_AdjustedElementary;AdministrativeBoundaries.DBO.BNDY_AdjustedSecondary;AdministrativeBoundaries.DBO.BNDY_AdjustedUnified</Process><Process ToolSource="C:\Program Files (x86)\Premier Data Services\ConflationToolbox\Conflation.tbx\ConflateLayers" Date="20150224" Time="131741" Name="" export="">ConflateLayers AdjustLinksTeton800Feet_StatePlane AdministrativeBoundaries.DBO.BNDY_AdjustedCityTownLines;AdministrativeBoundaries.DBO.BNDY_AdjustedCityTown;AdministrativeBoundaries.DBO.BNDY_AdjustedCountyLines;AdministrativeBoundaries.DBO.BNDY_AdjustedCounty;AdministrativeBoundaries.DBO.BNDY_AdjustedElementary;AdministrativeBoundaries.DBO.BNDY_AdjustedElementaryLines;AdministrativeBoundaries.DBO.BNDY_AdjustedSecondaryLines;AdministrativeBoundaries.DBO.BNDY_AdjustedSecondary</Process><Process ToolSource="C:\Program Files (x86)\Premier Data Services\ConflationToolbox\Conflation.tbx\ConflateLayers" Date="20150224" Time="150913" Name="" export="">ConflateLayers AdjustLinksTeton800Feet_StatePlane AdministrativeBoundaries.DBO.BNDY_AdjustedCityTownLines;AdministrativeBoundaries.DBO.BNDY_AdjustedCityTown;AdministrativeBoundaries.DBO.BNDY_AdjustedCountyLines;AdministrativeBoundaries.DBO.BNDY_AdjustedCounty;AdministrativeBoundaries.DBO.BNDY_AdjustedElementaryLines;AdministrativeBoundaries.DBO.BNDY_AdjustedElementary;AdministrativeBoundaries.DBO.BNDY_AdjustedSecondaryLines;AdministrativeBoundaries.DBO.BNDY_AdjustedSecondary;AdministrativeBoundaries.DBO.BNDY_AdjustedUnifiedLines;AdministrativeBoundaries.DBO.BNDY_AdjustedUnified</Process><Process ToolSource="C:\Program Files (x86)\Premier Data Services\ConflationToolbox\Conflation.tbx\ConflateLayers" Date="20150225" Time="144842" Name="" export="">ConflateLayers AdjustLinksYS800Feet_StatePlane AdministrativeBoundaries.DBO.BNDY_AdjustedCityTownLines;AdministrativeBoundaries.DBO.BNDY_AdjustedCountyLines;AdministrativeBoundaries.DBO.BNDY_AdjustedElementaryLines;'Montana Fire District Boundaries';AdministrativeBoundaries.DBO.BNDY_HouseDistricts;AdministrativeBoundaries.DBO.BNDY_Reservations;AdministrativeBoundaries.DBO.BNDY_TIFD;AdministrativeBoundaries.DBO.BNDY_AdjustedCityTown;AdministrativeBoundaries.DBO.BNDY_AdjustedCounty;AdministrativeBoundaries.DBO.BNDY_AdjustedElementary;AdministrativeBoundaries.DBO.BNDY_AdjustedSecondaryLines;AdministrativeBoundaries.DBO.BNDY_AdjustedSecondary;AdministrativeBoundaries.DBO.BNDY_AdjustedUnifiedLines;AdministrativeBoundaries.DBO.BNDY_AdjustedUnified</Process><Process ToolSource="C:\Program Files (x86)\Premier Data Services\ConflationToolbox\Conflation.tbx\ConflateLayers" Date="20150225" Time="145653" Name="" export="">ConflateLayers AdjustLinksYS800Feet_StatePlane AdministrativeBoundaries.DBO.BNDY_AdjustedCityTownLines;AdministrativeBoundaries.DBO.BNDY_AdjustedCountyLines;AdministrativeBoundaries.DBO.BNDY_AdjustedElementaryLines;'Montana Fire District Boundaries';AdministrativeBoundaries.DBO.BNDY_Reservations;AdministrativeBoundaries.DBO.BNDY_TIFD;AdministrativeBoundaries.DBO.BNDY_AdjustedCityTown;AdministrativeBoundaries.DBO.BNDY_AdjustedCounty;AdministrativeBoundaries.DBO.BNDY_AdjustedElementary;AdministrativeBoundaries.DBO.BNDY_AdjustedSecondaryLines;AdministrativeBoundaries.DBO.BNDY_AdjustedSecondary;AdministrativeBoundaries.DBO.BNDY_AdjustedUnifiedLines;AdministrativeBoundaries.DBO.BNDY_AdjustedUnified;AdministrativeBoundaries.DBO.BNDY_HouseDistricts_StatePlane</Process><Process ToolSource="C:\Program Files (x86)\Premier Data Services\ConflationToolbox\Conflation.tbx\ConflateLayers" Date="20150225" Time="150210" Name="" export="">ConflateLayers AdjustLinksYS800Feet_StatePlane AdministrativeBoundaries.DBO.BNDY_AdjustedCityTownLines;AdministrativeBoundaries.DBO.BNDY_AdjustedCountyLines;AdministrativeBoundaries.DBO.BNDY_AdjustedElementaryLines;AdministrativeBoundaries.DBO.BNDY_HouseDistricts_StatePlane;'Montana Fire District Boundaries';AdministrativeBoundaries.DBO.BNDY_Reservations;AdministrativeBoundaries.DBO.BNDY_TIFD;AdministrativeBoundaries.DBO.BNDY_AdjustedCityTown;AdministrativeBoundaries.DBO.BNDY_AdjustedCounty;AdministrativeBoundaries.DBO.BNDY_AdjustedElementary;AdministrativeBoundaries.DBO.BNDY_AdjustedSecondaryLines;AdministrativeBoundaries.DBO.BNDY_AdjustedSecondary;AdministrativeBoundaries.DBO.BNDY_AdjustedUnifiedLines;AdministrativeBoundaries.DBO.BNDY_AdjustedUnified</Process><Process ToolSource="C:\Program Files (x86)\Premier Data Services\ConflationToolbox\Conflation.tbx\ConflateLayers" Date="20150225" Time="152030" Name="" export="">ConflateLayers AdjustLinksYS800Feet_StatePlane AdministrativeBoundaries.DBO.BNDY_AdjustedCityTownLines;AdministrativeBoundaries.DBO.BNDY_AdjustedCountyLines;AdministrativeBoundaries.DBO.BNDY_AdjustedElementaryLines;AdministrativeBoundaries.DBO.BNDY_HouseDistricts_StatePlane;'Montana Fire District Boundaries';AdministrativeBoundaries.DBO.BNDY_Reservations;AdministrativeBoundaries.DBO.BNDY_TIFD;AdministrativeBoundaries.DBO.BNDY_AdjustedCityTown;AdministrativeBoundaries.DBO.BNDY_AdjustedCounty;AdministrativeBoundaries.DBO.BNDY_AdjustedElementary;AdministrativeBoundaries.DBO.BNDY_AdjustedSecondaryLines;AdministrativeBoundaries.DBO.BNDY_AdjustedSecondary;AdministrativeBoundaries.DBO.BNDY_AdjustedUnifiedLines;AdministrativeBoundaries.DBO.BNDY_AdjustedUnified</Process><Process ToolSource="C:\Program Files (x86)\Premier Data Services\ConflationToolbox\Conflation.tbx\ConflateLayers" Date="20150225" Time="155809" Name="" export="">ConflateLayers AdjustLinksYS800Feet AdministrativeBoundaries.DBO.BNDY_AdjustedCityTownLines;AdministrativeBoundaries.DBO.BNDY_AdjustedCountyLines;AdministrativeBoundaries.DBO.BNDY_AdjustedElementaryLines;AdministrativeBoundaries.DBO.BNDY_HouseDistricts_StatePlane;'Montana Fire District Boundaries';AdministrativeBoundaries.DBO.BNDY_Reservations;AdministrativeBoundaries.DBO.BNDY_TIFD;AdministrativeBoundaries.DBO.BNDY_AdjustedCityTown;AdministrativeBoundaries.DBO.BNDY_AdjustedCounty;AdministrativeBoundaries.DBO.BNDY_AdjustedElementary;AdministrativeBoundaries.DBO.BNDY_AdjustedSecondaryLines;AdministrativeBoundaries.DBO.BNDY_AdjustedSecondary;AdministrativeBoundaries.DBO.BNDY_AdjustedUnifiedLines;AdministrativeBoundaries.DBO.BNDY_AdjustedUnified</Process><Process ToolSource="C:\Program Files (x86)\Premier Data Services\ConflationToolbox\Conflation.tbx\ConflateLayers" Date="20150226" Time="073136" Name="" export="">ConflateLayers AdjustLinksYS800Feet_StatePlane AdministrativeBoundaries.DBO.BNDY_AdjustedCityTownLines;AdministrativeBoundaries.DBO.BNDY_AdjustedCountyLines;AdministrativeBoundaries.DBO.BNDY_AdjustedElementaryLines;AdministrativeBoundaries.DBO.BNDY_HouseDistricts_StatePlane;'Montana Fire District Boundaries';AdministrativeBoundaries.DBO.BNDY_Reservations;AdministrativeBoundaries.DBO.BNDY_TIFD;AdministrativeBoundaries.DBO.BNDY_AdjustedCityTown;AdministrativeBoundaries.DBO.BNDY_AdjustedCounty;AdministrativeBoundaries.DBO.BNDY_AdjustedElementary;AdministrativeBoundaries.DBO.BNDY_AdjustedSecondaryLines;AdministrativeBoundaries.DBO.BNDY_AdjustedSecondary;AdministrativeBoundaries.DBO.BNDY_AdjustedUnifiedLines;AdministrativeBoundaries.DBO.BNDY_AdjustedUnified</Process><Process ToolSource="C:\Program Files (x86)\Premier Data Services\ConflationToolbox\Conflation.tbx\ConflateLayers" Date="20150226" Time="083446" Name="" export="">ConflateLayers YSLinks800Feet_Keith AdministrativeBoundaries.DBO.BNDY_AdjustedCityTownLines;AdministrativeBoundaries.DBO.BNDY_AdjustedCountyLines;AdministrativeBoundaries.DBO.BNDY_AdjustedElementaryLines;AdministrativeBoundaries.DBO.BNDY_HouseDistricts_StatePlane;'Montana Fire District Boundaries';AdministrativeBoundaries.DBO.BNDY_Reservations;AdministrativeBoundaries.DBO.BNDY_TIFD;AdministrativeBoundaries.DBO.BNDY_AdjustedCityTown;AdministrativeBoundaries.DBO.BNDY_AdjustedCounty;AdministrativeBoundaries.DBO.BNDY_AdjustedElementary;AdministrativeBoundaries.DBO.BNDY_AdjustedSecondaryLines;AdministrativeBoundaries.DBO.BNDY_AdjustedSecondary;AdministrativeBoundaries.DBO.BNDY_AdjustedUnifiedLines;AdministrativeBoundaries.DBO.BNDY_AdjustedUnified</Process><Process ToolSource="C:\Program Files (x86)\Premier Data Services\ConflationToolbox\Conflation.tbx\ConflateLayers" Date="20150226" Time="120746" Name="" export="">ConflateLayers YSLinks800Feet_Keith AdministrativeBoundaries.DBO.BNDY_AdjustedCityTownLines;AdministrativeBoundaries.DBO.BNDY_AdjustedCountyLines;AdministrativeBoundaries.DBO.BNDY_AdjustedElementaryLines;'Montana Weed Districts';AdministrativeBoundaries.DBO.BNDY_HouseDistricts_StatePlane;'Montana Fire District Boundaries';AdministrativeBoundaries.DBO.BNDY_Reservations;AdministrativeBoundaries.DBO.BNDY_TIFD;AdministrativeBoundaries.DBO.BNDY_AdjustedCityTown;AdministrativeBoundaries.DBO.BNDY_AdjustedCounty;AdministrativeBoundaries.DBO.BNDY_AdjustedElementary;AdministrativeBoundaries.DBO.BNDY_AdjustedSecondaryLines;AdministrativeBoundaries.DBO.BNDY_AdjustedSecondary;AdministrativeBoundaries.DBO.BNDY_AdjustedUnifiedLines;AdministrativeBoundaries.DBO.BNDY_AdjustedUnified</Process><Process ToolSource="C:\Program Files (x86)\Premier Data Services\ConflationToolbox\Conflation.tbx\ConflateLayers" Date="20150227" Time="123350" Name="" export="">ConflateLayers YSLinks800Feet_Keith SQLPRD_AdminBndaries\AdministrativeBoundaries.DBO.BNDY_AdjustedCityTownLines;SQLPRD_AdminBndaries\AdministrativeBoundaries.DBO.BNDY_AdjustedCityTown;SQLPRD_AdminBndaries\AdministrativeBoundaries.DBO.BNDY_AdjustedCountyLines;SQLPRD_AdminBndaries\AdministrativeBoundaries.DBO.BNDY_AdjustedCounty;SQLPRD_AdminBndaries\AdministrativeBoundaries.DBO.BNDY_AdjustedElementaryLines;SQLPRD_AdminBndaries\AdministrativeBoundaries.DBO.BNDY_AdjustedElementary;SQLPRD_AdminBndaries\AdministrativeBoundaries.DBO.BNDY_AdjustedSecondaryLines;SQLPRD_AdminBndaries\AdministrativeBoundaries.DBO.BNDY_AdjustedSecondary;SQLPRD_AdminBndaries\AdministrativeBoundaries.DBO.BNDY_AdjustedUnifiedLines;SQLPRD_AdminBndaries\AdministrativeBoundaries.DBO.BNDY_AdjustedUnified;'SQLPRD_AdminBndaries\Montana Weed Districts'</Process><Process ToolSource="C:\Program Files (x86)\Premier Data Services\ConflationToolbox\Conflation.tbx\ConflateLayers" Date="20150303" Time="124547" Name="" export="">ConflateLayers AdjustLinksYS800Feet2_03032015 SQLPRD_AdminBndaries\AdministrativeBoundaries.DBO.BNDY_TIFD;SQLPRD_AdminBndaries\AdministrativeBoundaries.DBO.BNDY_Reservations;'SQLPRD_AdminBndaries\Montana Weed Districts';SQLPRD_AdminBndaries\AdministrativeBoundaries.DBO.BNDY_AdjustedUnified;SQLPRD_AdminBndaries\AdministrativeBoundaries.DBO.BNDY_AdjustedUnifiedLines;SQLPRD_AdminBndaries\AdministrativeBoundaries.DBO.BNDY_AdjustedSecondary;SQLPRD_AdminBndaries\AdministrativeBoundaries.DBO.BNDY_AdjustedSecondaryLines;SQLPRD_AdminBndaries\AdministrativeBoundaries.DBO.BNDY_AdjustedElementary;SQLPRD_AdminBndaries\AdministrativeBoundaries.DBO.BNDY_AdjustedElementaryLines;SQLPRD_AdminBndaries\AdministrativeBoundaries.DBO.BNDY_AdjustedCounty;SQLPRD_AdminBndaries\AdministrativeBoundaries.DBO.BNDY_AdjustedCountyLines;SQLPRD_AdminBndaries\AdministrativeBoundaries.DBO.BNDY_AdjustedCityTown;SQLPRD_AdminBndaries\AdministrativeBoundaries.DBO.BNDY_AdjustedCityTownLines</Process><Process ToolSource="C:\Program Files (x86)\Premier Data Services\ConflationToolbox\Conflation.tbx\ConflateLayers" Date="20150305" Time="132332" Name="" export="">ConflateLayers AdjustLinksYS800Feet2_03032015 AdminBound_YSConflate\AdministrativeBoundaries.DBO.BNDY_AdjustedCityTownLines;AdminBound_YSConflate\AdministrativeBoundaries.DBO.BNDY_AdjustedCityTown;AdminBound_YSConflate\AdministrativeBoundaries.DBO.BNDY_AdjustedCountyLines;AdminBound_YSConflate\AdministrativeBoundaries.DBO.BNDY_AdjustedCounty;AdminBound_YSConflate\AdministrativeBoundaries.DBO.BNDY_AdjustedElementaryLines;AdminBound_YSConflate\AdministrativeBoundaries.DBO.BNDY_AdjustedElementary;AdminBound_YSConflate\AdministrativeBoundaries.DBO.BNDY_AdjustedSecondaryLines;AdminBound_YSConflate\AdministrativeBoundaries.DBO.BNDY_AdjustedSecondary;AdminBound_YSConflate\AdministrativeBoundaries.DBO.BNDY_AdjustedUnifiedLines;AdminBound_YSConflate\AdministrativeBoundaries.DBO.BNDY_AdjustedUnified;AdminBound_YSConflate\AdministrativeBoundaries.DBO.BNDY_Reservations;AdminBound_YSConflate\AdministrativeBoundaries.DBO.BNDY_TIFD;'AdminBound_YSConflate\Montana Weed Districts'</Process><Process ToolSource="c:\program files (x86)\arcgis\desktop10.1\ArcToolbox\Toolboxes\Data Management Tools.tbx\CalculateField" Date="20150331" Time="104859" Name="" export="">CalculateField YS_Maya_03252015\AdministrativeBoundaries.DBO.BNDY_AdjustedCountyLines LAST_UPDATE time.strftime('%d/%m/%Y') PYTHON_9.3 #</Process><Process ToolSource="c:\program files (x86)\arcgis\desktop10.1\ArcToolbox\Toolboxes\Data Management Tools.tbx\CalculateField" Date="20150331" Time="155216" Name="" export="">CalculateField outLayer LAST_UPDATE time.strftime('%d/%m/%Y') PYTHON_9.3 #</Process><Process ToolSource="c:\program files (x86)\arcgis\desktop10.1\ArcToolbox\Toolboxes\Data Management Tools.tbx\CalculateField" Date="20150401" Time="101705" Name="" export="">CalculateField outLayer LAST_UPDATE time.strftime('%m/%d/%Y') PYTHON_9.3 #</Process><Process ToolSource="C:\Temp\Conflation_10_3\Conflation.tbx\ConflateLayers" Date="20150721" Time="143857" Name="" export="">ConflateLayers GalParkLinks800feet AdminBND\AdministrativeBoundaries.DBO.BNDY_Mosquito;AdminBND\AdministrativeBoundaries.DBO.BNDY_AdjustedCityTownLines;AdminBND\AdministrativeBoundaries.DBO.BNDY_AdjustedCountyLines;AdminBND\AdministrativeBoundaries.DBO.BNDY_AdjustedSecondaryLines;AdminBND\AdministrativeBoundaries.DBO.BNDY_AdjustedElementaryLines;AdminBND\AdministrativeBoundaries.DBO.BNDY_AdjustedUnifiedLines;AdminBND\AdministrativeBoundaries.DBO.BNDY_Reservations;AdminBND\AdministrativeBoundaries.DBO.BNDY_HouseDistricts_StatePlane;AdminBND\AdministrativeBoundaries.DBO.BNDY_NPSBoundaries;AdminBND\AdministrativeBoundaries.DBO.BNDY_TIFD</Process><Process ToolSource="C:\Temp\Conflation_10_3\Conflation.tbx\ConflateLayers" Date="20150721" Time="150743" Name="" export="">ConflateLayers GalParkLinks800feet AdminBND\AdministrativeBoundaries.DBO.BNDY_AdjustedCountyLines</Process><Process ToolSource="C:\Temp\Conflation_10_3\Conflation.tbx\ConflateLayers" Date="20150721" Time="153550" Name="" export="">ConflateLayers GalParkLinks800feet AdminBND\AdministrativeBoundaries.DBO.BNDY_AdjustedCountyLines</Process><Process ToolSource="c:\program files (x86)\arcgis\desktop10.3\ArcToolbox\Toolboxes\Editing Tools.tbx\RubbersheetFeatures" Date="20160929" Time="161733" Name="" export="">RubbersheetFeatures AdminBND\CountyLines Links0715_0316 # LINEAR</Process><Process ToolSource="C:\temp\Conflation_10_3\Conflation.tbx\ConflateLayers" Date="20161005" Time="100848" Name="" export="">ConflateLayers LinksJulyMarch2016all 'New Group Layer\AdministrativeBoundaries.DBO.BNDY_County';'New Group Layer\AdministrativeBoundaries.DBO.BNDY_CountyLines'</Process><Process ToolSource="c:\program files (x86)\arcgis\desktop10.3\ArcToolbox\Toolboxes\Data Management Tools.tbx\CalculateField" Date="20161006" Time="121005" Name="" export="">CalculateField "Adjusted to March 2016\AdministrativeBoundaries.DBO.BNDY_CountyLines" LAST_UPDATE "9/30/2016" VB #</Process><Process ToolSource="C:\temp\Conflation_10_3\Conflation.tbx\ConflateLayers" Date="20170714" Time="135752" Name="" export="">ConflateLayers G:\05-MSDI_DataDev\AdminBoundaries\Adjust\AdjustLinks.gdb\SelectedLinks_17_16_HoldLinks H:\databaseconnections\MSLSQLDEV01\Versions\AdminBoundaries_cw3612_MSLSQLDEV01.sde\AdministrativeBoundaries.DBO.BNDY_County;H:\databaseconnections\MSLSQLDEV01\Versions\AdminBoundaries_cw3612_MSLSQLDEV01.sde\AdministrativeBoundaries.DBO.BNDY_CountyLines</Process><Process ToolSource="C:\TEMP\Conflation_10_3\Conflation.tbx\ConflateLayers" Date="20170714" Time="151945" Name="" export="">ConflateLayers Links17_class1 AdministrativeBoundaries.DBO.BNDY_CountyLines;AdministrativeBoundaries.DBO.BNDY_MunicipalityLines;AdministrativeBoundaries.DBO.BNDY_SchoolDistrict_ElementaryLines;AdministrativeBoundaries.DBO.BNDY_SchoolDistrict_SecondaryLines;AdministrativeBoundaries.DBO.BNDY_SchoolDistrict_UnifiedLines</Process><Process ToolSource="C:\TEMP\Conflation_10_3\Conflation.tbx\ConflateLayers" Date="20170714" Time="162810" Name="" export="">ConflateLayers Links17_class2 AdministrativeBoundaries.DBO.BNDY_CountyLines;AdministrativeBoundaries.DBO.BNDY_MunicipalityLines;AdministrativeBoundaries.DBO.BNDY_SchoolDistrict_ElementaryLines;AdministrativeBoundaries.DBO.BNDY_SchoolDistrict_SecondaryLines;AdministrativeBoundaries.DBO.BNDY_SchoolDistrict_UnifiedLines;AdministrativeBoundaries.DBO.BNDY_County;AdministrativeBoundaries.DBO.BNDY_Municipality;AdministrativeBoundaries.DBO.BNDY_NPSBoundaries;AdministrativeBoundaries.DBO.BNDY_Reservations;AdministrativeBoundaries.DBO.BNDY_SchoolDistrict_Elementary;AdministrativeBoundaries.DBO.BNDY_SchoolDistrict_Secondary;AdministrativeBoundaries.DBO.BNDY_SchoolDistrict_Unified;AdministrativeBoundaries.DBO.BNDY_State;AdministrativeBoundaries.DBO.BNDY_TIFD;'Montana Weed Districts'</Process><Process ToolSource="C:\TEMP\Conflation_10_3\Conflation.tbx\ConflateLayers" Date="20170714" Time="180850" Name="" export="">ConflateLayers Links17_class3 AdministrativeBoundaries.DBO.BNDY_CountyLines;AdministrativeBoundaries.DBO.BNDY_MunicipalityLines;AdministrativeBoundaries.DBO.BNDY_SchoolDistrict_ElementaryLines;AdministrativeBoundaries.DBO.BNDY_SchoolDistrict_SecondaryLines;AdministrativeBoundaries.DBO.BNDY_SchoolDistrict_UnifiedLines;AdministrativeBoundaries.DBO.BNDY_County;AdministrativeBoundaries.DBO.BNDY_Municipality;AdministrativeBoundaries.DBO.BNDY_NPSBoundaries;AdministrativeBoundaries.DBO.BNDY_Reservations;AdministrativeBoundaries.DBO.BNDY_SchoolDistrict_Elementary;AdministrativeBoundaries.DBO.BNDY_SchoolDistrict_Secondary;AdministrativeBoundaries.DBO.BNDY_SchoolDistrict_Unified;AdministrativeBoundaries.DBO.BNDY_State;AdministrativeBoundaries.DBO.BNDY_TIFD;'Montana Weed Districts'</Process><Process ToolSource="C:\TEMP\Conflation_10_3\Conflation.tbx\ConflateLayers" Date="20170717" Time="094214" Name="" export="">ConflateLayers Links17_class4 AdministrativeBoundaries.DBO.BNDY_CountyLines;AdministrativeBoundaries.DBO.BNDY_MunicipalityLines;AdministrativeBoundaries.DBO.BNDY_SchoolDistrict_ElementaryLines;AdministrativeBoundaries.DBO.BNDY_SchoolDistrict_SecondaryLines;AdministrativeBoundaries.DBO.BNDY_SchoolDistrict_UnifiedLines;AdministrativeBoundaries.DBO.BNDY_County;AdministrativeBoundaries.DBO.BNDY_Municipality;AdministrativeBoundaries.DBO.BNDY_NPSBoundaries;AdministrativeBoundaries.DBO.BNDY_Reservations;AdministrativeBoundaries.DBO.BNDY_SchoolDistrict_Elementary;AdministrativeBoundaries.DBO.BNDY_SchoolDistrict_Secondary;AdministrativeBoundaries.DBO.BNDY_SchoolDistrict_Unified;AdministrativeBoundaries.DBO.BNDY_State;AdministrativeBoundaries.DBO.BNDY_TIFD;'Montana Weed Districts'</Process><Process ToolSource="C:\Temp\Conflation_10_3\Conflation.tbx\ConflateLayers" Date="20190131" Time="140203" Name="" export="">ConflateLayers Links800Feet2018NoZeros_statePlane AdministrativeBoundaries.DBO.BNDY_StateLines;AdministrativeBoundaries.DBO.BNDY_State;AdministrativeBoundaries.DBO.BNDY_CountyLines;AdministrativeBoundaries.DBO.BNDY_MunicipalityLines;AdministrativeBoundaries.DBO.BNDY_SchoolDistrict_ElementaryLines;AdministrativeBoundaries.DBO.BNDY_SchoolDistrict_SecondaryLines;AdministrativeBoundaries.DBO.BNDY_SchoolDistrict_UnifiedLines;AdministrativeBoundaries.DBO.BNDY_County;AdministrativeBoundaries.DBO.BNDY_Municipality;AdministrativeBoundaries.DBO.BNDY_Reservations;AdministrativeBoundaries.DBO.BNDY_SchoolDistrict_Elementary;AdministrativeBoundaries.DBO.BNDY_SchoolDistrict_Secondary;AdministrativeBoundaries.DBO.BNDY_SchoolDistrict_Unified;AdministrativeBoundaries.DBO.BNDY_TIFD;'Montana Weed Districts'</Process><Process ToolSource="C:\Temp\Conflation_10_3\Conflation.tbx\ConflateLayers" Date="20190131" Time="140340" Name="" export="">ConflateLayers AllLinks AdministrativeBoundaries.DBO.BNDY_StateLines;AdministrativeBoundaries.DBO.BNDY_State;AdministrativeBoundaries.DBO.BNDY_CountyLines;AdministrativeBoundaries.DBO.BNDY_MunicipalityLines;AdministrativeBoundaries.DBO.BNDY_SchoolDistrict_ElementaryLines;AdministrativeBoundaries.DBO.BNDY_SchoolDistrict_SecondaryLines;AdministrativeBoundaries.DBO.BNDY_SchoolDistrict_UnifiedLines;AdministrativeBoundaries.DBO.BNDY_County;AdministrativeBoundaries.DBO.BNDY_Municipality;AdministrativeBoundaries.DBO.BNDY_Reservations;AdministrativeBoundaries.DBO.BNDY_SchoolDistrict_Elementary;AdministrativeBoundaries.DBO.BNDY_SchoolDistrict_Secondary;AdministrativeBoundaries.DBO.BNDY_SchoolDistrict_Unified;AdministrativeBoundaries.DBO.BNDY_TIFD;'Montana Weed Districts'</Process><Process ToolSource="C:\Temp\Conflation_10_3\Conflation.tbx\ConflateLayers" Date="20190131" Time="142448" Name="" export="">ConflateLayers C:\Junk\BNDadjust2019\Links.gdb\AllLinks AdministrativeBoundaries.DBO.BNDY_CountyLines;AdministrativeBoundaries.DBO.BNDY_MunicipalityLines;AdministrativeBoundaries.DBO.BNDY_SchoolDistrict_ElementaryLines;AdministrativeBoundaries.DBO.BNDY_SchoolDistrict_SecondaryLines;AdministrativeBoundaries.DBO.BNDY_SchoolDistrict_UnifiedLines;AdministrativeBoundaries.DBO.BNDY_StateLines;AdministrativeBoundaries.DBO.BNDY_County;AdministrativeBoundaries.DBO.BNDY_Municipality;AdministrativeBoundaries.DBO.BNDY_Reservations;AdministrativeBoundaries.DBO.BNDY_SchoolDistrict_Elementary;AdministrativeBoundaries.DBO.BNDY_SchoolDistrict_Secondary;AdministrativeBoundaries.DBO.BNDY_SchoolDistrict_Unified;AdministrativeBoundaries.DBO.BNDY_State;AdministrativeBoundaries.DBO.BNDY_TIFD;'Montana Weed Districts'</Process><Process ToolSource="C:\Temp\Conflation_10_3\Conflation.tbx\ConflateLayers" Date="20190201" Time="091107" Name="" export="">ConflateLayers LinksAllHolds AdministrativeBoundaries.DBO.BNDY_CountyLines;AdministrativeBoundaries.DBO.BNDY_MunicipalityLines;AdministrativeBoundaries.DBO.BNDY_SchoolDistrict_ElementaryLines;AdministrativeBoundaries.DBO.BNDY_SchoolDistrict_SecondaryLines;AdministrativeBoundaries.DBO.BNDY_SchoolDistrict_UnifiedLines</Process><Process ToolSource="C:\Temp\Conflation_10_3\Conflation.tbx\ConflateLayers" Date="20190201" Time="095212" Name="" export="">ConflateLayers LinksSelectedCounty AdministrativeBoundaries.DBO.BNDY_CountyLines;AdministrativeBoundaries.DBO.BNDY_County;'Montana Weed Districts'</Process><Process ToolSource="C:\Temp\Conflation_10_3\Conflation.tbx\ConflateLayers" Date="20190201" Time="104016" Name="" export="">ConflateLayers LinksSelectedCounty AdministrativeBoundaries.DBO.BNDY_CountyLines;AdministrativeBoundaries.DBO.BNDY_County;'Montana Weed Districts'</Process><Process ToolSource="C:\Temp\Conflation_10_3\Conflation.tbx\ConflateLayers" Date="20190205" Time="084942" Name="" export="">ConflateLayers "New Group Layer\LinksSelectedCounty" AdministrativeBoundaries.DBO.BNDY_County;AdministrativeBoundaries.DBO.BNDY_CountyLines;'Montana Weed Districts'</Process><Process ToolSource="C:\Temp\Conflation_10_3\Conflation.tbx\ConflateLayers" Date="20190205" Time="095314" Name="" export="">ConflateLayers "New Group Layer\LinksSelectedCounty" AdministrativeBoundaries.DBO.BNDY_County;AdministrativeBoundaries.DBO.BNDY_CountyLines;'Montana Weed Districts'</Process><Process ToolSource="C:\Temp\Conflation_10_3\Conflation.tbx\ConflateLayers" Date="20190205" Time="102950" Name="" export="">ConflateLayers LinksSelectedCounty AdministrativeBoundaries.DBO.BNDY_County;AdministrativeBoundaries.DBO.BNDY_CountyLines;'Montana Weed Districts'</Process><Process ToolSource="c:\program files (x86)\arcgis\desktop10.5\ArcToolbox\Toolboxes\Conversion Tools.tbx\FeatureClassToFeatureClass" Date="20190212" Time="131643">FeatureClassToFeatureClass H:\databaseconnections\MSLSQLDEV01\SDE_Default\AdminBoundaries_cw3612_MSLSQLDEV01.sde\AdministrativeBoundaries.DBO.BNDY_CountyLines C:\\Publish\\MontanaCounties.gdb\Boundaries CountyLines # "NAME "NAME" true true false 32 Text 0 0 ,First,#,H:\databaseconnections\MSLSQLDEV01\SDE_Default\AdminBoundaries_cw3612_MSLSQLDEV01.sde\AdministrativeBoundaries.DBO.BNDY_CountyLines,NAME,-1,-1;BMIDTYPE "BMIDType" true true false 2 Text 0 0 ,First,#,H:\databaseconnections\MSLSQLDEV01\SDE_Default\AdminBoundaries_cw3612_MSLSQLDEV01.sde\AdministrativeBoundaries.DBO.BNDY_CountyLines,BMIDTYPE,-1,-1;ADJUST "Adjust" true true false 8 Text 0 0 ,First,#,H:\databaseconnections\MSLSQLDEV01\SDE_Default\AdminBoundaries_cw3612_MSLSQLDEV01.sde\AdministrativeBoundaries.DBO.BNDY_CountyLines,ADJUST,-1,-1;MILES "MILES" true true false 8 Double 8 38 ,First,#,H:\databaseconnections\MSLSQLDEV01\SDE_Default\AdminBoundaries_cw3612_MSLSQLDEV01.sde\AdministrativeBoundaries.DBO.BNDY_CountyLines,MILES,-1,-1;LAST_UPDATE "DATE OF LAST UPDATE" true true false 8 Date 0 0 ,First,#,H:\databaseconnections\MSLSQLDEV01\SDE_Default\AdminBoundaries_cw3612_MSLSQLDEV01.sde\AdministrativeBoundaries.DBO.BNDY_CountyLines,LAST_UPDATE,-1,-1;SHAPE_STLength() "SHAPE_STLength()" false false true 0 Double 0 0 ,First,#,H:\databaseconnections\MSLSQLDEV01\SDE_Default\AdminBoundaries_cw3612_MSLSQLDEV01.sde\AdministrativeBoundaries.DBO.BNDY_CountyLines,SHAPE.STLength(),-1,-1" #</Process><Process ToolSource="c:\program files (x86)\arcgis\desktop10.5\ArcToolbox\Toolboxes\Data Management Tools.tbx\CalculateField" Date="20190212" Time="131646">CalculateField C:\\Publish\\MontanaCounties.gdb\Boundaries\CountyLines MILES !shape.geodesiclength@miles! PYTHON_9.3 #</Process><Process ToolSource="c:\program files (x86)\arcgis\desktop10.5\ArcToolbox\Toolboxes\Data Management Tools.tbx\DeleteField" Date="20190212" Time="131646">DeleteField C:\\Publish\\MontanaCounties.gdb\Boundaries\CountyLines SHAPE_STLength__</Process><Process ToolSource="c:\program files (x86)\arcgis\desktop10.5\ArcToolbox\Toolboxes\Data Management Tools.tbx\CopyFeatures" Date="20190212" Time="131651">CopyFeatures C:\\Publish\\MontanaCounties.gdb\Boundaries\CountyLines C:\\Publish\\MontanaCounties_shp\CountyLines.shp # 0 0 0</Process></lineage><itemProps><itemLocation><linkage Sync="TRUE">file://\\MSLGEOINFO2516\C$\Publish\MontanaCounties_shp\CountyLines.shp</linkage><protocol Sync="TRUE">Local Area Network</protocol></itemLocation><itemName Sync="TRUE">CountyLines</itemName><nativeExtBox><westBL Sync="TRUE">111845.544448</westBL><eastBL Sync="TRUE">1030197.647708</eastBL><southBL Sync="TRUE">17695.159048</southBL><northBL Sync="TRUE">547990.165650</northBL><exTypeCode Sync="TRUE">1</exTypeCode></nativeExtBox><imsContentType Sync="TRUE">002</imsContentType><itemSize Sync="TRUE">0.000</itemSize></itemProps><coordRef><type Sync="TRUE">Projected</type><geogcsn Sync="TRUE">GCS_North_American_1983</geogcsn><csUnits Sync="TRUE">Linear Unit: Meter (1.000000)</csUnits><projcsn Sync="TRUE">NAD_1983_StatePlane_Montana_FIPS_2500</projcsn><peXml Sync="TRUE">&lt;ProjectedCoordinateSystem xsi:type='typens:ProjectedCoordinateSystem' xmlns:xsi='http://www.w3.org/2001/XMLSchema-instance' xmlns:xs='http://www.w3.org/2001/XMLSchema' xmlns:typens='http://www.esri.com/schemas/ArcGIS/10.5'&gt;&lt;WKT&gt;PROJCS[&amp;quot;NAD_1983_StatePlane_Montana_FIPS_2500&amp;quot;,GEOGCS[&amp;quot;GCS_North_American_1983&amp;quot;,DATUM[&amp;quot;D_North_American_1983&amp;quot;,SPHEROID[&amp;quot;GRS_1980&amp;quot;,6378137.0,298.257222101]],PRIMEM[&amp;quot;Greenwich&amp;quot;,0.0],UNIT[&amp;quot;Degree&amp;quot;,0.0174532925199433]],PROJECTION[&amp;quot;Lambert_Conformal_Conic&amp;quot;],PARAMETER[&amp;quot;False_Easting&amp;quot;,600000.0],PARAMETER[&amp;quot;False_Northing&amp;quot;,0.0],PARAMETER[&amp;quot;Central_Meridian&amp;quot;,-109.5],PARAMETER[&amp;quot;Standard_Parallel_1&amp;quot;,45.0],PARAMETER[&amp;quot;Standard_Parallel_2&amp;quot;,49.0],PARAMETER[&amp;quot;Latitude_Of_Origin&amp;quot;,44.25],UNIT[&amp;quot;Meter&amp;quot;,1.0],AUTHORITY[&amp;quot;EPSG&amp;quot;,32100]]&lt;/WKT&gt;&lt;XOrigin&gt;-35666000&lt;/XOrigin&gt;&lt;YOrigin&gt;-30006900&lt;/YOrigin&gt;&lt;XYScale&gt;124182419.54917815&lt;/XYScale&gt;&lt;ZOrigin&gt;-100000&lt;/ZOrigin&gt;&lt;ZScale&gt;10000&lt;/ZScale&gt;&lt;MOrigin&gt;-100000&lt;/MOrigin&gt;&lt;MScale&gt;10000&lt;/MScale&gt;&lt;XYTolerance&gt;0.001&lt;/XYTolerance&gt;&lt;ZTolerance&gt;0.001&lt;/ZTolerance&gt;&lt;MTolerance&gt;0.001&lt;/MTolerance&gt;&lt;HighPrecision&gt;true&lt;/HighPrecision&gt;&lt;WKID&gt;32100&lt;/WKID&gt;&lt;LatestWKID&gt;32100&lt;/LatestWKID&gt;&lt;/ProjectedCoordinateSystem&gt;</peXml></coordRef></DataProperties><SyncDate>20190212</SyncDate><SyncTime>13165000</SyncTime><ModDate>20190212</ModDate><ModTime>13165000</ModTime><ArcGISProfile>FGDC</ArcGISProfile><scaleRange><minScale>50000</minScale><maxScale>5000</maxScale></scaleRange></Esri><mdLang><languageCode value="eng"/><countryCode value="USA" Sync="TRUE"/></mdLang><mdChar><CharSetCd value="004"/></mdChar><mdHrLv><ScopeCd value="005"/></mdHrLv><mdContact xmlns=""><rpOrgName>Montana State Library</rpOrgName><rpCntInfo xmlns=""><cntPhone><voiceNum tddtty="">406-444-5354</voiceNum><voiceNum tddtty="True">406-444-4799</voiceNum><faxNum>406-444-0266</faxNum></cntPhone><cntAddress addressType="postal"><delPoint>P.O. Box 201800</delPoint><city>Helena</city><adminArea>MT</adminArea><postCode>59620</postCode><eMailAdd>geoinfo@mt.gov</eMailAdd></cntAddress><cntHours>8-5</cntHours></rpCntInfo><role><RoleCd value="007"/></role></mdContact><mdDateSt Sync="TRUE">20190212</mdDateSt><mdStanName>ArcGIS Metadata</mdStanName><mdStanVer>1.0</mdStanVer><distInfo><distributor><distorCont><rpOrgName>Montana State Library</rpOrgName><rpPosName>Adminstrative Boundaries Framework Data Coordinator</rpPosName><rpCntInfo><cntPhone><voiceNum>406-444-5354</voiceNum><voiceNum tddtty="True">(406) 444-4799</voiceNum><faxNum>406-444-0266</faxNum></cntPhone><cntAddress addressType="postal"><delPoint>P.O. Box 201800</delPoint><city>Helena</city><adminArea>MT</adminArea><postCode>59620-0113</postCode><eMailAdd>geoinfo@mt.gov</eMailAdd></cntAddress><cntHours>8-5</cntHours></rpCntInfo><role><RoleCd value="005"/></role></distorCont><distorFormat><formatName>ESRI File Geodatabase</formatName></distorFormat><distorTran><onLineSrc><linkage>http://ftp.geoinfo.msl.mt.gov/Data/Spatial/MSDI/AdministrativeBoundaries/</linkage></onLineSrc></distorTran><distorTran><onLineSrc><orDesc>downloadable data</orDesc></onLineSrc></distorTran></distributor><distTranOps><onLineSrc><linkage>http://ftp.geoinfo.msl.mt.gov/Data/Spatial/MSDI/AdministrativeBoundaries/</linkage></onLineSrc><transSize Sync="TRUE">0.000</transSize></distTranOps><distFormat><formatName Sync="TRUE">Shapefile</formatName></distFormat></distInfo><dataIdInfo><idCitation xmlns=""><resTitle Sync="FALSE">Montana County Lines</resTitle><date><pubDate>2019-02-08T00:00:00</pubDate></date><citRespParty><rpOrgName>Montana State Library</rpOrgName><role><RoleCd value="006"/></role></citRespParty><citRespParty><rpOrgName>Montana State Library</rpOrgName><rpCntInfo><cntAddress><delPoint>Helena, Montana</delPoint></cntAddress></rpCntInfo><role><RoleCd value="010"/></role></citRespParty><collTitle>Montana Administrative Boundaries ArcGIS Server Map Service</collTitle><presForm xmlns=""><PresFormCd value="005" Sync="TRUE"/></presForm></idCitation><idAbs>&lt;DIV STYLE="text-align:Left;"&gt;&lt;DIV&gt;&lt;DIV&gt;&lt;P&gt;&lt;SPAN&gt;Database of Montana Counties created to be coincident with the Montana Cadastral Parcel Boundaries. Where county boundaries are coincident with public land survey section lines, they were copied from the BLM's Geographic Coordinate Database (GCDB). If boundaries were not coincident with GCDB lines, they were digitized on screen from 1:24,000 scale Geological Survey Digital Raster Graphics (DRGs). County Boundaries will change as the GCDB is adjusted by the BLM and those data are imported into the Cadastral Data Model.&lt;/SPAN&gt;&lt;/P&gt;&lt;/DIV&gt;&lt;/DIV&gt;&lt;/DIV&gt;</idAbs><idPurp>County boundaries coincident with GCDB and Cadastral parcel data.</idPurp><idCredit>US Bureau of Land Management, Geographic Coordinate Database, US Geological Survey 1:24,000 Digital Raster Graphics</idCredit><idStatus><ProgCd value="001"/></idStatus><idPoC xmlns=""><rpOrgName>Montana State Library</rpOrgName><rpCntInfo xmlns=""><cntPhone><voiceNum tddtty="">406-444-5354</voiceNum><voiceNum tddtty="True">(406) 444-4799</voiceNum><faxNum>406-444-0266</faxNum></cntPhone><cntAddress addressType="postal"><delPoint>P.O. Box 201800</delPoint><city>Helena</city><adminArea>Montana</adminArea><postCode>59620</postCode><country>US</country><eMailAdd>geoinfo@mt.gov</eMailAdd></cntAddress><cntHours>8-5</cntHours></rpCntInfo><role><RoleCd value="007"/></role></idPoC><resMaint xmlns=""><maintFreq><MaintFreqCd value="009"/></maintFreq></resMaint><placeKeys><keyword>Montana</keyword></placeKeys><themeKeys><thesaName><resTitle>ISO 19115 Topic Category</resTitle></thesaName><keyword>boundaries</keyword></themeKeys><themeKeys><keyword>counties</keyword><keyword>montana county boundaries</keyword><keyword>Montana Spatial Data Infrastructure</keyword><keyword>Montana county boundary</keyword><keyword>county boundary</keyword><keyword>governmental units</keyword><keyword>county</keyword><keyword>MSDI</keyword><keyword>Administrative Boundaries Framework</keyword><keyword>county lines</keyword><keyword>Montana Administrative Boundaries</keyword><keyword>MSDI_ABF</keyword><keyword>Montana counties</keyword></themeKeys><searchKeys><keyword>counties</keyword><keyword>montana county boundaries</keyword><keyword>Montana Spatial Data Infrastructure</keyword><keyword>Montana county boundary</keyword><keyword>county boundary</keyword><keyword>governmental units</keyword><keyword>county</keyword><keyword>MSDI</keyword><keyword>Administrative Boundaries Framework</keyword><keyword>boundaries</keyword><keyword>Montana</keyword><keyword>county lines</keyword><keyword>Montana Administrative Boundaries</keyword><keyword>MSDI_ABF</keyword><keyword>Montana counties</keyword></searchKeys><resConst><LegConsts xmlns=""><useLimit>This is not a survey product. No liability is assumed by the State of Montana for the use of this product</useLimit></LegConsts></resConst><resConst><Consts xmlns=""><useLimit>&lt;DIV STYLE="text-align:Left;"&gt;&lt;DIV&gt;&lt;DIV&gt;&lt;P&gt;&lt;SPAN&gt;County data is best used in conjunction with the GCDB, or other data based on GCDB. DISCLAIMER: The Montana State Library Geographic Information Services provides this product/service for informational purposes only. The Library did not produce it for, nor is it suitable for legal, engineering, or surveying purposes. Consumers of this information should review or consult the primary data and information sources to ascertain the viability of the information for their purposes. The Library provides these data in good faith but does not represent or warrant its accuracy, adequacy, or completeness. In no event shall the Library be liable for any incorrect results or analysis; any direct, indirect, special, or consequential damages to any party; or any lost profits arising out of or in connection with the use or the inability to use the data or the services provided. The Library makes these data and services available as a convenience to the public, and for no other purpose. The Library reserves the right to change or revise published data and/or services at any time.&lt;/SPAN&gt;&lt;/P&gt;&lt;/DIV&gt;&lt;/DIV&gt;&lt;/DIV&gt;</useLimit></Consts></resConst><aggrInfo><aggrDSName><resTitle>Montana Administrative Boundaries ArcGIS Server Map Service</resTitle><citOnlineRes><linkage>https://mslservices.mt.gov/Geographic_Information/Data/DataList/datalist_Details.aspx?did={a43101d4-295a-4bcb-890c-3218abbda60e}</linkage></citOnlineRes></aggrDSName><assocType><AscTypeCd value="002"/></assocType></aggrInfo><spatRpType><SpatRepTypCd value="001"/></spatRpType><dataLang><languageCode value="eng"/><countryCode value="USA" Sync="TRUE"/></dataLang><dataExt xmlns=""><exDesc>publication date</exDesc><tempEle><TempExtent><exTemp><TM_Instant><tmPosition>2019-02-08T00:00:00</tmPosition></TM_Instant></exTemp></TempExtent></tempEle></dataExt><dataExt xmlns=""><geoEle xmlns=""><GeoBndBox><westBL>-116.178571</westBL><eastBL>-103.611177</eastBL><southBL>44.23772</southBL><northBL>49.180871</northBL></GeoBndBox></geoEle></dataExt><envirDesc Sync="TRUE">Microsoft Windows 7 Version 6.1 (Build 7601) Service Pack 1; Esri ArcGIS 10.5.1.7333</envirDesc><dataExt xmlns=""><geoEle xmlns=""><GeoBndBox esriExtentType="search"><exTypeCode Sync="TRUE">1</exTypeCode><westBL Sync="TRUE">-116.178621</westBL><eastBL Sync="TRUE">-103.611123</eastBL><northBL Sync="TRUE">49.180930</northBL><southBL Sync="TRUE">44.237718</southBL></GeoBndBox></geoEle></dataExt><dataChar><CharSetCd value="004"/></dataChar><tpCat><TopicCatCd value="017"/></tpCat><tpCat><TopicCatCd value="003"/></tpCat></dataIdInfo><dqInfo xmlns=""><dqScope><scpLvl><ScopeCd value="005"/></scpLvl></dqScope><report xmlns="" type="DQCompOm" dimension=""><measDesc>Complete as of 12/06/17</measDesc></report><report xmlns="" type="DQAbsExtPosAcc" dimension="horizontal"><measDesc>Varies on GCDB accuracy</measDesc></report><dataLineage><prcStep xmlns=""><stepDesc>County boundaries when coincident with the PLSS were copied from original GCDB data downloaded from the Montana State BLM Office. Based on recent observations, this GCDB data varies somewhat from what is available at the Denver GCDB LSIS site and BLM needs to coordinate to ensure one standard version of GCDB. The boundaries that are not coincident with PLSS, rivers and other topographic features, were on screen digitized from the USGS raster graphics. Discrepancies were researched when encountered, however this is not meant to represent a legal survey of Montana county boundaries</stepDesc><stepDateTm>2002-20-03</stepDateTm></prcStep><dataSource xmlns="" type=""><srcDesc>County lines that do not follow Public Land Survey lines were screen-digitized from these images.</srcDesc><srcMedName><MedNameCd value="015"/></srcMedName><srcScale><rfDenom>24000</rfDenom></srcScale><srcCitatn><resTitle>1:24,000 scale Digital Raster Graphics</resTitle><citRespParty><rpOrgName>Montana State Library</rpOrgName><rpCntInfo><cntAddress><delPoint>Helena, MT</delPoint></cntAddress></rpCntInfo><role><RoleCd value="010"/></role></citRespParty><citRespParty><rpOrgName>U.S. Geological Survey</rpOrgName><role><RoleCd value="006"/></role></citRespParty><citOnlineRes><linkage>http://ftp.geoinfo.msl.mt.gov/Data/Spatial/MSDI/AdministrativeBoundaries/</linkage></citOnlineRes></srcCitatn></dataSource><dataSource xmlns="" type=""><srcDesc>This is the source of all county lines that follow Public Land Survey lines.</srcDesc><srcMedName><MedNameCd value="015"/></srcMedName><srcCitatn><resTitle>Geographic Coordinate Database</resTitle><citRespParty><rpOrgName>U.S. Bureau of Land Management, Montana/Dakotas Cadastral Survey</rpOrgName><rpCntInfo><cntAddress><delPoint>Billings, MT</delPoint></cntAddress></rpCntInfo><role><RoleCd value="010"/></role></citRespParty><citRespParty><rpOrgName>U.S. Bureau of Land Management</rpOrgName><role><RoleCd value="006"/></role></citRespParty><citOnlineRes><linkage>http://www.mt.blm.gov/cadastral/gcdb/index.html</linkage></citOnlineRes></srcCitatn></dataSource><prcStep xmlns=""><stepDesc>Adjusted county boundaries to the July 2015 CadNSDI Montana (PLSS)</stepDesc><stepDateTm>2015-09-09</stepDateTm></prcStep><prcStep xmlns=""><stepDesc>Adjusted county boundaries to the March 2016 CadNSDI Montana (PLSS)</stepDesc><stepDateTm>2016-09-30</stepDateTm></prcStep><prcStep xmlns=""><stepDesc>Adjusted county boundaries to the October 2017 CadNSDI Montana (PLSS) and renamed Lewis and Clark</stepDesc><stepDateTm>2017-10-16T00:00:00</stepDateTm></prcStep><prcStep xmlns=""><stepDesc>Adjusted county boundaries to the November 2018 CadNSDI Montana (PLSS)</stepDesc><stepDateTm>2019-02-08T00:00:00</stepDateTm></prcStep></dataLineage></dqInfo><spatRepInfo><VectSpatRep><geometObjs Name="CountyLines"><geoObjTyp><GeoObjTypCd value="002" Sync="TRUE"></GeoObjTypCd></geoObjTyp><geoObjCnt Sync="TRUE">0</geoObjCnt></geometObjs><topLvl><TopoLevCd value="001" Sync="TRUE"></TopoLevCd></topLvl></VectSpatRep></spatRepInfo><eainfo><detailed Name="CountyLines"><enttyp><enttypl Sync="TRUE">CountyLines</enttypl><enttypd>Counties of Montana</enttypd><enttypt Sync="TRUE">Feature Class</enttypt><enttypc Sync="TRUE">0</enttypc></enttyp><attr><attrlabl Sync="TRUE">FID</attrlabl><attalias Sync="TRUE">FID</attalias><attrtype Sync="TRUE">OID</attrtype><attwidth Sync="TRUE">4</attwidth><atprecis Sync="TRUE">0</atprecis><attscale Sync="TRUE">0</attscale><attrdef Sync="TRUE">Internal feature number.</attrdef><attrdefs Sync="TRUE">Esri</attrdefs><attrdomv><udom Sync="TRUE">Sequential unique whole numbers that are automatically generated.</udom></attrdomv></attr><attr><attrlabl>NAME</attrlabl><attrdef>Name of County</attrdef><attalias Sync="TRUE">NAME</attalias><attrtype Sync="TRUE">String</attrtype><attwidth Sync="TRUE">32</attwidth><atprecis Sync="TRUE">0</atprecis><attscale Sync="TRUE">0</attscale></attr><attr><attrlabl Sync="TRUE">BMIDTYPE</attrlabl><attalias Sync="TRUE">BMIDTYPE</attalias><attrtype Sync="TRUE">String</attrtype><attwidth Sync="TRUE">2</attwidth><atprecis Sync="TRUE">0</atprecis><attscale Sync="TRUE">0</attscale></attr><attr><attrlabl Sync="TRUE">ADJUST</attrlabl><attalias Sync="TRUE">ADJUST</attalias><attrtype Sync="TRUE">String</attrtype><attwidth Sync="TRUE">8</attwidth><atprecis Sync="TRUE">0</atprecis><attscale Sync="TRUE">0</attscale></attr><attr><attrlabl Sync="TRUE">MILES</attrlabl><attalias Sync="TRUE">MILES</attalias><attrtype Sync="TRUE">Double</attrtype><attwidth Sync="TRUE">19</attwidth><atprecis Sync="TRUE">0</atprecis><attscale Sync="TRUE">0</attscale></attr><attr><attrlabl>SHAPE</attrlabl><attrdef>Feature geometry.</attrdef><attrdefs>ESRI</attrdefs><attrdomv><udom>Coordinates defining the features.</udom></attrdomv><attalias Sync="TRUE">Shape</attalias><attrtype Sync="TRUE">Geometry</attrtype><attwidth Sync="TRUE">0</attwidth><atprecis Sync="TRUE">0</atprecis><attscale Sync="TRUE">0</attscale></attr><attr><attrlabl Sync="TRUE">LAST_UPDAT</attrlabl><attalias Sync="TRUE">LAST_UPDAT</attalias><attrtype Sync="TRUE">Date</attrtype><attwidth Sync="TRUE">8</attwidth><atprecis Sync="TRUE">0</atprecis><attscale Sync="TRUE">0</attscale></attr><attr><attrlabl Sync="TRUE">Shape_Leng</attrlabl><attalias Sync="TRUE">Shape_Leng</attalias><attrtype Sync="TRUE">Double</attrtype><attwidth Sync="TRUE">19</attwidth><atprecis Sync="TRUE">0</atprecis><attscale Sync="TRUE">0</attscale></attr></detailed></eainfo><mdHrLvName Sync="TRUE">dataset</mdHrLvName><refSysInfo><RefSystem><refSysID><identCode code="32100" Sync="TRUE"/><idCodeSpace Sync="TRUE">EPSG</idCodeSpace><idVersion Sync="TRUE">4.5(3.0.1)</idVersion></refSysID></RefSystem></refSysInfo><spdoinfo><ptvctinf><esriterm Name="CountyLines"><efeatyp Sync="TRUE">Simple</efeatyp><efeageom code="3" Sync="TRUE"></efeageom><esritopo Sync="TRUE">FALSE</esritopo><efeacnt Sync="TRUE">0</efeacnt><spindex Sync="TRUE">FALSE</spindex><linrefer Sync="TRUE">FALSE</linrefer></esriterm></ptvctinf></spdoinfo><mdMaint xmlns=""><maintFreq><MaintFreqCd value="009"/></maintFreq></mdMaint></metadata>
