<metadata xml:lang="en"><Esri><CreaDate>20190212</CreaDate><CreaTime>13163200</CreaTime><ArcGISFormat>1.0</ArcGISFormat><ArcGISstyle>FGDC CSDGM Metadata</ArcGISstyle><SyncOnce>FALSE</SyncOnce><DataProperties><lineage><Process Name="Feature Class to Feature Class (2)" ToolSource="c:\program files (x86)\arcgis\desktop10.3\ArcToolbox\Toolboxes\Conversion Tools.tbx\FeatureClassToFeatureClass" Date="20150910" Time="164839" export="">FeatureClassToFeatureClass DBO.BNDY_AdjustedCounty_Laye G:\05-MSDI_DataDev\AdminBoundaries\Counties\PublishCountiesData\2015\MontanaCounties.gdb\Boundaries County # "NAME "NAME" true true false 32 Text 0 0 ,First,#,DBO.BNDY_AdjustedCounty_Laye,AdministrativeBoundaries.DBO.BNDY_AdjustedCounty.NAME,-1,-1;NAMEABBR "NAME ABBREVIATION" true true false 3 Text 0 0 ,First,#,DBO.BNDY_AdjustedCounty_Laye,AdministrativeBoundaries.DBO.BNDY_AdjustedCounty.NAMEABBR,-1,-1;COUNTYNUMBER "COUNTYNUMBER" true true false 2 Short 0 5 ,First,#,DBO.BNDY_AdjustedCounty_Laye,AdministrativeBoundaries.DBO.BNDY_AdjustedCounty.COUNTYNUMBER,-1,-1;PKEY "UNIQUE IDENTIFIER" true true false 35 Text 0 0 ,First,#,DBO.BNDY_AdjustedCounty_Laye,AdministrativeBoundaries.DBO.BNDY_AdjustedCounty.PKEY,-1,-1;SQMILES "SQUARE MILES" true true false 8 Double 8 38 ,First,#,DBO.BNDY_AdjustedCounty_Laye,AdministrativeBoundaries.DBO.BNDY_AdjustedCounty.SQMILES,-1,-1;PERIMETER "COUNTY PERIMETER" true true false 8 Double 8 38 ,First,#,DBO.BNDY_AdjustedCounty_Laye,AdministrativeBoundaries.DBO.BNDY_AdjustedCounty.PERIMETER,-1,-1;ACRES "ACRES" true true false 8 Double 8 38 ,First,#,DBO.BNDY_AdjustedCounty_Laye,AdministrativeBoundaries.DBO.BNDY_AdjustedCounty.ACRES,-1,-1;ALLFIPS "FIPS/ANSI w/STATE CODE" true true false 5 Text 0 0 ,First,#,DBO.BNDY_AdjustedCounty_Laye,AdministrativeBoundaries.DBO.BNDY_AdjustedCounty.ALLFIPS,-1,-1;FIPS "FIPS/ANSI CODE" true true false 3 Text 0 0 ,First,#,DBO.BNDY_AdjustedCounty_Laye,AdministrativeBoundaries.DBO.BNDY_AdjustedCounty.FIPS,-1,-1;ORIG_FID "ORIG_FID" true true false 4 Long 0 10 ,First,#,DBO.BNDY_AdjustedCounty_Laye,AdministrativeBoundaries.DBO.BNDY_AdjustedCounty.ORIG_FID,-1,-1;LAST_UPDATE "DATE OF LAST UPDATE" true true false 36 Date 0 0 ,First,#,DBO.BNDY_AdjustedCounty_Laye,AdministrativeBoundaries.DBO.BNDY_AdjustedCounty.LAST_UPDATE,-1,-1;GLOBALID "GLOBALID" true true false 38 Guid 0 0 ,First,#,DBO.BNDY_AdjustedCounty_Laye,BNDY_County.GLOBALID,-1,-1" #</Process><Process ToolSource="c:\program files (x86)\arcgis\desktop10.3\ArcToolbox\Toolboxes\Data Management Tools.tbx\Project" Date="20161011" Time="064724" Name="" export="">Project County H:\databaseconnections\DBOConnections\MSLSQLDEV01\AdminBoundaries_DBO_MSLSQLDEV01.sde\AdministrativeBoundaries.DBO.BNDY_County2 PROJCS['NAD_1983_StatePlane_Montana_FIPS_2500',GEOGCS['GCS_North_American_1983',DATUM['D_North_American_1983',SPHEROID['GRS_1980',6378137.0,298.257222101]],PRIMEM['Greenwich',0.0],UNIT['Degree',0.0174532925199433]],PROJECTION['Lambert_Conformal_Conic'],PARAMETER['False_Easting',600000.0],PARAMETER['False_Northing',0.0],PARAMETER['Central_Meridian',-109.5],PARAMETER['Standard_Parallel_1',45.0],PARAMETER['Standard_Parallel_2',49.0],PARAMETER['Latitude_Of_Origin',44.25],UNIT['Meter',1.0]] # PROJCS['NAD_1983_StatePlane_Montana_FIPS_2500',GEOGCS['GCS_North_American_1983',DATUM['D_North_American_1983',SPHEROID['GRS_1980',6378137.0,298.257222101]],PRIMEM['Greenwich',0.0],UNIT['Degree',0.0174532925199433]],PROJECTION['Lambert_Conformal_Conic'],PARAMETER['False_Easting',600000.0],PARAMETER['False_Northing',0.0],PARAMETER['Central_Meridian',-109.5],PARAMETER['Standard_Parallel_1',45.0],PARAMETER['Standard_Parallel_2',49.0],PARAMETER['Latitude_Of_Origin',44.25],UNIT['Meter',1.0]] NO_PRESERVE_SHAPE #</Process><Process ToolSource="C:\temp\Conflation_10_3\Conflation_10_3\Conflation.tbx\ConflateLayers" Date="20170714" Time="135213" Name="" export="">ConflateLayers SelectedLinks_17_16_HoldLinks AdministrativeBoundaries.DBO.BNDY_County</Process><Process ToolSource="C:\temp\Conflation_10_3\Conflation.tbx\ConflateLayers" Date="20170714" Time="135752" Name="" export="">ConflateLayers G:\05-MSDI_DataDev\AdminBoundaries\Adjust\AdjustLinks.gdb\SelectedLinks_17_16_HoldLinks H:\databaseconnections\MSLSQLDEV01\Versions\AdminBoundaries_cw3612_MSLSQLDEV01.sde\AdministrativeBoundaries.DBO.BNDY_County;H:\databaseconnections\MSLSQLDEV01\Versions\AdminBoundaries_cw3612_MSLSQLDEV01.sde\AdministrativeBoundaries.DBO.BNDY_CountyLines</Process><Process ToolSource="C:\TEMP\Conflation_10_3\Conflation.tbx\ConflateLayers" Date="20170714" Time="142704" Name="" export="">ConflateLayers SelectedLinks_17_16_HoldLinks AdministrativeBoundaries.DBO.BNDY_County</Process><Process ToolSource="C:\TEMP\Conflation_10_3\Conflation.tbx\ConflateLayers" Date="20170714" Time="143316" Name="" export="">ConflateLayers G:\05-MSDI_DataDev\AdminBoundaries\Adjust\AdjustLinks.gdb\SelectedLinks_17_16_HoldLinks H:\databaseconnections\MSLSQLDEV01\Versions\AdminBoundaries_cw3612_MSLSQLDEV01.sde\AdministrativeBoundaries.DBO.BNDY_County</Process><Process ToolSource="C:\TEMP\Conflation_10_3\Conflation.tbx\ConflateLayers" Date="20170714" Time="162811" Name="" export="">ConflateLayers Links17_class2 AdministrativeBoundaries.DBO.BNDY_CountyLines;AdministrativeBoundaries.DBO.BNDY_MunicipalityLines;AdministrativeBoundaries.DBO.BNDY_SchoolDistrict_ElementaryLines;AdministrativeBoundaries.DBO.BNDY_SchoolDistrict_SecondaryLines;AdministrativeBoundaries.DBO.BNDY_SchoolDistrict_UnifiedLines;AdministrativeBoundaries.DBO.BNDY_County;AdministrativeBoundaries.DBO.BNDY_Municipality;AdministrativeBoundaries.DBO.BNDY_NPSBoundaries;AdministrativeBoundaries.DBO.BNDY_Reservations;AdministrativeBoundaries.DBO.BNDY_SchoolDistrict_Elementary;AdministrativeBoundaries.DBO.BNDY_SchoolDistrict_Secondary;AdministrativeBoundaries.DBO.BNDY_SchoolDistrict_Unified;AdministrativeBoundaries.DBO.BNDY_State;AdministrativeBoundaries.DBO.BNDY_TIFD;'Montana Weed Districts'</Process><Process ToolSource="C:\TEMP\Conflation_10_3\Conflation.tbx\ConflateLayers" Date="20170714" Time="180850" Name="" export="">ConflateLayers Links17_class3 AdministrativeBoundaries.DBO.BNDY_CountyLines;AdministrativeBoundaries.DBO.BNDY_MunicipalityLines;AdministrativeBoundaries.DBO.BNDY_SchoolDistrict_ElementaryLines;AdministrativeBoundaries.DBO.BNDY_SchoolDistrict_SecondaryLines;AdministrativeBoundaries.DBO.BNDY_SchoolDistrict_UnifiedLines;AdministrativeBoundaries.DBO.BNDY_County;AdministrativeBoundaries.DBO.BNDY_Municipality;AdministrativeBoundaries.DBO.BNDY_NPSBoundaries;AdministrativeBoundaries.DBO.BNDY_Reservations;AdministrativeBoundaries.DBO.BNDY_SchoolDistrict_Elementary;AdministrativeBoundaries.DBO.BNDY_SchoolDistrict_Secondary;AdministrativeBoundaries.DBO.BNDY_SchoolDistrict_Unified;AdministrativeBoundaries.DBO.BNDY_State;AdministrativeBoundaries.DBO.BNDY_TIFD;'Montana Weed Districts'</Process><Process ToolSource="C:\TEMP\Conflation_10_3\Conflation.tbx\ConflateLayers" Date="20170717" Time="084103" Name="" export="">ConflateLayers Links17_class1 AdministrativeBoundaries.DBO.BNDY_County;AdministrativeBoundaries.DBO.BNDY_Municipality;AdministrativeBoundaries.DBO.BNDY_NPSBoundaries;AdministrativeBoundaries.DBO.BNDY_Reservations;AdministrativeBoundaries.DBO.BNDY_SchoolDistrict_Elementary;AdministrativeBoundaries.DBO.BNDY_SchoolDistrict_Secondary;AdministrativeBoundaries.DBO.BNDY_SchoolDistrict_Unified;AdministrativeBoundaries.DBO.BNDY_State;AdministrativeBoundaries.DBO.BNDY_TIFD;'Montana Weed Districts'</Process><Process ToolSource="C:\TEMP\Conflation_10_3\Conflation.tbx\ConflateLayers" Date="20170717" Time="094214" Name="" export="">ConflateLayers Links17_class4 AdministrativeBoundaries.DBO.BNDY_CountyLines;AdministrativeBoundaries.DBO.BNDY_MunicipalityLines;AdministrativeBoundaries.DBO.BNDY_SchoolDistrict_ElementaryLines;AdministrativeBoundaries.DBO.BNDY_SchoolDistrict_SecondaryLines;AdministrativeBoundaries.DBO.BNDY_SchoolDistrict_UnifiedLines;AdministrativeBoundaries.DBO.BNDY_County;AdministrativeBoundaries.DBO.BNDY_Municipality;AdministrativeBoundaries.DBO.BNDY_NPSBoundaries;AdministrativeBoundaries.DBO.BNDY_Reservations;AdministrativeBoundaries.DBO.BNDY_SchoolDistrict_Elementary;AdministrativeBoundaries.DBO.BNDY_SchoolDistrict_Secondary;AdministrativeBoundaries.DBO.BNDY_SchoolDistrict_Unified;AdministrativeBoundaries.DBO.BNDY_State;AdministrativeBoundaries.DBO.BNDY_TIFD;'Montana Weed Districts'</Process><Process ToolSource="C:\Temp\Conflation_10_3\Conflation.tbx\ConflateLayers" Date="20190131" Time="140204" Name="" export="">ConflateLayers Links800Feet2018NoZeros_statePlane AdministrativeBoundaries.DBO.BNDY_StateLines;AdministrativeBoundaries.DBO.BNDY_State;AdministrativeBoundaries.DBO.BNDY_CountyLines;AdministrativeBoundaries.DBO.BNDY_MunicipalityLines;AdministrativeBoundaries.DBO.BNDY_SchoolDistrict_ElementaryLines;AdministrativeBoundaries.DBO.BNDY_SchoolDistrict_SecondaryLines;AdministrativeBoundaries.DBO.BNDY_SchoolDistrict_UnifiedLines;AdministrativeBoundaries.DBO.BNDY_County;AdministrativeBoundaries.DBO.BNDY_Municipality;AdministrativeBoundaries.DBO.BNDY_Reservations;AdministrativeBoundaries.DBO.BNDY_SchoolDistrict_Elementary;AdministrativeBoundaries.DBO.BNDY_SchoolDistrict_Secondary;AdministrativeBoundaries.DBO.BNDY_SchoolDistrict_Unified;AdministrativeBoundaries.DBO.BNDY_TIFD;'Montana Weed Districts'</Process><Process ToolSource="C:\Temp\Conflation_10_3\Conflation.tbx\ConflateLayers" Date="20190131" Time="140341" Name="" export="">ConflateLayers AllLinks AdministrativeBoundaries.DBO.BNDY_StateLines;AdministrativeBoundaries.DBO.BNDY_State;AdministrativeBoundaries.DBO.BNDY_CountyLines;AdministrativeBoundaries.DBO.BNDY_MunicipalityLines;AdministrativeBoundaries.DBO.BNDY_SchoolDistrict_ElementaryLines;AdministrativeBoundaries.DBO.BNDY_SchoolDistrict_SecondaryLines;AdministrativeBoundaries.DBO.BNDY_SchoolDistrict_UnifiedLines;AdministrativeBoundaries.DBO.BNDY_County;AdministrativeBoundaries.DBO.BNDY_Municipality;AdministrativeBoundaries.DBO.BNDY_Reservations;AdministrativeBoundaries.DBO.BNDY_SchoolDistrict_Elementary;AdministrativeBoundaries.DBO.BNDY_SchoolDistrict_Secondary;AdministrativeBoundaries.DBO.BNDY_SchoolDistrict_Unified;AdministrativeBoundaries.DBO.BNDY_TIFD;'Montana Weed Districts'</Process><Process ToolSource="C:\Temp\Conflation_10_3\Conflation.tbx\ConflateLayers" Date="20190131" Time="142448" Name="" export="">ConflateLayers C:\Junk\BNDadjust2019\Links.gdb\AllLinks AdministrativeBoundaries.DBO.BNDY_CountyLines;AdministrativeBoundaries.DBO.BNDY_MunicipalityLines;AdministrativeBoundaries.DBO.BNDY_SchoolDistrict_ElementaryLines;AdministrativeBoundaries.DBO.BNDY_SchoolDistrict_SecondaryLines;AdministrativeBoundaries.DBO.BNDY_SchoolDistrict_UnifiedLines;AdministrativeBoundaries.DBO.BNDY_StateLines;AdministrativeBoundaries.DBO.BNDY_County;AdministrativeBoundaries.DBO.BNDY_Municipality;AdministrativeBoundaries.DBO.BNDY_Reservations;AdministrativeBoundaries.DBO.BNDY_SchoolDistrict_Elementary;AdministrativeBoundaries.DBO.BNDY_SchoolDistrict_Secondary;AdministrativeBoundaries.DBO.BNDY_SchoolDistrict_Unified;AdministrativeBoundaries.DBO.BNDY_State;AdministrativeBoundaries.DBO.BNDY_TIFD;'Montana Weed Districts'</Process><Process ToolSource="C:\Temp\Conflation_10_3\Conflation.tbx\ConflateLayers" Date="20190201" Time="095213" Name="" export="">ConflateLayers LinksSelectedCounty AdministrativeBoundaries.DBO.BNDY_CountyLines;AdministrativeBoundaries.DBO.BNDY_County;'Montana Weed Districts'</Process><Process ToolSource="C:\Temp\Conflation_10_3\Conflation.tbx\ConflateLayers" Date="20190201" Time="104016" Name="" export="">ConflateLayers LinksSelectedCounty AdministrativeBoundaries.DBO.BNDY_CountyLines;AdministrativeBoundaries.DBO.BNDY_County;'Montana Weed Districts'</Process><Process ToolSource="C:\Temp\Conflation_10_3\Conflation.tbx\ConflateLayers" Date="20190205" Time="084942" Name="" export="">ConflateLayers "New Group Layer\LinksSelectedCounty" AdministrativeBoundaries.DBO.BNDY_County;AdministrativeBoundaries.DBO.BNDY_CountyLines;'Montana Weed Districts'</Process><Process ToolSource="C:\Temp\Conflation_10_3\Conflation.tbx\ConflateLayers" Date="20190205" Time="095314" Name="" export="">ConflateLayers "New Group Layer\LinksSelectedCounty" AdministrativeBoundaries.DBO.BNDY_County;AdministrativeBoundaries.DBO.BNDY_CountyLines;'Montana Weed Districts'</Process><Process ToolSource="C:\Temp\Conflation_10_3\Conflation.tbx\ConflateLayers" Date="20190205" Time="102950" Name="" export="">ConflateLayers LinksSelectedCounty AdministrativeBoundaries.DBO.BNDY_County;AdministrativeBoundaries.DBO.BNDY_CountyLines;'Montana Weed Districts'</Process><Process ToolSource="c:\program files (x86)\arcgis\desktop10.5\ArcToolbox\Toolboxes\Editing Tools.tbx\Snap" Date="20190211" Time="124112">Snap "New Group Layer\AdministrativeBoundaries.DBO.BNDY_County" "'Public Land Survey System\PLSS Point' VERTEX '200 Meters'"</Process><Process ToolSource="c:\program files (x86)\arcgis\desktop10.5\ArcToolbox\Toolboxes\Editing Tools.tbx\Snap" Date="20190211" Time="124311">Snap "New Group Layer\AdministrativeBoundaries.DBO.BNDY_County" "'Public Land Survey System\PLSS Point' VERTEX '200 Meters'"</Process><Process ToolSource="c:\program files (x86)\arcgis\desktop10.5\ArcToolbox\Toolboxes\Editing Tools.tbx\Snap" Date="20190211" Time="124437">Snap "New Group Layer\AdministrativeBoundaries.DBO.BNDY_County" "'Public Land Survey System\PLSS Point' VERTEX '200 Meters'"</Process><Process ToolSource="c:\program files (x86)\arcgis\desktop10.5\ArcToolbox\Toolboxes\Editing Tools.tbx\Snap" Date="20190211" Time="124558">Snap "New Group Layer\AdministrativeBoundaries.DBO.BNDY_County" "'Public Land Survey System\PLSS Point' VERTEX '200 Meters'"</Process><Process ToolSource="c:\program files (x86)\arcgis\desktop10.5\ArcToolbox\Toolboxes\Editing Tools.tbx\Snap" Date="20190211" Time="124805">Snap "New Group Layer\AdministrativeBoundaries.DBO.BNDY_County" "'Public Land Survey System\PLSS Point' VERTEX '200 Meters'"</Process><Process ToolSource="c:\program files (x86)\arcgis\desktop10.5\ArcToolbox\Toolboxes\Editing Tools.tbx\Snap" Date="20190211" Time="124918">Snap "New Group Layer\AdministrativeBoundaries.DBO.BNDY_County" "'Public Land Survey System\PLSS Point' VERTEX '200 Meters'"</Process><Process ToolSource="c:\program files (x86)\arcgis\desktop10.5\ArcToolbox\Toolboxes\Editing Tools.tbx\Snap" Date="20190211" Time="125035">Snap "New Group Layer\AdministrativeBoundaries.DBO.BNDY_County" "'Public Land Survey System\PLSS Point' VERTEX '200 Meters'"</Process><Process ToolSource="c:\program files (x86)\arcgis\desktop10.5\ArcToolbox\Toolboxes\Editing Tools.tbx\Snap" Date="20190211" Time="125155">Snap "New Group Layer\AdministrativeBoundaries.DBO.BNDY_County" "'Public Land Survey System\PLSS Point' VERTEX '200 Meters'"</Process><Process ToolSource="c:\program files (x86)\arcgis\desktop10.5\ArcToolbox\Toolboxes\Editing Tools.tbx\Snap" Date="20190211" Time="130548">Snap "New Group Layer\AdministrativeBoundaries.DBO.BNDY_County" "'Public Land Survey System\PLSS Point' VERTEX '200 Meters'"</Process><Process ToolSource="c:\program files (x86)\arcgis\desktop10.5\ArcToolbox\Toolboxes\Editing Tools.tbx\Snap" Date="20190211" Time="133629">Snap "New Group Layer\AdministrativeBoundaries.DBO.BNDY_County" "'Public Land Survey System\PLSS Point' VERTEX '200 Meters'"</Process><Process ToolSource="c:\program files (x86)\arcgis\desktop10.5\ArcToolbox\Toolboxes\Data Management Tools.tbx\Project" Date="20190212" Time="131614">Project H:\databaseconnections\MSLSQLDEV01\SDE_Default\AdminBoundaries_cw3612_MSLSQLDEV01.sde\AdministrativeBoundaries.DBO.BNDY_County C:\Publish\BoundariesWebMerc.gdb\County PROJCS['WGS_1984_Web_Mercator_Auxiliary_Sphere',GEOGCS['GCS_WGS_1984',DATUM['D_WGS_1984',SPHEROID['WGS_1984',6378137.0,298.257223563]],PRIMEM['Greenwich',0.0],UNIT['Degree',0.0174532925199433]],PROJECTION['Mercator_Auxiliary_Sphere'],PARAMETER['False_Easting',0.0],PARAMETER['False_Northing',0.0],PARAMETER['Central_Meridian',0.0],PARAMETER['Standard_Parallel_1',0.0],PARAMETER['Auxiliary_Sphere_Type',0.0],UNIT['Meter',1.0]] NAD_1983_To_WGS_1984_5 PROJCS['NAD_1983_StatePlane_Montana_FIPS_2500',GEOGCS['GCS_North_American_1983',DATUM['D_North_American_1983',SPHEROID['GRS_1980',6378137.0,298.257222101]],PRIMEM['Greenwich',0.0],UNIT['Degree',0.0174532925199433]],PROJECTION['Lambert_Conformal_Conic'],PARAMETER['False_Easting',600000.0],PARAMETER['False_Northing',0.0],PARAMETER['Central_Meridian',-109.5],PARAMETER['Standard_Parallel_1',45.0],PARAMETER['Standard_Parallel_2',49.0],PARAMETER['Latitude_Of_Origin',44.25],UNIT['Meter',1.0]] NO_PRESERVE_SHAPE # NO_VERTICAL</Process><Process ToolSource="c:\program files (x86)\arcgis\desktop10.5\ArcToolbox\Toolboxes\Data Management Tools.tbx\DeleteField" Date="20190212" Time="131615">DeleteField C:\Publish\BoundariesWebMerc.gdb\County ORIG_FID</Process><Process ToolSource="c:\program files (x86)\arcgis\desktop10.5\ArcToolbox\Toolboxes\Data Management Tools.tbx\CalculateField" Date="20190212" Time="131616">CalculateField C:\Publish\BoundariesWebMerc.gdb\County SQMILES !shape.geodesicarea@squaremiles! PYTHON_9.3 #</Process><Process ToolSource="c:\program files (x86)\arcgis\desktop10.5\ArcToolbox\Toolboxes\Data Management Tools.tbx\CalculateField" Date="20190212" Time="131617">CalculateField C:\Publish\BoundariesWebMerc.gdb\County PERIMETER !shape.geodesiclength@miles! PYTHON_9.3 #</Process><Process ToolSource="c:\program files (x86)\arcgis\desktop10.5\ArcToolbox\Toolboxes\Data Management Tools.tbx\CalculateField" Date="20190212" Time="131618">CalculateField C:\Publish\BoundariesWebMerc.gdb\County ACRES !shape.geodesicarea@acres! PYTHON_9.3 #</Process><Process ToolSource="c:\program files (x86)\arcgis\desktop10.5\ArcToolbox\Toolboxes\Data Management Tools.tbx\Project" Date="20190212" Time="131634">Project C:\Publish\BoundariesWebMerc.gdb\County C:\\Publish\\MontanaCounties.gdb\Boundaries\County PROJCS['NAD_1983_StatePlane_Montana_FIPS_2500',GEOGCS['GCS_North_American_1983',DATUM['D_North_American_1983',SPHEROID['GRS_1980',6378137.0,298.257222101]],PRIMEM['Greenwich',0.0],UNIT['Degree',0.0174532925199433]],PROJECTION['Lambert_Conformal_Conic'],PARAMETER['False_Easting',600000.0],PARAMETER['False_Northing',0.0],PARAMETER['Central_Meridian',-109.5],PARAMETER['Standard_Parallel_1',45.0],PARAMETER['Standard_Parallel_2',49.0],PARAMETER['Latitude_Of_Origin',44.25],UNIT['Meter',1.0]] NAD_1983_To_WGS_1984_5 PROJCS['WGS_1984_Web_Mercator_Auxiliary_Sphere',GEOGCS['GCS_WGS_1984',DATUM['D_WGS_1984',SPHEROID['WGS_1984',6378137.0,298.257223563]],PRIMEM['Greenwich',0.0],UNIT['Degree',0.0174532925199433]],PROJECTION['Mercator_Auxiliary_Sphere'],PARAMETER['False_Easting',0.0],PARAMETER['False_Northing',0.0],PARAMETER['Central_Meridian',0.0],PARAMETER['Standard_Parallel_1',0.0],PARAMETER['Auxiliary_Sphere_Type',0.0],UNIT['Meter',1.0]] NO_PRESERVE_SHAPE # NO_VERTICAL</Process><Process ToolSource="c:\program files (x86)\arcgis\desktop10.5\ArcToolbox\Toolboxes\Data Management Tools.tbx\CalculateField" Date="20190212" Time="131636">CalculateField C:\\Publish\\MontanaCounties.gdb\Boundaries\County SQMILES !shape.geodesicarea@squaremiles! PYTHON_9.3 #</Process><Process ToolSource="c:\program files (x86)\arcgis\desktop10.5\ArcToolbox\Toolboxes\Data Management Tools.tbx\CalculateField" Date="20190212" Time="131637">CalculateField C:\\Publish\\MontanaCounties.gdb\Boundaries\County PERIMETER !shape.geodesiclength@miles! PYTHON_9.3 #</Process><Process ToolSource="c:\program files (x86)\arcgis\desktop10.5\ArcToolbox\Toolboxes\Data Management Tools.tbx\CalculateField" Date="20190212" Time="131639">CalculateField C:\\Publish\\MontanaCounties.gdb\Boundaries\County ACRES !shape.geodesicarea@acres! PYTHON_9.3 #</Process><Process ToolSource="c:\program files (x86)\arcgis\desktop10.5\ArcToolbox\Toolboxes\Data Management Tools.tbx\CopyFeatures" Date="20190212" Time="131648">CopyFeatures C:\\Publish\\MontanaCounties.gdb\Boundaries\County C:\\Publish\\MontanaCounties_shp\County.shp # 0 0 0</Process></lineage><itemProps><itemName Sync="TRUE">County</itemName><nativeExtBox><westBL Sync="TRUE">111848.615848</westBL><eastBL Sync="TRUE">1030197.647708</eastBL><southBL Sync="TRUE">17695.160033</southBL><northBL Sync="TRUE">547983.684814</northBL><exTypeCode Sync="TRUE">1</exTypeCode></nativeExtBox><itemLocation><linkage Sync="TRUE">file://\\MSLGEOINFO2516\C$\Publish\MontanaCounties_shp\County.shp</linkage><protocol Sync="TRUE">Local Area Network</protocol></itemLocation><imsContentType Sync="TRUE">002</imsContentType><itemSize Sync="TRUE">0.000</itemSize></itemProps><coordRef><type Sync="TRUE">Projected</type><geogcsn Sync="TRUE">GCS_North_American_1983</geogcsn><csUnits Sync="TRUE">Linear Unit: Meter (1.000000)</csUnits><projcsn Sync="TRUE">NAD_1983_StatePlane_Montana_FIPS_2500</projcsn><peXml Sync="TRUE">&lt;ProjectedCoordinateSystem xsi:type='typens:ProjectedCoordinateSystem' xmlns:xsi='http://www.w3.org/2001/XMLSchema-instance' xmlns:xs='http://www.w3.org/2001/XMLSchema' xmlns:typens='http://www.esri.com/schemas/ArcGIS/10.5'&gt;&lt;WKT&gt;PROJCS[&amp;quot;NAD_1983_StatePlane_Montana_FIPS_2500&amp;quot;,GEOGCS[&amp;quot;GCS_North_American_1983&amp;quot;,DATUM[&amp;quot;D_North_American_1983&amp;quot;,SPHEROID[&amp;quot;GRS_1980&amp;quot;,6378137.0,298.257222101]],PRIMEM[&amp;quot;Greenwich&amp;quot;,0.0],UNIT[&amp;quot;Degree&amp;quot;,0.0174532925199433]],PROJECTION[&amp;quot;Lambert_Conformal_Conic&amp;quot;],PARAMETER[&amp;quot;False_Easting&amp;quot;,600000.0],PARAMETER[&amp;quot;False_Northing&amp;quot;,0.0],PARAMETER[&amp;quot;Central_Meridian&amp;quot;,-109.5],PARAMETER[&amp;quot;Standard_Parallel_1&amp;quot;,45.0],PARAMETER[&amp;quot;Standard_Parallel_2&amp;quot;,49.0],PARAMETER[&amp;quot;Latitude_Of_Origin&amp;quot;,44.25],UNIT[&amp;quot;Meter&amp;quot;,1.0],AUTHORITY[&amp;quot;EPSG&amp;quot;,32100]]&lt;/WKT&gt;&lt;XOrigin&gt;-35666000&lt;/XOrigin&gt;&lt;YOrigin&gt;-30006900&lt;/YOrigin&gt;&lt;XYScale&gt;124182419.54917815&lt;/XYScale&gt;&lt;ZOrigin&gt;-100000&lt;/ZOrigin&gt;&lt;ZScale&gt;10000&lt;/ZScale&gt;&lt;MOrigin&gt;-100000&lt;/MOrigin&gt;&lt;MScale&gt;10000&lt;/MScale&gt;&lt;XYTolerance&gt;0.001&lt;/XYTolerance&gt;&lt;ZTolerance&gt;0.001&lt;/ZTolerance&gt;&lt;MTolerance&gt;0.001&lt;/MTolerance&gt;&lt;HighPrecision&gt;true&lt;/HighPrecision&gt;&lt;WKID&gt;32100&lt;/WKID&gt;&lt;LatestWKID&gt;32100&lt;/LatestWKID&gt;&lt;/ProjectedCoordinateSystem&gt;</peXml></coordRef></DataProperties><SyncDate>20190212</SyncDate><SyncTime>13164800</SyncTime><ModDate>20190212</ModDate><ModTime>13164800</ModTime><ArcGISProfile>FGDC</ArcGISProfile><scaleRange><minScale>50000</minScale><maxScale>5000</maxScale></scaleRange></Esri><mdLang><languageCode value="eng"/><countryCode value="USA" Sync="TRUE"/></mdLang><mdChar><CharSetCd value="004"/></mdChar><mdHrLv><ScopeCd value="005"/></mdHrLv><mdContact xmlns=""><rpOrgName>Montana State Library</rpOrgName><rpPosName>Adminsitrative Boundaries Framework Data Coordinator</rpPosName><rpCntInfo><cntPhone><voiceNum>406-444-5354</voiceNum><voiceNum tddtty="True">406-444-4799</voiceNum><faxNum>406-444-0266</faxNum></cntPhone><cntAddress addressType="postal"><delPoint>P.O. Box 201800</delPoint><city>Helena</city><adminArea>MT</adminArea><postCode>59620</postCode><eMailAdd>geoinfo@mt.gov</eMailAdd></cntAddress><cntHours>8-5</cntHours></rpCntInfo><role><RoleCd value="007"/></role></mdContact><mdDateSt Sync="FALSE">20190208</mdDateSt><mdStanName>ArcGIS Metadata</mdStanName><mdStanVer>1.0</mdStanVer><distInfo xmlns=""><distributor xmlns=""><distorCont xmlns=""><rpOrgName>Montana State Library</rpOrgName><rpCntInfo xmlns=""><cntPhone><voiceNum tddtty="">406-444-5354</voiceNum><voiceNum tddtty="True">(406) 444-4799</voiceNum><faxNum>406-444-0266</faxNum></cntPhone><cntAddress addressType="postal"><delPoint>P.O. Box 201800</delPoint><city>Helena</city><adminArea>MT</adminArea><postCode>59620-0113</postCode><eMailAdd>geoinfo@mt.gov</eMailAdd></cntAddress><cntHours>8-5</cntHours></rpCntInfo><role><RoleCd value="005"/></role></distorCont><distorFormat xmlns=""><formatName>ESRI File Geodatabase</formatName></distorFormat><distorTran xmlns=""><onLineSrc><linkage>http://ftp.geoinfo.msl.mt.gov/Data/Spatial/MSDI/AdministrativeBoundaries/</linkage></onLineSrc></distorTran><distorTran xmlns=""><onLineSrc><orDesc>downloadable data</orDesc></onLineSrc></distorTran></distributor><distTranOps xmlns=""><onLineSrc><linkage>http://ftp.geoinfo.msl.mt.gov/Data/Spatial/MSDI/AdministrativeBoundaries/</linkage></onLineSrc><transSize Sync="TRUE">0.000</transSize></distTranOps><distFormat xmlns=""><formatName Sync="TRUE">Shapefile</formatName></distFormat></distInfo><dataIdInfo><idCitation xmlns=""><resTitle Sync="FALSE">Montana County Boundaries</resTitle><date><pubDate>2019-02-08T00:00:00</pubDate></date><citRespParty xmlns=""><rpOrgName>Montana State Library</rpOrgName><role><RoleCd value="006"/></role></citRespParty><citRespParty xmlns=""><rpOrgName>Montana State Library</rpOrgName><rpCntInfo><cntAddress><delPoint>Helena, Montana</delPoint></cntAddress></rpCntInfo><role><RoleCd value="010"/></role></citRespParty><collTitle>Montana Administrative Boundaries ArcGIS Server Map Service</collTitle><presForm xmlns=""><PresFormCd value="005" Sync="TRUE"/></presForm></idCitation><idAbs>&lt;DIV STYLE="text-align:Left;"&gt;&lt;DIV&gt;&lt;DIV&gt;&lt;P&gt;&lt;SPAN&gt;Database of Montana Counties created to be coincident with the Montana Cadastral Parcel Boundaries. Where county boundaries are coincident with public land survey section lines, they were copied from the BLM's Geographic Coordinate Database (GCDB). If boundaries were not coincident with GCDB lines, they were digitized on screen from 1:24,000 scale Geological Survey Digital Raster Graphics (DRGs). County Boundaries will change as the GCDB is adjusted by the BLM and those data are imported into the Cadastral Data Model.&lt;/SPAN&gt;&lt;/P&gt;&lt;/DIV&gt;&lt;/DIV&gt;&lt;/DIV&gt;</idAbs><idPurp>County boundaries coincident with GCDB and Cadastral parcel data.</idPurp><idCredit>US Bureau of Land Management, Geographic Coordinate Database, US Geological Survey 1:24,000 Digital Raster Graphics</idCredit><idStatus><ProgCd value="001"/></idStatus><idPoC xmlns=""><rpOrgName>Montana State Library</rpOrgName><rpCntInfo xmlns=""><cntPhone><voiceNum tddtty="">406-444-5354</voiceNum><voiceNum tddtty="True">(406) 444-4799</voiceNum><faxNum>406-444-0266</faxNum></cntPhone><cntAddress addressType="postal"><delPoint>P.O. Box 201800</delPoint><city>Helena</city><adminArea>Montana</adminArea><postCode>59620</postCode><country>US</country><eMailAdd>geoinfo@mt.gov</eMailAdd></cntAddress><cntHours>8-5</cntHours></rpCntInfo><role><RoleCd value="007"/></role></idPoC><resMaint><maintFreq><MaintFreqCd value="009"/></maintFreq></resMaint><placeKeys><keyword>Montana</keyword></placeKeys><themeKeys><thesaName><resTitle>ISO 19115 Topic Category</resTitle></thesaName><keyword>boundaries</keyword></themeKeys><themeKeys><keyword>counties</keyword><keyword>montana county boundaries</keyword><keyword>Montana Spatial Data Infrastructure</keyword><keyword>Montana county boundary</keyword><keyword>county boundary</keyword><keyword>governmental units</keyword><keyword>county</keyword><keyword>MSDI</keyword><keyword>Administrative Boundaries Framework</keyword><keyword>county lines</keyword><keyword>Montana Administrative Boundaries</keyword><keyword>MSDI_ABF</keyword><keyword>Montana counties</keyword></themeKeys><searchKeys><keyword>counties</keyword><keyword>montana county boundaries</keyword><keyword>Montana Spatial Data Infrastructure</keyword><keyword>Montana county boundary</keyword><keyword>county boundary</keyword><keyword>governmental units</keyword><keyword>county</keyword><keyword>MSDI</keyword><keyword>Administrative Boundaries Framework</keyword><keyword>boundaries</keyword><keyword>Montana</keyword><keyword>county lines</keyword><keyword>Montana Administrative Boundaries</keyword><keyword>MSDI_ABF</keyword><keyword>Montana counties</keyword></searchKeys><resConst><LegConsts xmlns=""><useLimit>This is not a survey product. No liability is assumed by the State of Montana for the use of this product</useLimit></LegConsts></resConst><resConst><Consts xmlns=""><useLimit>&lt;DIV STYLE="text-align:Left;"&gt;&lt;DIV&gt;&lt;DIV&gt;&lt;P&gt;&lt;SPAN&gt;County data is best used in conjunction with the GCDB, or other data based on GCDB. DISCLAIMER: The Montana State Library Geographic Information Services provides this product/service for informational purposes only. The Library did not produce it for, nor is it suitable for legal, engineering, or surveying purposes. Consumers of this information should review or consult the primary data and information sources to ascertain the viability of the information for their purposes. The Library provides these data in good faith but does not represent or warrant its accuracy, adequacy, or completeness. In no event shall the Library be liable for any incorrect results or analysis; any direct, indirect, special, or consequential damages to any party; or any lost profits arising out of or in connection with the use or the inability to use the data or the services provided. The Library makes these data and services available as a convenience to the public, and for no other purpose. The Library reserves the right to change or revise published data and/or services at any time.&lt;/SPAN&gt;&lt;/P&gt;&lt;/DIV&gt;&lt;/DIV&gt;&lt;/DIV&gt;</useLimit></Consts></resConst><aggrInfo xmlns=""><aggrDSName><resTitle>Montana Administrative Boundaries ArcGIS Server Map Service</resTitle><citOnlineRes><linkage>https://mslservices.mt.gov/Geographic_Information/Data/DataList/datalist_Details.aspx?did={a43101d4-295a-4bcb-890c-3218abbda60e}</linkage></citOnlineRes></aggrDSName><assocType><AscTypeCd value="002"/></assocType></aggrInfo><spatRpType><SpatRepTypCd value="001"/></spatRpType><dataLang><languageCode value="eng"/><countryCode value="USA" Sync="TRUE"/></dataLang><dataExt xmlns=""><exDesc>publication date</exDesc><tempEle><TempExtent><exTemp><TM_Instant><tmPosition>2019-02-08T00:00:00</tmPosition></TM_Instant></exTemp></TempExtent></tempEle></dataExt><dataExt xmlns=""><geoEle xmlns=""><GeoBndBox><westBL>-116.178571</westBL><eastBL>-103.611177</eastBL><southBL>44.23772</southBL><northBL>49.180871</northBL></GeoBndBox></geoEle></dataExt><envirDesc Sync="TRUE">Microsoft Windows 7 Version 6.1 (Build 7601) Service Pack 1; Esri ArcGIS 10.5.1.7333</envirDesc><dataExt xmlns=""><geoEle xmlns=""><GeoBndBox esriExtentType="search"><exTypeCode Sync="TRUE">1</exTypeCode><westBL Sync="TRUE">-116.178571</westBL><eastBL Sync="TRUE">-103.611130</eastBL><northBL Sync="TRUE">49.180871</northBL><southBL Sync="TRUE">44.237720</southBL></GeoBndBox></geoEle></dataExt><dataChar><CharSetCd value="004"/></dataChar><tpCat><TopicCatCd value="017"/></tpCat><tpCat><TopicCatCd value="003"/></tpCat></dataIdInfo><dqInfo xmlns=""><dqScope><scpLvl><ScopeCd value="005"/></scpLvl></dqScope><report xmlns="" type="DQCompOm" dimension=""><measDesc>Complete as of 12/06/17</measDesc></report><report xmlns="" type="DQAbsExtPosAcc" dimension="horizontal"><measDesc>Varies on GCDB accuracy</measDesc></report><dataLineage><prcStep xmlns=""><stepDesc>County boundaries when coincident with the PLSS were copied from original GCDB data downloaded from the Montana State BLM Office. Based on recent observations, this GCDB data varies somewhat from what is available at the Denver GCDB LSIS site and BLM needs to coordinate to ensure one standard version of GCDB. The boundaries that are not coincident with PLSS, rivers and other topographic features, were on screen digitized from the USGS raster graphics. Discrepancies were researched when encountered, however this is not meant to represent a legal survey of Montana county boundaries</stepDesc><stepDateTm>2002-20-03</stepDateTm></prcStep><dataSource xmlns="" type=""><srcDesc>County lines that do not follow Public Land Survey lines were screen-digitized from these images.</srcDesc><srcMedName><MedNameCd value="015"/></srcMedName><srcScale><rfDenom>24000</rfDenom></srcScale><srcCitatn><resTitle>1:24,000 scale Digital Raster Graphics</resTitle><citRespParty><rpOrgName>Montana State Library</rpOrgName><rpCntInfo><cntAddress><delPoint>Helena, MT</delPoint></cntAddress></rpCntInfo><role><RoleCd value="010"/></role></citRespParty><citRespParty><rpOrgName>U.S. Geological Survey</rpOrgName><role><RoleCd value="006"/></role></citRespParty><citOnlineRes><linkage>http://ftp.geoinfo.msl.mt.gov/Data/Spatial/MSDI/AdministrativeBoundaries/</linkage></citOnlineRes></srcCitatn></dataSource><dataSource xmlns="" type=""><srcDesc>This is the source of all county lines that follow Public Land Survey lines.</srcDesc><srcMedName><MedNameCd value="015"/></srcMedName><srcCitatn xmlns=""><resTitle>Geographic Coordinate Database</resTitle><citRespParty><rpOrgName>U.S. Bureau of Land Management, Montana/Dakotas Cadastral Survey</rpOrgName><rpCntInfo><cntAddress><delPoint>Billings, MT</delPoint></cntAddress></rpCntInfo><role><RoleCd value="010"/></role></citRespParty><citRespParty><rpOrgName>U.S. Bureau of Land Management</rpOrgName><role><RoleCd value="006"/></role></citRespParty><citOnlineRes><linkage>http://www.mt.blm.gov/cadastral/gcdb/index.html</linkage></citOnlineRes></srcCitatn></dataSource><prcStep xmlns=""><stepDesc>Adjusted county boundaries to the July 2015 CadNSDI Montana (PLSS)</stepDesc><stepDateTm>2015-09-09T00:00:00</stepDateTm></prcStep><prcStep xmlns=""><stepDesc>Adjusted county boundaries to the March 2016 CadNSDI Montana (PLSS)</stepDesc><stepDateTm>2016-09-30T00:00:00</stepDateTm></prcStep><prcStep xmlns=""><stepDesc>Adjusted county boundaries to the October 2017 CadNSDI Montana (PLSS) and renamed Lewis and Clark</stepDesc><stepDateTm>2017-10-16T00:00:00</stepDateTm></prcStep><prcStep xmlns=""><stepDesc>Adjusted county boundaries to the November 2018 CadNSDI Montana (PLSS)</stepDesc><stepDateTm>2019-02-08T00:00:00</stepDateTm></prcStep></dataLineage></dqInfo><spatRepInfo><VectSpatRep><geometObjs Name="County"><geoObjTyp><GeoObjTypCd value="002" Sync="TRUE"></GeoObjTypCd></geoObjTyp><geoObjCnt Sync="TRUE">0</geoObjCnt></geometObjs><topLvl><TopoLevCd value="001" Sync="TRUE"></TopoLevCd></topLvl></VectSpatRep></spatRepInfo><eainfo><detailed xmlns="" Name="County"><enttyp><enttypl Sync="TRUE">County</enttypl><enttypd>Counties of Montana</enttypd><enttypt Sync="TRUE">Feature Class</enttypt><enttypc Sync="TRUE">0</enttypc></enttyp><attr><attrlabl Sync="TRUE">FID</attrlabl><attalias Sync="TRUE">FID</attalias><attrtype Sync="TRUE">OID</attrtype><attwidth Sync="TRUE">4</attwidth><atprecis Sync="TRUE">0</atprecis><attscale Sync="TRUE">0</attscale><attrdef Sync="TRUE">Internal feature number.</attrdef><attrdefs Sync="TRUE">Esri</attrdefs><attrdomv><udom Sync="TRUE">Sequential unique whole numbers that are automatically generated.</udom></attrdomv></attr><attr><attrlabl>NAME</attrlabl><attrdef>Name of County</attrdef><attalias Sync="TRUE">NAME</attalias><attrtype Sync="TRUE">String</attrtype><attwidth Sync="TRUE">32</attwidth><atprecis Sync="TRUE">0</atprecis><attscale Sync="TRUE">0</attscale></attr><attr><attrlabl>SHAPE</attrlabl><attrdef>Feature geometry.</attrdef><attrdefs>ESRI</attrdefs><attrdomv><udom>Coordinates defining the features.</udom></attrdomv><attalias Sync="TRUE">Shape</attalias><attrtype Sync="TRUE">Geometry</attrtype><attwidth Sync="TRUE">0</attwidth><atprecis Sync="TRUE">0</atprecis><attscale Sync="TRUE">0</attscale></attr><attr><attrlabl Sync="TRUE">PKEY</attrlabl><attalias Sync="TRUE">PKEY</attalias><attrtype Sync="TRUE">String</attrtype><attwidth Sync="TRUE">35</attwidth><atprecis Sync="TRUE">0</atprecis><attscale Sync="TRUE">0</attscale></attr><attr><attrlabl Sync="TRUE">COUNTYNUMB</attrlabl><attalias Sync="TRUE">COUNTYNUMB</attalias><attrtype Sync="TRUE">Integer</attrtype><attwidth Sync="TRUE">5</attwidth><atprecis Sync="TRUE">5</atprecis><attscale Sync="TRUE">0</attscale></attr><attr><attrlabl>ACRES</attrlabl><attrdef>Area of county in acres</attrdef><attalias Sync="TRUE">ACRES</attalias><attrtype Sync="TRUE">Double</attrtype><attwidth Sync="TRUE">19</attwidth><atprecis Sync="TRUE">0</atprecis><attscale Sync="TRUE">0</attscale></attr><attr><attrlabl Sync="TRUE">PERIMETER</attrlabl><attalias Sync="TRUE">PERIMETER</attalias><attrtype Sync="TRUE">Double</attrtype><attwidth Sync="TRUE">19</attwidth><atprecis Sync="TRUE">0</atprecis><attscale Sync="TRUE">0</attscale></attr><attr><attrlabl>SQMILES</attrlabl><attrdef>Area of county in square miles</attrdef><attalias Sync="TRUE">SQMILES</attalias><attrtype Sync="TRUE">Double</attrtype><attwidth Sync="TRUE">19</attwidth><atprecis Sync="TRUE">0</atprecis><attscale Sync="TRUE">0</attscale></attr><attr><attrlabl Sync="TRUE">ALLFIPS</attrlabl><attalias Sync="TRUE">ALLFIPS</attalias><attrtype Sync="TRUE">String</attrtype><attwidth Sync="TRUE">5</attwidth><atprecis Sync="TRUE">0</atprecis><attscale Sync="TRUE">0</attscale></attr><attr><attrlabl>FIPS</attrlabl><attrdef>Federal Information Processing Standard county code</attrdef><attalias Sync="TRUE">FIPS</attalias><attrtype Sync="TRUE">String</attrtype><attwidth Sync="TRUE">3</attwidth><atprecis Sync="TRUE">0</atprecis><attscale Sync="TRUE">0</attscale></attr><attr><attrlabl Sync="TRUE">GLOBALID</attrlabl><attalias Sync="TRUE">GLOBALID</attalias><attrtype Sync="TRUE">String</attrtype><attwidth Sync="TRUE">38</attwidth><atprecis Sync="TRUE">0</atprecis><attscale Sync="TRUE">0</attscale></attr><attr><attrlabl Sync="TRUE">LAST_UPDAT</attrlabl><attalias Sync="TRUE">LAST_UPDAT</attalias><attrtype Sync="TRUE">Date</attrtype><attwidth Sync="TRUE">8</attwidth><atprecis Sync="TRUE">0</atprecis><attscale Sync="TRUE">0</attscale></attr><attr><attrlabl Sync="TRUE">NAMELABEL</attrlabl><attalias Sync="TRUE">NAMELABEL</attalias><attrtype Sync="TRUE">String</attrtype><attwidth Sync="TRUE">32</attwidth><atprecis Sync="TRUE">0</atprecis><attscale Sync="TRUE">0</attscale></attr><attr><attrlabl>NAMEABBR</attrlabl><attrdef>Two-letter abbreviation of county name</attrdef><attalias Sync="TRUE">NAMEABBR</attalias><attrtype Sync="TRUE">String</attrtype><attwidth Sync="TRUE">3</attwidth><atprecis Sync="TRUE">0</atprecis><attscale Sync="TRUE">0</attscale></attr><attr><attrlabl Sync="TRUE">Shape_Leng</attrlabl><attalias Sync="TRUE">Shape_Leng</attalias><attrtype Sync="TRUE">Double</attrtype><attwidth Sync="TRUE">19</attwidth><atprecis Sync="TRUE">0</atprecis><attscale Sync="TRUE">0</attscale></attr><attr><attrlabl Sync="TRUE">Shape_Area</attrlabl><attalias Sync="TRUE">Shape_Area</attalias><attrtype Sync="TRUE">Double</attrtype><attwidth Sync="TRUE">19</attwidth><atprecis Sync="TRUE">0</atprecis><attscale Sync="TRUE">0</attscale><attrdef Sync="TRUE">Area of feature in internal units squared.</attrdef><attrdefs Sync="TRUE">Esri</attrdefs><attrdomv><udom Sync="TRUE">Positive real numbers that are automatically generated.</udom></attrdomv></attr></detailed></eainfo><mdHrLvName Sync="TRUE">dataset</mdHrLvName><refSysInfo><RefSystem><refSysID><identCode code="32100" Sync="TRUE"/><idCodeSpace Sync="TRUE">EPSG</idCodeSpace><idVersion Sync="TRUE">4.5(3.0.1)</idVersion></refSysID></RefSystem></refSysInfo><spdoinfo><ptvctinf><esriterm Name="County"><efeatyp Sync="TRUE">Simple</efeatyp><efeageom code="4" Sync="TRUE"></efeageom><esritopo Sync="TRUE">FALSE</esritopo><efeacnt Sync="TRUE">0</efeacnt><spindex Sync="TRUE">FALSE</spindex><linrefer Sync="TRUE">FALSE</linrefer></esriterm></ptvctinf></spdoinfo><mdMaint xmlns=""><maintFreq><MaintFreqCd value="009"/></maintFreq></mdMaint></metadata>
