<metadata xml:lang="en"><Esri><CreaDate>20171003</CreaDate><CreaTime>12261900</CreaTime><ArcGISFormat>1.0</ArcGISFormat><ArcGISstyle>FGDC CSDGM Metadata</ArcGISstyle><SyncOnce>FALSE</SyncOnce><DataProperties><itemProps><itemName Sync="TRUE">MTPublicLands_SHP</itemName><itemLocation><linkage Sync="TRUE">file://\\MSLFNP01\GEOINFO\05-MSDI_DataDev\Cadastral\PublicLands\MTPublicLands_SHP.shp</linkage><protocol Sync="TRUE">Local Area Network</protocol></itemLocation><nativeExtBox><westBL Sync="TRUE">111848.620156</westBL><eastBL Sync="TRUE">1030197.641406</eastBL><southBL Sync="TRUE">17695.160000</southBL><northBL Sync="TRUE">547983.676250</northBL><exTypeCode Sync="TRUE">1</exTypeCode></nativeExtBox><imsContentType Sync="TRUE" export="False">002</imsContentType><itemSize Sync="TRUE">0.000</itemSize></itemProps><coordRef><type Sync="TRUE">Projected</type><geogcsn Sync="TRUE">GCS_North_American_1983</geogcsn><csUnits Sync="TRUE">Linear Unit: Meter (1.000000)</csUnits><projcsn Sync="TRUE">NAD_1983_StatePlane_Montana_FIPS_2500</projcsn><peXml Sync="TRUE">&lt;ProjectedCoordinateSystem xsi:type='typens:ProjectedCoordinateSystem' xmlns:xsi='http://www.w3.org/2001/XMLSchema-instance' xmlns:xs='http://www.w3.org/2001/XMLSchema' xmlns:typens='http://www.esri.com/schemas/ArcGIS/10.5'&gt;&lt;WKT&gt;PROJCS[&amp;quot;NAD_1983_StatePlane_Montana_FIPS_2500&amp;quot;,GEOGCS[&amp;quot;GCS_North_American_1983&amp;quot;,DATUM[&amp;quot;D_North_American_1983&amp;quot;,SPHEROID[&amp;quot;GRS_1980&amp;quot;,6378137.0,298.257222101]],PRIMEM[&amp;quot;Greenwich&amp;quot;,0.0],UNIT[&amp;quot;Degree&amp;quot;,0.0174532925199433]],PROJECTION[&amp;quot;Lambert_Conformal_Conic&amp;quot;],PARAMETER[&amp;quot;False_Easting&amp;quot;,600000.0],PARAMETER[&amp;quot;False_Northing&amp;quot;,0.0],PARAMETER[&amp;quot;Central_Meridian&amp;quot;,-109.5],PARAMETER[&amp;quot;Standard_Parallel_1&amp;quot;,45.0],PARAMETER[&amp;quot;Standard_Parallel_2&amp;quot;,49.0],PARAMETER[&amp;quot;Latitude_Of_Origin&amp;quot;,44.25],UNIT[&amp;quot;Meter&amp;quot;,1.0],AUTHORITY[&amp;quot;EPSG&amp;quot;,32100]]&lt;/WKT&gt;&lt;XOrigin&gt;-35666000&lt;/XOrigin&gt;&lt;YOrigin&gt;-30006900&lt;/YOrigin&gt;&lt;XYScale&gt;124182419.54917815&lt;/XYScale&gt;&lt;ZOrigin&gt;-100000&lt;/ZOrigin&gt;&lt;ZScale&gt;10000&lt;/ZScale&gt;&lt;MOrigin&gt;-100000&lt;/MOrigin&gt;&lt;MScale&gt;10000&lt;/MScale&gt;&lt;XYTolerance&gt;0.001&lt;/XYTolerance&gt;&lt;ZTolerance&gt;0.001&lt;/ZTolerance&gt;&lt;MTolerance&gt;0.001&lt;/MTolerance&gt;&lt;HighPrecision&gt;true&lt;/HighPrecision&gt;&lt;WKID&gt;32100&lt;/WKID&gt;&lt;LatestWKID&gt;32100&lt;/LatestWKID&gt;&lt;/ProjectedCoordinateSystem&gt;</peXml></coordRef><lineage><Process ToolSource="C:\GISdata\ConflationTest\Conflation_10_3_Tool\Conflation.tbx\ConflateLayers" Date="20171003" Time="123721" Name="" export="False">ConflateLayers Links_2017_selectedtwps_Final_countyholds 'PublicLands NEW'</Process><Process ToolSource="C:\Temp\Conflation_10_3\Conflation.tbx\ConflateLayers" Date="20190128" Time="125339" Name="" export="">ConflateLayers NewLinks800ft_SP_ALL Cadastral.DBO.PublicLands</Process><Process ToolSource="C:\Temp\Conflation_10_3\Conflation.tbx\ConflateLayers" Date="20190128" Time="130510" Name="" export="">ConflateLayers SelectedLinks Cadastral.DBO.PublicLands</Process><Process ToolSource="C:\Temp\Conflation_10_3\Conflation.tbx\ConflateLayers" Date="20190128" Time="130606" Name="" export="">ConflateLayers SelectedLinks Cadastral.DBO.PublicLands</Process><Process ToolSource="C:\Temp\Conflation_10_3\Conflation.tbx\ConflateLayers" Date="20190128" Time="135736" Name="" export="">ConflateLayers Links20172018 Cadastral.DBO.PublicLands</Process><Process ToolSource="c:\program files (x86)\arcgis\desktop10.5\ArcToolbox\Toolboxes\Data Management Tools.tbx\DeleteFeatures" Date="20190131" Time="114149" Name="" export="">DeleteFeatures Cadastral.DBO.PublicLands</Process><Process ToolSource="c:\program files (x86)\arcgis\desktop10.5\ArcToolbox\Toolboxes\Data Management Tools.tbx\Append" Date="20190131" Time="114432" Name="" export="">Append PLtoadjust_Dissolve Cadastral.DBO.PublicLands NO_TEST "OWNER "OWNER" true true false 4 Long 0 10 ,First,#,PLtoadjust_Dissolve,OWNER,-1,-1;Acreage "Acreage" true true false 8 Double 8 38 ,First,#,PLtoadjust_Dissolve,Acreage,-1,-1;Shape.STArea() "Shape.STArea()" false false true 0 Double 0 0 ,First,#;Shape.STLength() "Shape.STLength()" false false true 0 Double 0 0 ,First,#" #</Process><Process ToolSource="c:\program files (x86)\arcgis\desktop10.5\ArcToolbox\Toolboxes\Data Management Tools.tbx\ChangePrivileges" Date="20190212" Time="093829" Name="" export="">ChangePrivileges 'Database Connections\cadastral_mslsqlprd01.sde\Cadastral.DBO.ConservationEasements';'Database Connections\cadastral_mslsqlprd01.sde\Cadastral.DBO.ControlReporting';'Database Connections\cadastral_mslsqlprd01.sde\Cadastral.DBO.lineMeasure';'Database Connections\cadastral_mslsqlprd01.sde\Cadastral.DBO.PublicLands';'Database Connections\cadastral_mslsqlprd01.sde\Cadastral.DBO.OwnerParcel' state\cwb288 GRANT GRANT</Process><Process ToolSource="c:\program files (x86)\arcgis\desktop10.5\ArcToolbox\Toolboxes\Conversion Tools.tbx\FeatureClassToFeatureClass" Date="20190411" Time="162342">FeatureClassToFeatureClass H:\databaseconnections\DBOConnections\MSLSQLPRD01\Cadastral_DBO_MSLSQLPRD01.sde\Cadastral.DBO.PublicLands \\MSLFNP01\\GEOINFO\\05-MSDI_DataDev\\Cadastral\\PublicLands MTPublicLands_SHP.shp # "OWNER "OWNER" true true false 4 Long 0 10 ,First,#,H:\databaseconnections\DBOConnections\MSLSQLPRD01\Cadastral_DBO_MSLSQLPRD01.sde\Cadastral.DBO.PublicLands,OWNER,-1,-1;Acreage "Acreage" true true false 8 Double 8 38 ,First,#,H:\databaseconnections\DBOConnections\MSLSQLPRD01\Cadastral_DBO_MSLSQLPRD01.sde\Cadastral.DBO.PublicLands,Acreage,-1,-1;Shape_STAr "Shape_STAr" false false true 0 Double 0 0 ,First,#,H:\databaseconnections\DBOConnections\MSLSQLPRD01\Cadastral_DBO_MSLSQLPRD01.sde\Cadastral.DBO.PublicLands,Shape.STArea(),-1,-1;Shape_STLe "Shape_STLe" false false true 0 Double 0 0 ,First,#,H:\databaseconnections\DBOConnections\MSLSQLPRD01\Cadastral_DBO_MSLSQLPRD01.sde\Cadastral.DBO.PublicLands,Shape.STLength(),-1,-1" #</Process></lineage></DataProperties><SyncDate>20190411</SyncDate><SyncTime>16233300</SyncTime><ModDate>20190411</ModDate><ModTime>16233300</ModTime><scaleRange><minScale>150000000</minScale><maxScale>5000</maxScale></scaleRange><ArcGISProfile>FGDC</ArcGISProfile></Esri><mdLang><languageCode value="eng"/><countryCode value="USA" Sync="TRUE"/></mdLang><mdChar><CharSetCd value="004"/></mdChar><mdHrLv><ScopeCd value="005"/></mdHrLv><mdContact xmlns=""><rpOrgName>Montana State Library</rpOrgName><rpCntInfo><cntPhone><voiceNum>(406) 444-5354</voiceNum><voiceNum tddtty="True">(406) 444-4799</voiceNum><faxNum>(406) 444-0266</faxNum></cntPhone><cntAddress addressType="postal"><delPoint>P.O. Box 201800</delPoint><city>Helena</city><adminArea>MT</adminArea><postCode>59620</postCode><eMailAdd>geoinfo@mt.gov</eMailAdd></cntAddress></rpCntInfo><role><RoleCd value="007"/></role></mdContact><mdDateSt Sync="FALSE">20190411</mdDateSt><mdStanName>ArcGIS Metadata</mdStanName><mdStanVer>1.0</mdStanVer><distInfo xmlns=""><distributor xmlns=""><distorCont xmlns=""><rpOrgName>Montana State Library</rpOrgName><rpCntInfo><cntPhone><voiceNum>(406) 444-5354</voiceNum><voiceNum tddtty="True">(406) 444-4799</voiceNum><faxNum>(406) 444-0266</faxNum></cntPhone><cntAddress addressType="postal"><delPoint>P.O. Box 201800</delPoint><city>Helena</city><adminArea>MT</adminArea><postCode>59620</postCode><eMailAdd>geoinfo@mt.gov</eMailAdd></cntAddress><cntInstr>Contact via email</cntInstr></rpCntInfo><role><RoleCd value="005"/></role></distorCont><distorFormat xmlns=""><formatName>ESRI Personal Geodatabase</formatName></distorFormat><distorTran xmlns=""><onLineSrc><linkage>ftp://ftp.geoinfo.msl.mt.gov/Data/Spatial/MSDI/Cadastral/PublicLands/</linkage></onLineSrc></distorTran></distributor><distTranOps xmlns=""><onLineSrc xmlns=""><linkage>ftp://ftp.geoinfo.msl.mt.gov/Data/Spatial/MSDI/Cadastral/PublicLands/</linkage></onLineSrc><transSize Sync="TRUE">0.000</transSize></distTranOps><distFormat xmlns=""><formatName Sync="TRUE">Shapefile</formatName></distFormat></distInfo><dataIdInfo><idCitation xmlns=""><resTitle Sync="FALSE">Montana Public Lands</resTitle><date><pubDate>2019-04-11T00:00:00</pubDate></date><citRespParty xmlns=""><rpOrgName>Montana State Library</rpOrgName><rpCntInfo><cntAddress><delPoint>Helena, Montana</delPoint></cntAddress></rpCntInfo><role><RoleCd value="010"/></role></citRespParty><citRespParty xmlns=""><rpOrgName>Montana State Library</rpOrgName><role><RoleCd value="006"/></role></citRespParty><presForm xmlns=""><PresFormCd value="005" Sync="TRUE"/></presForm></idCitation><idAbs>&lt;DIV STYLE="text-align:Left;"&gt;&lt;DIV&gt;&lt;DIV&gt;&lt;P&gt;&lt;SPAN&gt;The Montana Public Lands data contains public administered lands that are recorded in the Montana Department of Revenue's tax appraisal database. Each public land polygon is attributed with the name of the public agency that owns it. The data are derived from the statewide Montana Cadastral Parcel layer.&lt;/SPAN&gt;&lt;/P&gt;&lt;/DIV&gt;&lt;/DIV&gt;&lt;/DIV&gt;</idAbs><idStatus><ProgCd value="007"/></idStatus><idPoC><rpOrgName>Montana State Library</rpOrgName><rpCntInfo><cntPhone><voiceNum>(406) 444-5354</voiceNum><voiceNum tddtty="True">(406) 444-4799</voiceNum><faxNum>(406) 444-0266</faxNum></cntPhone><cntAddress addressType="postal"><delPoint>P.O. Box 201800</delPoint><city>Helena</city><adminArea>MT</adminArea><postCode>59620</postCode><eMailAdd>geoinfo@mt.gov</eMailAdd></cntAddress></rpCntInfo><role><RoleCd value="007"/></role></idPoC><resMaint xmlns=""><maintFreq><MaintFreqCd value="001"/></maintFreq></resMaint><placeKeys xmlns=""><keyword>Montana</keyword></placeKeys><themeKeys xmlns=""><keyword>Public Ownership</keyword><keyword>Land Ownership</keyword></themeKeys><themeKeys xmlns=""><thesaName><resTitle>ISO 19115 Topic Category</resTitle></thesaName><keyword>boundaries</keyword><keyword>planningCadastre</keyword></themeKeys><searchKeys><keyword>Montana</keyword><keyword>Public Ownership</keyword><keyword>boundaries</keyword><keyword>Land Ownership</keyword><keyword>planningCadastre</keyword></searchKeys><resConst><LegConsts xmlns=""><useLimit>The user of this data agrees to release the Base Map Services\Montana State Library (BMS\MSL); its officers; directors; agents; employees; and those acting on its behalf from all debts; claims; and liability of any kind arising out of or in connection with the use of the data. Please be aware that these data are constantly being changed and updated. Rather than distribute the data to second parties; please refer interested parties to BMS\MSL for the most recent version of the data. These data do not imply public access to any lands. This data set is provided "as-is" without warranty of any kind. BMS\MSL makes no representations or warranties whatsoever with respect to the accuracy or completeness of this data set and assumes no responsibility for the suitability of this data set for a particular purpose; and MTNHP will not be liable for any damages incurred as a result of errors in this data set.</useLimit></LegConsts></resConst><resConst><Consts xmlns=""><useLimit>&lt;DIV STYLE="text-align:Left;"&gt;&lt;DIV&gt;&lt;DIV&gt;&lt;P&gt;&lt;SPAN&gt;The Montana State Library Geographic Information Services provides this product/service for informational purposes only. The Library did not produce it for, nor is it suitable for legal, engineering, or surveying purposes. Consumers of this information should review or consult the primary data and information sources to ascertain the viability of the information for their purposes. The Library provides these data in good faith but does not represent or warrant its accuracy, adequacy, or completeness. In no event shall the Library be liable for any incorrect results or analysis; any direct, indirect, special, or consequential damages to any party; or any lost profits arising out of or in connection with the use or the inability to use the data or the services provided. The Library makes these data and services available as a convenience to the public, and for no other purpose. The Library reserves the right to change or revise published data and/or services at any time.&lt;/SPAN&gt;&lt;/P&gt;&lt;/DIV&gt;&lt;/DIV&gt;&lt;/DIV&gt;</useLimit></Consts></resConst><dataLang><languageCode value="eng"/><countryCode value="USA" Sync="TRUE"/></dataLang><dataExt xmlns=""><geoEle xmlns=""><GeoBndBox><westBL>-116</westBL><eastBL>-104</eastBL><southBL>44.5</southBL><northBL>49</northBL></GeoBndBox></geoEle></dataExt><dataExt xmlns=""><exDesc>publication date</exDesc><tempEle><TempExtent><exTemp><TM_Instant><tmPosition>2019-04-11T00:00:00</tmPosition></TM_Instant></exTemp></TempExtent></tempEle></dataExt><suppInfo>This data set is a work in progress; it contains errors of omission and errors in current attributes. Areas where the data are particularly weak include city and county lands (errors of omission ), BIA trust lands (many unrecorded transfers to and from private land status.) and lands in and adjacent to the western boundary of Glacier National Park. Please note that this dataset contains information on surface status only. The dataset contains no information about ownership or status of the mineral estate.</suppInfo><envirDesc Sync="TRUE">Microsoft Windows 7 Version 6.1 (Build 7601) Service Pack 1; Esri ArcGIS 10.5.1.7333</envirDesc><spatRpType><SpatRepTypCd value="001" Sync="TRUE"/></spatRpType><dataExt xmlns=""><geoEle xmlns=""><GeoBndBox esriExtentType="search"><exTypeCode Sync="TRUE">1</exTypeCode><westBL Sync="TRUE">-116.178571</westBL><eastBL Sync="TRUE">-103.611130</eastBL><northBL Sync="TRUE">49.180871</northBL><southBL Sync="TRUE">44.237720</southBL></GeoBndBox></geoEle></dataExt><dataChar><CharSetCd value="004"/></dataChar><tpCat><TopicCatCd value="015"/></tpCat><tpCat><TopicCatCd value="003"/></tpCat></dataIdInfo><dqInfo xmlns=""><dqScope><scpLvl><ScopeCd value="005"/></scpLvl></dqScope><report xmlns="" type="DQCompOm" dimension=""><evalMethDesc>This data set is a work in progress; it contains errors of omission and errors in current attributes. Data are updated as information becomes available. Delays between changes in land status and their inclusion in this layer can vary from a few weeks to over a year depending on the source of the information. This data contains errors of omission and errors in current attributes. Areas where the data are particularly weak include city and county lands (errors of omission - these parcels are coded as private) and BIA trust lands (many unrecorded transfers to and from private land status.)</evalMethDesc></report><report xmlns="" type="DQCompOm" dimension=""><measDesc>This data set is a work in progress; it contains errors of omission and errors in current attributes. Data are updated as information becomes available. Delays between changes in land status and their inclusion in this layer can vary from a few weeks to over a year depending on the source of the information. This data contains errors of omission and errors in current attributes. Areas where the data are particularly weak include city and county lands (errors of omission - these parcels are coded as private) and BIA trust lands (many unrecorded transfers to and from private land status.)</measDesc></report><report xmlns="" type="DQAbsExtPosAcc" dimension="horizontal"><measDesc>The Public Lands Data is based on the Bureau of Land Management's Geographic Coordinate Database (GCDB). The BLM collects the GCDB Public Lands Survey System data on a township basis. The survey boundaries are delineated by computing the geographic positions of township, section, aliquot part, government lot, and special survey corners. Horizontal control positions from published sources and geographic positioning system (GPS) observations are added and the GCDB grid is adjusted using the least squares method of adjustment to determine the best geographic positions for the survey points. Horizontal Accuracy varies throughout the data: Scale is dependant on the positional accuracy of the GCDB. Note: Original MTNHP Stewardship Data was basically compiled from 1:100,000 scale (100K) data with a horizontal accuracy of approximately 170 feet. This data came from the BLM 100K Public Land Survey and Ownership layers digitized from BLM 100K Surface Management Status maps in 1995-1996.</measDesc></report><dataLineage><dataSource xmlns="" type=""><srcCitatn xmlns=""><resTitle>Montana Cadastral Mapping Project</resTitle><citRespParty><rpOrgName>Montana State Library</rpOrgName><role><RoleCd value="006"/></role></citRespParty><citRespParty><rpOrgName>Montana State Library</rpOrgName><rpCntInfo><cntAddress><delPoint>Helena; Montana</delPoint></cntAddress></rpCntInfo><role><RoleCd value="010"/></role></citRespParty></srcCitatn></dataSource></dataLineage></dqInfo><eainfo><detailed Name="MTPublicLands_SHP"><enttyp><enttypl Sync="TRUE">MTPublicLands_SHP</enttypl><enttypt Sync="TRUE">Feature Class</enttypt><enttypc Sync="TRUE">0</enttypc></enttyp><attr><attrlabl Sync="TRUE">FID</attrlabl><attalias Sync="TRUE">FID</attalias><attrtype Sync="TRUE">OID</attrtype><attwidth Sync="TRUE">4</attwidth><atprecis Sync="TRUE">0</atprecis><attscale Sync="TRUE">0</attscale><attrdef Sync="TRUE">Internal feature number.</attrdef><attrdefs Sync="TRUE">Esri</attrdefs><attrdomv><udom Sync="TRUE">Sequential unique whole numbers that are automatically generated.</udom></attrdomv></attr><attr><attrlabl Sync="TRUE">Shape</attrlabl><attalias Sync="TRUE">Shape</attalias><attrtype Sync="TRUE">Geometry</attrtype><attwidth Sync="TRUE">0</attwidth><atprecis Sync="TRUE">0</atprecis><attscale Sync="TRUE">0</attscale><attrdef Sync="TRUE">Feature geometry.</attrdef><attrdefs Sync="TRUE">Esri</attrdefs><attrdomv><udom Sync="TRUE">Coordinates defining the features.</udom></attrdomv></attr><attr><attrlabl>OWNER</attrlabl><attrdomv><edom><edomv>30</edomv><edomvd>Local Government</edomvd></edom><edom><edomv>22</edomv><edomvd>Montana Fish, Wildlife, and Parks</edomvd></edom><edom><edomv>32</edomv><edomvd>City Government</edomvd></edom><edom><edomv>15</edomv><edomvd>US Forest Service</edomvd></edom><edom><edomv>31</edomv><edomvd>County Government</edomvd></edom><edom><edomv>10</edomv><edomvd>US Government</edomvd></edom><edom><edomv>14</edomv><edomvd>National Park Service</edomvd></edom><edom><edomv>18</edomv><edomvd>US Dept of Defense</edomvd></edom><edom><edomv>24</edomv><edomvd>Montana Dept of Corrections</edomvd></edom><edom><edomv>11</edomv><edomvd>US Bureau of Land Management</edomvd></edom><edom><edomv>16</edomv><edomvd>US Dept of Agriculture</edomvd></edom><edom><edomv>23</edomv><edomvd>Montana University System</edomvd></edom><edom><edomv>26</edomv><edomvd>Montana Dept of Natural Resources Water Projects</edomvd></edom><edom><edomv>25</edomv><edomvd>Montana Dept of Transportation</edomvd></edom><edom><edomv>12</edomv><edomvd>US Bureau of Reclamation</edomvd></edom><edom><edomv>13</edomv><edomvd>US Fish and Wildlife Service</edomvd></edom><edom><edomv>1000</edomv></edom><edom><edomv>20</edomv><edomvd>State of Montana</edomvd></edom><edom><edomv>21</edomv><edomvd>Montana State Trust Lands</edomvd></edom><edom><edomv>40</edomv><edomvd>Bureau of Indian Affairs Trust Land</edomvd></edom><edom><edomv>17</edomv><edomvd>US Army Corps of Engineers</edomvd></edom></attrdomv><attalias Sync="TRUE">OWNER</attalias><attrtype Sync="TRUE">Integer</attrtype><attwidth Sync="TRUE">10</attwidth><atprecis Sync="TRUE">10</atprecis><attscale Sync="TRUE">0</attscale></attr><attr><attrlabl Sync="TRUE">Acreage</attrlabl><attalias Sync="TRUE">Acreage</attalias><attrtype Sync="TRUE">Double</attrtype><attwidth Sync="TRUE">19</attwidth><atprecis Sync="TRUE">0</atprecis><attscale Sync="TRUE">0</attscale></attr><attr><attrlabl Sync="TRUE">Shape_STAr</attrlabl><attalias Sync="TRUE">Shape_STAr</attalias><attrtype Sync="TRUE">Double</attrtype><attwidth Sync="TRUE">19</attwidth><atprecis Sync="TRUE">0</atprecis><attscale Sync="TRUE">0</attscale></attr><attr><attrlabl Sync="TRUE">Shape_STLe</attrlabl><attalias Sync="TRUE">Shape_STLe</attalias><attrtype Sync="TRUE">Double</attrtype><attwidth Sync="TRUE">19</attwidth><atprecis Sync="TRUE">0</atprecis><attscale Sync="TRUE">0</attscale></attr></detailed></eainfo><mdHrLvName Sync="TRUE">dataset</mdHrLvName><refSysInfo><RefSystem><refSysID><identCode code="32100" Sync="TRUE"/><idCodeSpace Sync="TRUE">EPSG</idCodeSpace><idVersion Sync="TRUE">4.5(3.0.1)</idVersion></refSysID></RefSystem></refSysInfo><spatRepInfo><VectSpatRep><geometObjs Name="MTPublicLands_SHP"><geoObjTyp><GeoObjTypCd value="002" Sync="TRUE"></GeoObjTypCd></geoObjTyp><geoObjCnt Sync="TRUE">0</geoObjCnt></geometObjs><topLvl><TopoLevCd value="001" Sync="TRUE"></TopoLevCd></topLvl></VectSpatRep></spatRepInfo><spdoinfo><ptvctinf><esriterm Name="MTPublicLands_SHP"><efeatyp Sync="TRUE">Simple</efeatyp><efeageom code="4" Sync="TRUE"></efeageom><esritopo Sync="TRUE">FALSE</esritopo><efeacnt Sync="TRUE">0</efeacnt><spindex Sync="TRUE">FALSE</spindex><linrefer Sync="TRUE">FALSE</linrefer></esriterm></ptvctinf></spdoinfo><mdMaint xmlns=""><maintFreq><MaintFreqCd value="009"/></maintFreq></mdMaint></metadata>
