<metadata><Esri><ModDate>20190211</ModDate><ModTime>14410600</ModTime><CreaDate>20190211</CreaDate><CreaTime>14410500</CreaTime><SyncOnce>FALSE</SyncOnce><SyncDate>20190211</SyncDate><SyncTime>14410600</SyncTime><DataProperties><lineage><Process ToolSource="C:\Program Files\ArcGIS\ArcToolbox\Toolboxes\Conversion Tools.tbx\FeatureClassToFeatureClass" Date="20100513" Time="133205" Name="" export="">FeatureClassToFeatureClass "Q:\Erin\Governmental Units\Reservations\MontanaReservations.mdb\Boundaries\Reservations" "Database Connections\GISPRD_doaisd7523_GISB.sde\GISB.Boundaries" Reservations # "NAME 'NAME' true true false 30 Text 0 0 ,First,#,Q:\Erin\Governmental Units\Reservations\MontanaReservations.mdb\Boundaries\Reservations,NAME,-1,-1;Shape_Length 'Shape_Length' false true true 8 Double 0 0 ,First,#,Q:\Erin\Governmental Units\Reservations\MontanaReservations.mdb\Boundaries\Reservations,Shape_Length,-1,-1;Shape_Area 'Shape_Area' false true true 8 Double 0 0 ,First,#,Q:\Erin\Governmental Units\Reservations\MontanaReservations.mdb\Boundaries\Reservations,Shape_Area,-1,-1" DEFAULTS "Database Connections\GISPRD_doaisd7523_GISB.sde\GISB.Boundaries\GISB.Reservations"</Process><Process ToolSource="D:\Program Files (x86)\ArcGIS\Desktop10.0\ArcToolbox\Toolboxes\Data Management Tools.tbx\Analyze" Date="20110810" Time="124046" Name="" export="">Analyze "Database Connections\BMSCPRD_DIRECT_GISB.sde\GISB.BNDY_Reservations" BUSINESS;FEATURE;ADDS;DELETES</Process><Process ToolSource="D:\Program Files (x86)\ArcGIS\Desktop10.0\ArcToolbox\Toolboxes\Data Management Tools.tbx\Analyze" Date="20110908" Time="142354" Name="" export="">Analyze C:\site\local\lib\AGIS_Connections\BMSCPRD_doaisd7124_SDE.sde\GISB.BNDY_Reservations FEATURE</Process><Process ToolSource="D:\Program Files (x86)\ArcGIS\Desktop10.0\ArcToolbox\Toolboxes\Data Management Tools.tbx\Analyze" Date="20110909" Time="092207" Name="" export="">Analyze C:\site\local\lib\AGIS_Connections\BMSCPRD_doaisd7124_SDE.sde\GISB.BNDY_Reservations BUSINESS</Process><Process ToolSource="D:\Program Files (x86)\ArcGIS\Desktop10.0\ArcToolbox\Toolboxes\Data Management Tools.tbx\Analyze" Date="20110909" Time="092209" Name="" export="">Analyze C:\site\local\lib\AGIS_Connections\BMSCPRD_doaisd7124_SDE.sde\GISB.BNDY_Reservations FEATURE</Process><Process ToolSource="D:\Program Files (x86)\ArcGIS\Desktop10.0\ArcToolbox\Toolboxes\Data Management Tools.tbx\Analyze" Date="20110909" Time="093547" Name="" export="">Analyze C:\site\local\lib\AGIS_Connections\BMSCPRD_doaisd7124_SDE.sde\GISB.BNDY_Reservations BUSINESS</Process><Process ToolSource="D:\Program Files (x86)\ArcGIS\Desktop10.0\ArcToolbox\Toolboxes\Data Management Tools.tbx\Analyze" Date="20110909" Time="100039" Name="" export="">Analyze C:\site\local\lib\AGIS_Connections\BMSCPRD_doaisd7124_SDE.sde\GISB.BNDY_Reservations BUSINESS</Process><Process ToolSource="D:\Program Files (x86)\ArcGIS\Desktop10.0\ArcToolbox\Toolboxes\Data Management Tools.tbx\Analyze" Date="20110909" Time="100040" Name="" export="">Analyze C:\site\local\lib\AGIS_Connections\BMSCPRD_doaisd7124_SDE.sde\GISB.BNDY_Reservations FEATURE</Process><Process ToolSource="D:\Program Files (x86)\ArcGIS\Desktop10.0\ArcToolbox\Toolboxes\Data Management Tools.tbx\Analyze" Date="20110915" Time="093814" Name="" export="">Analyze C:\site\local\lib\AGIS_Connections\BMSCPRD_doaisd7124_SDE.sde\GISB.BNDY_Reservations Business</Process><Process ToolSource="D:\Program Files (x86)\ArcGIS\Desktop10.0\ArcToolbox\Toolboxes\Data Management Tools.tbx\Analyze" Date="20110915" Time="093816" Name="" export="">Analyze C:\site\local\lib\AGIS_Connections\BMSCPRD_doaisd7124_SDE.sde\GISB.BNDY_Reservations Feature</Process><Process ToolSource="D:\Program Files (x86)\ArcGIS\Desktop10.0\ArcToolbox\Toolboxes\Data Management Tools.tbx\Analyze" Date="20110915" Time="100452" Name="" export="">Analyze C:\site\local\lib\AGIS_Connections\BMSCPRD_doaisd7124_SDE.sde\GISB.BNDY_Reservations Business</Process><Process ToolSource="D:\Program Files (x86)\ArcGIS\Desktop10.0\ArcToolbox\Toolboxes\Data Management Tools.tbx\Analyze" Date="20110915" Time="100454" Name="" export="">Analyze C:\site\local\lib\AGIS_Connections\BMSCPRD_doaisd7124_SDE.sde\GISB.BNDY_Reservations Feature</Process><Process ToolSource="D:\Program Files (x86)\ArcGIS\Desktop10.0\ArcToolbox\Toolboxes\Data Management Tools.tbx\Analyze" Date="20110915" Time="111142" Name="" export="">Analyze C:\site\local\lib\AGIS_Connections\BMSCPRD_doaisd7124_SDE.sde\GISB.BNDY_Reservations Business</Process><Process ToolSource="D:\Program Files (x86)\ArcGIS\Desktop10.0\ArcToolbox\Toolboxes\Data Management Tools.tbx\Analyze" Date="20110915" Time="111144" Name="" export="">Analyze C:\site\local\lib\AGIS_Connections\BMSCPRD_doaisd7124_SDE.sde\GISB.BNDY_Reservations Feature</Process><Process ToolSource="c:\program files (x86)\arcgis\desktop10.1\ArcToolbox\Toolboxes\Data Management Tools.tbx\CalculateField" Date="20130919" Time="135838" Name="" export="">CalculateField GISB.BNDY_Reservations ENTITY_ID 306101002 VB #</Process><Process ToolSource="c:\program files (x86)\arcgis\desktop10.1\ArcToolbox\Toolboxes\Data Management Tools.tbx\CalculateField" Date="20130919" Time="135853" Name="" export="">CalculateField GISB.BNDY_Reservations DATASET_IDENTIFIER BND VB #</Process><Process ToolSource="c:\program files (x86)\arcgis\desktop10.1\ArcToolbox\Toolboxes\Data Management Tools.tbx\CalculateField" Date="20130919" Time="140153" Name="" export="">CalculateField GISB.BNDY_Reservations PKEY "[ENTITY_ID] + "." + [DATASET_IDENTIFIER] + "." + [AIANNHCE10]" VB #</Process><Process ToolSource="C:\Program Files (x86)\Premier Data Services\ConflationToolbox\Conflation.tbx\ConflateLayers" Date="20150225" Time="144843" Name="" export="">ConflateLayers AdjustLinksYS800Feet_StatePlane AdministrativeBoundaries.DBO.BNDY_AdjustedCityTownLines;AdministrativeBoundaries.DBO.BNDY_AdjustedCountyLines;AdministrativeBoundaries.DBO.BNDY_AdjustedElementaryLines;'Montana Fire District Boundaries';AdministrativeBoundaries.DBO.BNDY_HouseDistricts;AdministrativeBoundaries.DBO.BNDY_Reservations;AdministrativeBoundaries.DBO.BNDY_TIFD;AdministrativeBoundaries.DBO.BNDY_AdjustedCityTown;AdministrativeBoundaries.DBO.BNDY_AdjustedCounty;AdministrativeBoundaries.DBO.BNDY_AdjustedElementary;AdministrativeBoundaries.DBO.BNDY_AdjustedSecondaryLines;AdministrativeBoundaries.DBO.BNDY_AdjustedSecondary;AdministrativeBoundaries.DBO.BNDY_AdjustedUnifiedLines;AdministrativeBoundaries.DBO.BNDY_AdjustedUnified</Process><Process ToolSource="C:\Program Files (x86)\Premier Data Services\ConflationToolbox\Conflation.tbx\ConflateLayers" Date="20150225" Time="145654" Name="" export="">ConflateLayers AdjustLinksYS800Feet_StatePlane AdministrativeBoundaries.DBO.BNDY_AdjustedCityTownLines;AdministrativeBoundaries.DBO.BNDY_AdjustedCountyLines;AdministrativeBoundaries.DBO.BNDY_AdjustedElementaryLines;'Montana Fire District Boundaries';AdministrativeBoundaries.DBO.BNDY_Reservations;AdministrativeBoundaries.DBO.BNDY_TIFD;AdministrativeBoundaries.DBO.BNDY_AdjustedCityTown;AdministrativeBoundaries.DBO.BNDY_AdjustedCounty;AdministrativeBoundaries.DBO.BNDY_AdjustedElementary;AdministrativeBoundaries.DBO.BNDY_AdjustedSecondaryLines;AdministrativeBoundaries.DBO.BNDY_AdjustedSecondary;AdministrativeBoundaries.DBO.BNDY_AdjustedUnifiedLines;AdministrativeBoundaries.DBO.BNDY_AdjustedUnified;AdministrativeBoundaries.DBO.BNDY_HouseDistricts_StatePlane</Process><Process ToolSource="C:\Program Files (x86)\Premier Data Services\ConflationToolbox\Conflation.tbx\ConflateLayers" Date="20150225" Time="150211" Name="" export="">ConflateLayers AdjustLinksYS800Feet_StatePlane AdministrativeBoundaries.DBO.BNDY_AdjustedCityTownLines;AdministrativeBoundaries.DBO.BNDY_AdjustedCountyLines;AdministrativeBoundaries.DBO.BNDY_AdjustedElementaryLines;AdministrativeBoundaries.DBO.BNDY_HouseDistricts_StatePlane;'Montana Fire District Boundaries';AdministrativeBoundaries.DBO.BNDY_Reservations;AdministrativeBoundaries.DBO.BNDY_TIFD;AdministrativeBoundaries.DBO.BNDY_AdjustedCityTown;AdministrativeBoundaries.DBO.BNDY_AdjustedCounty;AdministrativeBoundaries.DBO.BNDY_AdjustedElementary;AdministrativeBoundaries.DBO.BNDY_AdjustedSecondaryLines;AdministrativeBoundaries.DBO.BNDY_AdjustedSecondary;AdministrativeBoundaries.DBO.BNDY_AdjustedUnifiedLines;AdministrativeBoundaries.DBO.BNDY_AdjustedUnified</Process><Process ToolSource="C:\Program Files (x86)\Premier Data Services\ConflationToolbox\Conflation.tbx\ConflateLayers" Date="20150225" Time="152030" Name="" export="">ConflateLayers AdjustLinksYS800Feet_StatePlane AdministrativeBoundaries.DBO.BNDY_AdjustedCityTownLines;AdministrativeBoundaries.DBO.BNDY_AdjustedCountyLines;AdministrativeBoundaries.DBO.BNDY_AdjustedElementaryLines;AdministrativeBoundaries.DBO.BNDY_HouseDistricts_StatePlane;'Montana Fire District Boundaries';AdministrativeBoundaries.DBO.BNDY_Reservations;AdministrativeBoundaries.DBO.BNDY_TIFD;AdministrativeBoundaries.DBO.BNDY_AdjustedCityTown;AdministrativeBoundaries.DBO.BNDY_AdjustedCounty;AdministrativeBoundaries.DBO.BNDY_AdjustedElementary;AdministrativeBoundaries.DBO.BNDY_AdjustedSecondaryLines;AdministrativeBoundaries.DBO.BNDY_AdjustedSecondary;AdministrativeBoundaries.DBO.BNDY_AdjustedUnifiedLines;AdministrativeBoundaries.DBO.BNDY_AdjustedUnified</Process><Process ToolSource="C:\Program Files (x86)\Premier Data Services\ConflationToolbox\Conflation.tbx\ConflateLayers" Date="20150225" Time="155810" Name="" export="">ConflateLayers AdjustLinksYS800Feet AdministrativeBoundaries.DBO.BNDY_AdjustedCityTownLines;AdministrativeBoundaries.DBO.BNDY_AdjustedCountyLines;AdministrativeBoundaries.DBO.BNDY_AdjustedElementaryLines;AdministrativeBoundaries.DBO.BNDY_HouseDistricts_StatePlane;'Montana Fire District Boundaries';AdministrativeBoundaries.DBO.BNDY_Reservations;AdministrativeBoundaries.DBO.BNDY_TIFD;AdministrativeBoundaries.DBO.BNDY_AdjustedCityTown;AdministrativeBoundaries.DBO.BNDY_AdjustedCounty;AdministrativeBoundaries.DBO.BNDY_AdjustedElementary;AdministrativeBoundaries.DBO.BNDY_AdjustedSecondaryLines;AdministrativeBoundaries.DBO.BNDY_AdjustedSecondary;AdministrativeBoundaries.DBO.BNDY_AdjustedUnifiedLines;AdministrativeBoundaries.DBO.BNDY_AdjustedUnified</Process><Process ToolSource="C:\Program Files (x86)\Premier Data Services\ConflationToolbox\Conflation.tbx\ConflateLayers" Date="20150226" Time="073137" Name="" export="">ConflateLayers AdjustLinksYS800Feet_StatePlane AdministrativeBoundaries.DBO.BNDY_AdjustedCityTownLines;AdministrativeBoundaries.DBO.BNDY_AdjustedCountyLines;AdministrativeBoundaries.DBO.BNDY_AdjustedElementaryLines;AdministrativeBoundaries.DBO.BNDY_HouseDistricts_StatePlane;'Montana Fire District Boundaries';AdministrativeBoundaries.DBO.BNDY_Reservations;AdministrativeBoundaries.DBO.BNDY_TIFD;AdministrativeBoundaries.DBO.BNDY_AdjustedCityTown;AdministrativeBoundaries.DBO.BNDY_AdjustedCounty;AdministrativeBoundaries.DBO.BNDY_AdjustedElementary;AdministrativeBoundaries.DBO.BNDY_AdjustedSecondaryLines;AdministrativeBoundaries.DBO.BNDY_AdjustedSecondary;AdministrativeBoundaries.DBO.BNDY_AdjustedUnifiedLines;AdministrativeBoundaries.DBO.BNDY_AdjustedUnified</Process><Process ToolSource="C:\Program Files (x86)\Premier Data Services\ConflationToolbox\Conflation.tbx\ConflateLayers" Date="20150226" Time="083447" Name="" export="">ConflateLayers YSLinks800Feet_Keith AdministrativeBoundaries.DBO.BNDY_AdjustedCityTownLines;AdministrativeBoundaries.DBO.BNDY_AdjustedCountyLines;AdministrativeBoundaries.DBO.BNDY_AdjustedElementaryLines;AdministrativeBoundaries.DBO.BNDY_HouseDistricts_StatePlane;'Montana Fire District Boundaries';AdministrativeBoundaries.DBO.BNDY_Reservations;AdministrativeBoundaries.DBO.BNDY_TIFD;AdministrativeBoundaries.DBO.BNDY_AdjustedCityTown;AdministrativeBoundaries.DBO.BNDY_AdjustedCounty;AdministrativeBoundaries.DBO.BNDY_AdjustedElementary;AdministrativeBoundaries.DBO.BNDY_AdjustedSecondaryLines;AdministrativeBoundaries.DBO.BNDY_AdjustedSecondary;AdministrativeBoundaries.DBO.BNDY_AdjustedUnifiedLines;AdministrativeBoundaries.DBO.BNDY_AdjustedUnified</Process><Process ToolSource="C:\Program Files (x86)\Premier Data Services\ConflationToolbox\Conflation.tbx\ConflateLayers" Date="20150226" Time="120746" Name="" export="">ConflateLayers YSLinks800Feet_Keith AdministrativeBoundaries.DBO.BNDY_AdjustedCityTownLines;AdministrativeBoundaries.DBO.BNDY_AdjustedCountyLines;AdministrativeBoundaries.DBO.BNDY_AdjustedElementaryLines;'Montana Weed Districts';AdministrativeBoundaries.DBO.BNDY_HouseDistricts_StatePlane;'Montana Fire District Boundaries';AdministrativeBoundaries.DBO.BNDY_Reservations;AdministrativeBoundaries.DBO.BNDY_TIFD;AdministrativeBoundaries.DBO.BNDY_AdjustedCityTown;AdministrativeBoundaries.DBO.BNDY_AdjustedCounty;AdministrativeBoundaries.DBO.BNDY_AdjustedElementary;AdministrativeBoundaries.DBO.BNDY_AdjustedSecondaryLines;AdministrativeBoundaries.DBO.BNDY_AdjustedSecondary;AdministrativeBoundaries.DBO.BNDY_AdjustedUnifiedLines;AdministrativeBoundaries.DBO.BNDY_AdjustedUnified</Process><Process ToolSource="C:\Program Files (x86)\Premier Data Services\ConflationToolbox\Conflation.tbx\ConflateLayers" Date="20150303" Time="124546" Name="" export="">ConflateLayers AdjustLinksYS800Feet2_03032015 SQLPRD_AdminBndaries\AdministrativeBoundaries.DBO.BNDY_TIFD;SQLPRD_AdminBndaries\AdministrativeBoundaries.DBO.BNDY_Reservations;'SQLPRD_AdminBndaries\Montana Weed Districts';SQLPRD_AdminBndaries\AdministrativeBoundaries.DBO.BNDY_AdjustedUnified;SQLPRD_AdminBndaries\AdministrativeBoundaries.DBO.BNDY_AdjustedUnifiedLines;SQLPRD_AdminBndaries\AdministrativeBoundaries.DBO.BNDY_AdjustedSecondary;SQLPRD_AdminBndaries\AdministrativeBoundaries.DBO.BNDY_AdjustedSecondaryLines;SQLPRD_AdminBndaries\AdministrativeBoundaries.DBO.BNDY_AdjustedElementary;SQLPRD_AdminBndaries\AdministrativeBoundaries.DBO.BNDY_AdjustedElementaryLines;SQLPRD_AdminBndaries\AdministrativeBoundaries.DBO.BNDY_AdjustedCounty;SQLPRD_AdminBndaries\AdministrativeBoundaries.DBO.BNDY_AdjustedCountyLines;SQLPRD_AdminBndaries\AdministrativeBoundaries.DBO.BNDY_AdjustedCityTown;SQLPRD_AdminBndaries\AdministrativeBoundaries.DBO.BNDY_AdjustedCityTownLines</Process><Process ToolSource="C:\Program Files (x86)\Premier Data Services\ConflationToolbox\Conflation.tbx\ConflateLayers" Date="20150305" Time="132336" Name="" export="">ConflateLayers AdjustLinksYS800Feet2_03032015 AdminBound_YSConflate\AdministrativeBoundaries.DBO.BNDY_AdjustedCityTownLines;AdminBound_YSConflate\AdministrativeBoundaries.DBO.BNDY_AdjustedCityTown;AdminBound_YSConflate\AdministrativeBoundaries.DBO.BNDY_AdjustedCountyLines;AdminBound_YSConflate\AdministrativeBoundaries.DBO.BNDY_AdjustedCounty;AdminBound_YSConflate\AdministrativeBoundaries.DBO.BNDY_AdjustedElementaryLines;AdminBound_YSConflate\AdministrativeBoundaries.DBO.BNDY_AdjustedElementary;AdminBound_YSConflate\AdministrativeBoundaries.DBO.BNDY_AdjustedSecondaryLines;AdminBound_YSConflate\AdministrativeBoundaries.DBO.BNDY_AdjustedSecondary;AdminBound_YSConflate\AdministrativeBoundaries.DBO.BNDY_AdjustedUnifiedLines;AdminBound_YSConflate\AdministrativeBoundaries.DBO.BNDY_AdjustedUnified;AdminBound_YSConflate\AdministrativeBoundaries.DBO.BNDY_Reservations;AdminBound_YSConflate\AdministrativeBoundaries.DBO.BNDY_TIFD;'AdminBound_YSConflate\Montana Weed Districts'</Process><Process ToolSource="c:\program files (x86)\arcgis\desktop10.1\ArcToolbox\Toolboxes\Data Management Tools.tbx\CalculateField" Date="20150331" Time="155300" Name="" export="">CalculateField outLayer LAST_UPDATE time.strftime('%d/%m/%Y') PYTHON_9.3 #</Process><Process ToolSource="c:\program files (x86)\arcgis\desktop10.1\ArcToolbox\Toolboxes\Data Management Tools.tbx\CalculateField" Date="20150401" Time="101747" Name="" export="">CalculateField outLayer LAST_UPDATE time.strftime('%m/%d/%Y') PYTHON_9.3 #</Process><Process ToolSource="c:\program files (x86)\arcgis\desktop10.3\ArcToolbox\Toolboxes\Data Management Tools.tbx\CalculateField" Date="20150603" Time="103957" Name="" export="">CalculateField AdminBND\AdministrativeBoundaries.DBO.BNDY_Reservations LAST_UPDATE time.strftime('%m/%d/%Y') PYTHON_9.3 #</Process><Process ToolSource="C:\Temp\Conflation_10_3\Conflation.tbx\ConflateLayers" Date="20150721" Time="143858" Name="" export="">ConflateLayers GalParkLinks800feet AdminBND\AdministrativeBoundaries.DBO.BNDY_Mosquito;AdminBND\AdministrativeBoundaries.DBO.BNDY_AdjustedCityTownLines;AdminBND\AdministrativeBoundaries.DBO.BNDY_AdjustedCountyLines;AdminBND\AdministrativeBoundaries.DBO.BNDY_AdjustedSecondaryLines;AdminBND\AdministrativeBoundaries.DBO.BNDY_AdjustedElementaryLines;AdminBND\AdministrativeBoundaries.DBO.BNDY_AdjustedUnifiedLines;AdminBND\AdministrativeBoundaries.DBO.BNDY_Reservations;AdminBND\AdministrativeBoundaries.DBO.BNDY_HouseDistricts_StatePlane;AdminBND\AdministrativeBoundaries.DBO.BNDY_NPSBoundaries;AdminBND\AdministrativeBoundaries.DBO.BNDY_TIFD</Process><Process ToolSource="C:\TEMP\Conflation_10_3\Conflation.tbx\ConflateLayers" Date="20170714" Time="162811" Name="" export="">ConflateLayers Links17_class2 AdministrativeBoundaries.DBO.BNDY_CountyLines;AdministrativeBoundaries.DBO.BNDY_MunicipalityLines;AdministrativeBoundaries.DBO.BNDY_SchoolDistrict_ElementaryLines;AdministrativeBoundaries.DBO.BNDY_SchoolDistrict_SecondaryLines;AdministrativeBoundaries.DBO.BNDY_SchoolDistrict_UnifiedLines;AdministrativeBoundaries.DBO.BNDY_County;AdministrativeBoundaries.DBO.BNDY_Municipality;AdministrativeBoundaries.DBO.BNDY_NPSBoundaries;AdministrativeBoundaries.DBO.BNDY_Reservations;AdministrativeBoundaries.DBO.BNDY_SchoolDistrict_Elementary;AdministrativeBoundaries.DBO.BNDY_SchoolDistrict_Secondary;AdministrativeBoundaries.DBO.BNDY_SchoolDistrict_Unified;AdministrativeBoundaries.DBO.BNDY_State;AdministrativeBoundaries.DBO.BNDY_TIFD;'Montana Weed Districts'</Process><Process ToolSource="C:\TEMP\Conflation_10_3\Conflation.tbx\ConflateLayers" Date="20170714" Time="180851" Name="" export="">ConflateLayers Links17_class3 AdministrativeBoundaries.DBO.BNDY_CountyLines;AdministrativeBoundaries.DBO.BNDY_MunicipalityLines;AdministrativeBoundaries.DBO.BNDY_SchoolDistrict_ElementaryLines;AdministrativeBoundaries.DBO.BNDY_SchoolDistrict_SecondaryLines;AdministrativeBoundaries.DBO.BNDY_SchoolDistrict_UnifiedLines;AdministrativeBoundaries.DBO.BNDY_County;AdministrativeBoundaries.DBO.BNDY_Municipality;AdministrativeBoundaries.DBO.BNDY_NPSBoundaries;AdministrativeBoundaries.DBO.BNDY_Reservations;AdministrativeBoundaries.DBO.BNDY_SchoolDistrict_Elementary;AdministrativeBoundaries.DBO.BNDY_SchoolDistrict_Secondary;AdministrativeBoundaries.DBO.BNDY_SchoolDistrict_Unified;AdministrativeBoundaries.DBO.BNDY_State;AdministrativeBoundaries.DBO.BNDY_TIFD;'Montana Weed Districts'</Process><Process ToolSource="C:\TEMP\Conflation_10_3\Conflation.tbx\ConflateLayers" Date="20170717" Time="084104" Name="" export="">ConflateLayers Links17_class1 AdministrativeBoundaries.DBO.BNDY_County;AdministrativeBoundaries.DBO.BNDY_Municipality;AdministrativeBoundaries.DBO.BNDY_NPSBoundaries;AdministrativeBoundaries.DBO.BNDY_Reservations;AdministrativeBoundaries.DBO.BNDY_SchoolDistrict_Elementary;AdministrativeBoundaries.DBO.BNDY_SchoolDistrict_Secondary;AdministrativeBoundaries.DBO.BNDY_SchoolDistrict_Unified;AdministrativeBoundaries.DBO.BNDY_State;AdministrativeBoundaries.DBO.BNDY_TIFD;'Montana Weed Districts'</Process><Process ToolSource="C:\TEMP\Conflation_10_3\Conflation.tbx\ConflateLayers" Date="20170717" Time="094215" Name="" export="">ConflateLayers Links17_class4 AdministrativeBoundaries.DBO.BNDY_CountyLines;AdministrativeBoundaries.DBO.BNDY_MunicipalityLines;AdministrativeBoundaries.DBO.BNDY_SchoolDistrict_ElementaryLines;AdministrativeBoundaries.DBO.BNDY_SchoolDistrict_SecondaryLines;AdministrativeBoundaries.DBO.BNDY_SchoolDistrict_UnifiedLines;AdministrativeBoundaries.DBO.BNDY_County;AdministrativeBoundaries.DBO.BNDY_Municipality;AdministrativeBoundaries.DBO.BNDY_NPSBoundaries;AdministrativeBoundaries.DBO.BNDY_Reservations;AdministrativeBoundaries.DBO.BNDY_SchoolDistrict_Elementary;AdministrativeBoundaries.DBO.BNDY_SchoolDistrict_Secondary;AdministrativeBoundaries.DBO.BNDY_SchoolDistrict_Unified;AdministrativeBoundaries.DBO.BNDY_State;AdministrativeBoundaries.DBO.BNDY_TIFD;'Montana Weed Districts'</Process><Process ToolSource="C:\Temp\Conflation_10_3\Conflation.tbx\ConflateLayers" Date="20190131" Time="140204" Name="" export="">ConflateLayers Links800Feet2018NoZeros_statePlane AdministrativeBoundaries.DBO.BNDY_StateLines;AdministrativeBoundaries.DBO.BNDY_State;AdministrativeBoundaries.DBO.BNDY_CountyLines;AdministrativeBoundaries.DBO.BNDY_MunicipalityLines;AdministrativeBoundaries.DBO.BNDY_SchoolDistrict_ElementaryLines;AdministrativeBoundaries.DBO.BNDY_SchoolDistrict_SecondaryLines;AdministrativeBoundaries.DBO.BNDY_SchoolDistrict_UnifiedLines;AdministrativeBoundaries.DBO.BNDY_County;AdministrativeBoundaries.DBO.BNDY_Municipality;AdministrativeBoundaries.DBO.BNDY_Reservations;AdministrativeBoundaries.DBO.BNDY_SchoolDistrict_Elementary;AdministrativeBoundaries.DBO.BNDY_SchoolDistrict_Secondary;AdministrativeBoundaries.DBO.BNDY_SchoolDistrict_Unified;AdministrativeBoundaries.DBO.BNDY_TIFD;'Montana Weed Districts'</Process><Process ToolSource="C:\Temp\Conflation_10_3\Conflation.tbx\ConflateLayers" Date="20190131" Time="140341" Name="" export="">ConflateLayers AllLinks AdministrativeBoundaries.DBO.BNDY_StateLines;AdministrativeBoundaries.DBO.BNDY_State;AdministrativeBoundaries.DBO.BNDY_CountyLines;AdministrativeBoundaries.DBO.BNDY_MunicipalityLines;AdministrativeBoundaries.DBO.BNDY_SchoolDistrict_ElementaryLines;AdministrativeBoundaries.DBO.BNDY_SchoolDistrict_SecondaryLines;AdministrativeBoundaries.DBO.BNDY_SchoolDistrict_UnifiedLines;AdministrativeBoundaries.DBO.BNDY_County;AdministrativeBoundaries.DBO.BNDY_Municipality;AdministrativeBoundaries.DBO.BNDY_Reservations;AdministrativeBoundaries.DBO.BNDY_SchoolDistrict_Elementary;AdministrativeBoundaries.DBO.BNDY_SchoolDistrict_Secondary;AdministrativeBoundaries.DBO.BNDY_SchoolDistrict_Unified;AdministrativeBoundaries.DBO.BNDY_TIFD;'Montana Weed Districts'</Process><Process ToolSource="C:\Temp\Conflation_10_3\Conflation.tbx\ConflateLayers" Date="20190131" Time="142449" Name="" export="">ConflateLayers C:\Junk\BNDadjust2019\Links.gdb\AllLinks AdministrativeBoundaries.DBO.BNDY_CountyLines;AdministrativeBoundaries.DBO.BNDY_MunicipalityLines;AdministrativeBoundaries.DBO.BNDY_SchoolDistrict_ElementaryLines;AdministrativeBoundaries.DBO.BNDY_SchoolDistrict_SecondaryLines;AdministrativeBoundaries.DBO.BNDY_SchoolDistrict_UnifiedLines;AdministrativeBoundaries.DBO.BNDY_StateLines;AdministrativeBoundaries.DBO.BNDY_County;AdministrativeBoundaries.DBO.BNDY_Municipality;AdministrativeBoundaries.DBO.BNDY_Reservations;AdministrativeBoundaries.DBO.BNDY_SchoolDistrict_Elementary;AdministrativeBoundaries.DBO.BNDY_SchoolDistrict_Secondary;AdministrativeBoundaries.DBO.BNDY_SchoolDistrict_Unified;AdministrativeBoundaries.DBO.BNDY_State;AdministrativeBoundaries.DBO.BNDY_TIFD;'Montana Weed Districts'</Process><Process ToolSource="C:\Temp\Conflation_10_3\Conflation.tbx\ConflateLayers" Date="20190201" Time="104211" Name="" export="">ConflateLayers LinksSelectedReservations AdministrativeBoundaries.DBO.BNDY_Reservations</Process><Process ToolSource="C:\Temp\Conflation_10_3\Conflation.tbx\ConflateLayers" Date="20190205" Time="103311" Name="" export="">ConflateLayers "New Group Layer\LinksSelectedReservations" AdministrativeBoundaries.DBO.BNDY_Reservations</Process><Process ToolSource="c:\program files (x86)\arcgis\desktop10.5\ArcToolbox\Toolboxes\Data Management Tools.tbx\Project" Date="20190211" Time="144057">Project H:\databaseconnections\MSLSQLDEV01\SDE_Default\AdminBoundaries_cw3612_MSLSQLDEV01.sde\AdministrativeBoundaries.DBO.BNDY_Reservations C:\Publish\BoundariesWebMerc.gdb\Reservations PROJCS['WGS_1984_Web_Mercator_Auxiliary_Sphere',GEOGCS['GCS_WGS_1984',DATUM['D_WGS_1984',SPHEROID['WGS_1984',6378137.0,298.257223563]],PRIMEM['Greenwich',0.0],UNIT['Degree',0.0174532925199433]],PROJECTION['Mercator_Auxiliary_Sphere'],PARAMETER['False_Easting',0.0],PARAMETER['False_Northing',0.0],PARAMETER['Central_Meridian',0.0],PARAMETER['Standard_Parallel_1',0.0],PARAMETER['Auxiliary_Sphere_Type',0.0],UNIT['Meter',1.0]] NAD_1983_To_WGS_1984_5 PROJCS['NAD_1983_StatePlane_Montana_FIPS_2500',GEOGCS['GCS_North_American_1983',DATUM['D_North_American_1983',SPHEROID['GRS_1980',6378137.0,298.257222101]],PRIMEM['Greenwich',0.0],UNIT['Degree',0.0174532925199433]],PROJECTION['Lambert_Conformal_Conic'],PARAMETER['False_Easting',600000.0],PARAMETER['False_Northing',0.0],PARAMETER['Central_Meridian',-109.5],PARAMETER['Standard_Parallel_1',45.0],PARAMETER['Standard_Parallel_2',49.0],PARAMETER['Latitude_Of_Origin',44.25],UNIT['Meter',1.0]] NO_PRESERVE_SHAPE # NO_VERTICAL</Process><Process ToolSource="c:\program files (x86)\arcgis\desktop10.5\ArcToolbox\Toolboxes\Data Management Tools.tbx\Project" Date="20190211" Time="144105">Project C:\Publish\BoundariesWebMerc.gdb\Reservations C:\\Publish\\MontanaReservations.gdb\MontanaReservations PROJCS['NAD_1983_StatePlane_Montana_FIPS_2500',GEOGCS['GCS_North_American_1983',DATUM['D_North_American_1983',SPHEROID['GRS_1980',6378137.0,298.257222101]],PRIMEM['Greenwich',0.0],UNIT['Degree',0.0174532925199433]],PROJECTION['Lambert_Conformal_Conic'],PARAMETER['False_Easting',600000.0],PARAMETER['False_Northing',0.0],PARAMETER['Central_Meridian',-109.5],PARAMETER['Standard_Parallel_1',45.0],PARAMETER['Standard_Parallel_2',49.0],PARAMETER['Latitude_Of_Origin',44.25],UNIT['Meter',1.0]] NAD_1983_To_WGS_1984_5 PROJCS['WGS_1984_Web_Mercator_Auxiliary_Sphere',GEOGCS['GCS_WGS_1984',DATUM['D_WGS_1984',SPHEROID['WGS_1984',6378137.0,298.257223563]],PRIMEM['Greenwich',0.0],UNIT['Degree',0.0174532925199433]],PROJECTION['Mercator_Auxiliary_Sphere'],PARAMETER['False_Easting',0.0],PARAMETER['False_Northing',0.0],PARAMETER['Central_Meridian',0.0],PARAMETER['Standard_Parallel_1',0.0],PARAMETER['Auxiliary_Sphere_Type',0.0],UNIT['Meter',1.0]] NO_PRESERVE_SHAPE # NO_VERTICAL</Process><Process ToolSource="c:\program files (x86)\arcgis\desktop10.5\ArcToolbox\Toolboxes\Data Management Tools.tbx\CopyFeatures" Date="20190211" Time="144107">CopyFeatures C:\\Publish\\MontanaReservations.gdb\MontanaReservations C:\\Publish\\MontanaReservations_shp\MontanaReservations.shp # 0 0 0</Process></lineage><itemProps><itemLocation><linkage Sync="TRUE">file://\\MSLGEOINFO2516\C$\Publish\MontanaReservations_shp\MontanaReservations.shp</linkage><protocol Sync="TRUE">Local Area Network</protocol></itemLocation><itemName Sync="TRUE">MontanaReservations</itemName><imsContentType Sync="TRUE" export="False">002</imsContentType><nativeExtBox><westBL Sync="TRUE">200424.629063</westBL><eastBL Sync="TRUE">972101.020000</eastBL><southBL Sync="TRUE">84139.302187</southBL><northBL Sync="TRUE">535535.250312</northBL><exTypeCode Sync="TRUE">1</exTypeCode></nativeExtBox><itemSize Sync="TRUE">0.000</itemSize></itemProps><coordRef><type Sync="TRUE">Projected</type><geogcsn Sync="TRUE">GCS_North_American_1983</geogcsn><csUnits Sync="TRUE">Linear Unit: Meter (1.000000)</csUnits><projcsn Sync="TRUE">NAD_1983_StatePlane_Montana_FIPS_2500</projcsn><peXml Sync="TRUE">&lt;ProjectedCoordinateSystem xsi:type='typens:ProjectedCoordinateSystem' xmlns:xsi='http://www.w3.org/2001/XMLSchema-instance' xmlns:xs='http://www.w3.org/2001/XMLSchema' xmlns:typens='http://www.esri.com/schemas/ArcGIS/10.5'&gt;&lt;WKT&gt;PROJCS[&amp;quot;NAD_1983_StatePlane_Montana_FIPS_2500&amp;quot;,GEOGCS[&amp;quot;GCS_North_American_1983&amp;quot;,DATUM[&amp;quot;D_North_American_1983&amp;quot;,SPHEROID[&amp;quot;GRS_1980&amp;quot;,6378137.0,298.257222101]],PRIMEM[&amp;quot;Greenwich&amp;quot;,0.0],UNIT[&amp;quot;Degree&amp;quot;,0.0174532925199433]],PROJECTION[&amp;quot;Lambert_Conformal_Conic&amp;quot;],PARAMETER[&amp;quot;False_Easting&amp;quot;,600000.0],PARAMETER[&amp;quot;False_Northing&amp;quot;,0.0],PARAMETER[&amp;quot;Central_Meridian&amp;quot;,-109.5],PARAMETER[&amp;quot;Standard_Parallel_1&amp;quot;,45.0],PARAMETER[&amp;quot;Standard_Parallel_2&amp;quot;,49.0],PARAMETER[&amp;quot;Latitude_Of_Origin&amp;quot;,44.25],UNIT[&amp;quot;Meter&amp;quot;,1.0],AUTHORITY[&amp;quot;EPSG&amp;quot;,32100]]&lt;/WKT&gt;&lt;XOrigin&gt;-35666000&lt;/XOrigin&gt;&lt;YOrigin&gt;-30006900&lt;/YOrigin&gt;&lt;XYScale&gt;124182419.54917815&lt;/XYScale&gt;&lt;ZOrigin&gt;-100000&lt;/ZOrigin&gt;&lt;ZScale&gt;10000&lt;/ZScale&gt;&lt;MOrigin&gt;-100000&lt;/MOrigin&gt;&lt;MScale&gt;10000&lt;/MScale&gt;&lt;XYTolerance&gt;0.001&lt;/XYTolerance&gt;&lt;ZTolerance&gt;0.001&lt;/ZTolerance&gt;&lt;MTolerance&gt;0.001&lt;/MTolerance&gt;&lt;HighPrecision&gt;true&lt;/HighPrecision&gt;&lt;WKID&gt;32100&lt;/WKID&gt;&lt;LatestWKID&gt;32100&lt;/LatestWKID&gt;&lt;/ProjectedCoordinateSystem&gt;</peXml></coordRef></DataProperties><ArcGISFormat>1.0</ArcGISFormat><ArcGISstyle>FGDC CSDGM Metadata</ArcGISstyle><scaleRange><minScale>50000</minScale><maxScale>5000</maxScale></scaleRange><ArcGISProfile>FGDC</ArcGISProfile></Esri><mdLang><languageCode value="eng"/><countryCode value="USA" Sync="TRUE"/></mdLang><mdChar><CharSetCd value="004"/></mdChar><mdHrLv><ScopeCd value="005"/></mdHrLv><mdContact xmlns=""><rpOrgName>Montana State Library</rpOrgName><rpCntInfo xmlns=""><cntPhone><voiceNum tddtty="">406-444-5354</voiceNum><voiceNum tddtty="True">406-444-4799</voiceNum><faxNum>406-444-0266</faxNum></cntPhone><cntAddress addressType="physical"><delPoint>1515 E Sixth Avenue</delPoint><city>Helena</city><adminArea>MT</adminArea><postCode>59601</postCode><eMailAdd>geoinfo@mt.gov</eMailAdd></cntAddress><cntHours>8:00-5:00</cntHours></rpCntInfo><role><RoleCd value="007"/></role></mdContact><mdDateSt Sync="FALSE">20190208</mdDateSt><mdStanName>ArcGIS Metadata</mdStanName><mdStanVer>1.0</mdStanVer><distInfo xmlns=""><distributor xmlns=""><distorCont xmlns=""><rpOrgName>Montana State Library</rpOrgName><rpCntInfo xmlns=""><cntPhone><voiceNum tddtty="">406-444-5354</voiceNum><voiceNum tddtty="True">406-444-4799</voiceNum><faxNum>406-444-0266</faxNum></cntPhone><cntAddress addressType="physical"><delPoint>1515 E Sixth Avenue</delPoint><city>Helena</city><adminArea>MT</adminArea><postCode>59601</postCode><country>US</country><eMailAdd>geoinfo@mt.gov</eMailAdd></cntAddress></rpCntInfo><role><RoleCd value="005"/></role></distorCont><distorFormat xmlns=""><formatName>ESRI Personal Geodatabase</formatName></distorFormat><distorTran xmlns=""><onLineSrc xmlns=""><linkage>http://ftp.geoinfo.msl.mt.gov/Data/Spatial/MSDI/AdministrativeBoundaries/</linkage></onLineSrc></distorTran><distorTran xmlns=""><onLineSrc xmlns=""><orDesc>downloadable data</orDesc></onLineSrc></distorTran></distributor><distTranOps xmlns=""><onLineSrc xmlns=""><linkage>http://ftp.geoinfo.msl.mt.gov/Data/Spatial/MSDI/AdministrativeBoundaries/</linkage></onLineSrc><transSize Sync="TRUE">0.000</transSize></distTranOps><distFormat xmlns=""><formatName Sync="FALSE">Esri File Geodatabase</formatName></distFormat></distInfo><dataIdInfo><idCitation xmlns=""><resTitle Sync="FALSE">Reservations in Montana</resTitle><date><pubDate>2019-02-08T00:00:00</pubDate></date><citRespParty xmlns=""><rpOrgName>Montana State Library</rpOrgName><role><RoleCd value="006"/></role></citRespParty><citRespParty xmlns=""><rpOrgName>Montana State Library</rpOrgName><rpCntInfo xmlns=""><cntAddress addressType="physical"><delPoint>1515 E Sixth Avenue</delPoint><city>Helena</city><adminArea>Montan</adminArea><postCode>59601</postCode><country>US</country></cntAddress><cntPhone><voiceNum tddtty="">406-444-5354</voiceNum><faxNum>406-444-0266</faxNum><voiceNum tddtty="True">406-444-4799</voiceNum></cntPhone></rpCntInfo><role><RoleCd value="010"/></role></citRespParty><otherCitDet>Data are available in ESRI's geodatabase and shapefile formats.</otherCitDet><presForm xmlns=""><PresFormCd value="005" Sync="TRUE"/></presForm><collTitle>Montana Administrative Boundaries ArcGIS Server Map Service</collTitle></idCitation><idAbs>&lt;DIV STYLE="text-align:Left;"&gt;&lt;DIV&gt;&lt;DIV&gt;&lt;P&gt;&lt;SPAN&gt;Montana Indian Reservation Boundaries were digitized from the U.S. Geological Survey (USGS) 1:250,000 scale maps adjusted to be coincident with the Bureau of Land Management's Geographic Coordinate Database (GCDB) or the USGS 1:24,000 scale Digital Raster Graphics (DRGs). Where reservation boundaries are coincident with public land survey lines, they were copied from the BLM's GCDB. If boundaries were not coincident with GCDB lines, they were digitized on screen from the USGS DRGs. Reservation Boundaries will change as the GCDB is adjusted by the BLM and those data are imported into the Montana Cadastral Data Model. Montana Reservation Boundaries coincident with the BLM's GCDB or the USGS 1:24,000 scale Raster Graphics.&lt;/SPAN&gt;&lt;/P&gt;&lt;/DIV&gt;&lt;/DIV&gt;&lt;/DIV&gt;</idAbs><idPurp>For the mapping of Montana Reservations</idPurp><idCredit>US Bureau of Land Management, Geographic Coordinate Database, US Geological Survey 1:24,000 Digital Raster Graphics</idCredit><idStatus><ProgCd value="001"/></idStatus><idPoC xmlns=""><rpOrgName>Montana State Library</rpOrgName><rpCntInfo xmlns=""><cntPhone><voiceNum tddtty="">406-444-5354</voiceNum><voiceNum tddtty="True">406-444-4799</voiceNum><faxNum>406-444-0266</faxNum></cntPhone><cntAddress addressType="physical"><delPoint>1515 E Sixth Avenue</delPoint><city>Helena</city><adminArea>Montana</adminArea><postCode>59601</postCode><country>US</country><eMailAdd>geoinfo@mt.gov</eMailAdd></cntAddress><cntHours>8:00 to 5:00</cntHours></rpCntInfo><role><RoleCd value="007"/></role></idPoC><resMaint xmlns=""><maintFreq><MaintFreqCd value="009"/></maintFreq></resMaint><placeKeys xmlns=""><keyword>Montana</keyword></placeKeys><themeKeys xmlns=""><thesaName xmlns=""><resTitle>ISO 19115 Topic Category</resTitle></thesaName><keyword>boundaries</keyword></themeKeys><themeKeys xmlns=""><keyword>Montana Spatial Data Infrastructure</keyword><keyword>Montana Reservations</keyword><keyword>Governmental Units</keyword><keyword>Montana Tribal Reservations</keyword><keyword>Montana Indian Reservations</keyword><keyword>Indian reservations</keyword><keyword>reservations</keyword><keyword>MSDI</keyword><keyword>tribal reservations</keyword><keyword>Montana Administrative Boundaries</keyword></themeKeys><searchKeys><keyword>Montana Spatial Data Infrastructure</keyword><keyword>Montana Reservations</keyword><keyword>Governmental Units</keyword><keyword>Montana Tribal Reservations</keyword><keyword>Montana Indian Reservations</keyword><keyword>Indian reservations</keyword><keyword>reservations</keyword><keyword>boundaries</keyword><keyword>MSDI</keyword><keyword>tribal reservations</keyword><keyword>Montana</keyword><keyword>Montana Administrative Boundaries</keyword></searchKeys><resConst><LegConsts xmlns=""><useLimit>This is not a survey product. No liability is assumed by the State of Montana for the use of this product</useLimit></LegConsts></resConst><resConst><Consts xmlns=""><useLimit>&lt;DIV STYLE="text-align:Left;"&gt;&lt;DIV&gt;&lt;DIV&gt;&lt;P&gt;&lt;SPAN&gt;Montana Reservation data is best used in conjunction with the GCDB, or other data based on GCDB. DISCLAIMER: The Montana State Library Geographic Information Services provides this product/service for informational purposes only. The Library did not produce it for, nor is it suitable for legal, engineering, or surveying purposes. Consumers of this information should review or consult the primary data and information sources to ascertain the viability of the information for their purposes. The Library provides these data in good faith but does not represent or warrant its accuracy, adequacy, or completeness. In no event shall the Library be liable for any incorrect results or analysis; any direct, indirect, special, or consequential damages to any party; or any lost profits arising out of or in connection with the use or the inability to use the data or the services provided. The Library makes these data and services available as a convenience to the public, and for no other purpose. The Library reserves the right to change or revise published data and/or services at any time.&lt;/SPAN&gt;&lt;/P&gt;&lt;/DIV&gt;&lt;/DIV&gt;&lt;/DIV&gt;</useLimit></Consts></resConst><aggrInfo xmlns=""><aggrDSName xmlns=""><resTitle>Montana Administrative Boundaries ArcGIS Server Map Service</resTitle><date><pubDate>2015-09-24</pubDate></date><citRespParty xmlns=""><rpOrgName>Montana State Library</rpOrgName><role><RoleCd value="006"/></role></citRespParty><citOnlineRes xmlns=""><linkage>http://gisservicemt.gov/arcgis/rest/services/MSDI_Framework</linkage></citOnlineRes></aggrDSName><assocType><AscTypeCd value="002"/></assocType></aggrInfo><spatRpType><SpatRepTypCd value="001"/></spatRpType><dataLang><languageCode value="eng"/><countryCode value="USA" Sync="TRUE"/></dataLang><dataExt xmlns=""><exDesc>publication date</exDesc><tempEle><TempExtent><exTemp><TM_Instant><tmPosition>2019-02-08T00:00:00</tmPosition></TM_Instant></exTemp></TempExtent></tempEle></dataExt><dataExt xmlns=""><geoEle xmlns=""><GeoBndBox><westBL>-114.959194</westBL><eastBL>-104.415042</eastBL><southBL>44.89077</southBL><northBL>49.068887</northBL></GeoBndBox></geoEle></dataExt><suppInfo>The Montana State Library and the MSDI supports a federated database approach to all MSDI layers. Montana defines a federated approach as a method that supports the integration and utilization of data from multiple data providers, while retaining the primary maintenance responsibility with the provider. Most of Montana's framework data model efforts have adopted a federated approach that leverages multiple data providers and thus multiple data maintainers. It is plausible that errors do exist and we welcome all corrections. If you do have a boundary update/correction/question please contact the Administrative Boundaries Data Coordinator.</suppInfo><envirDesc Sync="TRUE">Microsoft Windows 7 Version 6.1 (Build 7601) Service Pack 1; Esri ArcGIS 10.5.1.7333</envirDesc><dataExt xmlns=""><geoEle xmlns=""><GeoBndBox esriExtentType="search"><exTypeCode Sync="TRUE">1</exTypeCode><westBL Sync="TRUE">-114.959242</westBL><eastBL Sync="TRUE">-104.415036</eastBL><northBL Sync="TRUE">49.068946</northBL><southBL Sync="TRUE">44.890767</southBL></GeoBndBox></geoEle></dataExt><dataChar><CharSetCd value="004"/></dataChar><tpCat><TopicCatCd value="017"/></tpCat><tpCat><TopicCatCd value="003"/></tpCat></dataIdInfo><dqInfo xmlns=""><dqScope><scpLvl><ScopeCd value="005"/></scpLvl></dqScope><report xmlns="" type="DQCompOm" dimension=""><measDesc>Complete as of 04/10/09</measDesc></report><report xmlns="" type="DQAbsExtPosAcc" dimension="horizontal"><measDesc>Varies on GCDB accuracy</measDesc></report><dataLineage><prcStep xmlns=""><stepDesc>Montana Indian Reservation boundaries when coincident with the PLSS were copied from original GCDB data downloaded from the Montana State BLM Office. Based on recent observations, this GCDB data varies somewhat from what is available at the Denver GCDB LSIS site and BLM needs to coordinate to ensure one standard version of GCDB. The boundaries that are not coincident with PLSS, rivers and other topographic features, were on screen digitized from the USGS raster graphics. Discrepencies were researched when encountered, however this is not meant to represent a legal survey of Montana Indian Reservation boundaries.</stepDesc><stepDateTm>2002-20-03</stepDateTm></prcStep><dataSource xmlns="" type=""><srcDesc>This is the source of all Montana Indian Reservation lines that follow Public Land Survey lines.</srcDesc><srcMedName><MedNameCd value="015"/></srcMedName><srcCitatn><resTitle>Geographic Coordinate Database</resTitle><citRespParty><rpOrgName>U.S. Bureau of Land Management, Montana/Dakotas Cadastral Survey</rpOrgName><rpCntInfo><cntAddress><delPoint>Billings, MT</delPoint></cntAddress></rpCntInfo><role><RoleCd value="010"/></role></citRespParty><citRespParty><rpOrgName>U.S. Bureau of Land Management</rpOrgName><role><RoleCd value="006"/></role></citRespParty><citOnlineRes><linkage>http://www.blm.gov/mt/st/en/res/public_room/cadastral_survey/gcdb.html</linkage></citOnlineRes></srcCitatn></dataSource><dataSource xmlns="" type=""><srcDesc>Montana Indian Reservation lines that do not follow Public Land Survey lines were screen-digitized from these images.</srcDesc><srcMedName><MedNameCd value="015"/></srcMedName><srcScale><rfDenom>24000</rfDenom></srcScale><srcCitatn><resTitle>1:24,000 scale Digital Raster Graphics</resTitle><citRespParty><rpOrgName>U.S. Geological Survey</rpOrgName><role><RoleCd value="006"/></role></citRespParty><citRespParty><rpOrgName>Montana State Library</rpOrgName><rpCntInfo><cntAddress><delPoint>Helena, MT</delPoint></cntAddress></rpCntInfo><role><RoleCd value="010"/></role></citRespParty><citOnlineRes><linkage>http://mslapps.mt.gov/Geographic_Information/Data/Topographic/Default.aspx</linkage></citOnlineRes></srcCitatn></dataSource><prcStep xmlns=""><stepDesc>Updated the Crow Reservation Boundary. The boundary change is a result of the Crow Boundary Settlement Act of November 2, 1994 in which a portion of the East Boundary of the Crow Indian Reservation was relocated to the 107th Meridian (NAD 83)</stepDesc><stepDateTm>2017-11-06T00:00:00</stepDateTm></prcStep><prcStep xmlns=""><stepDesc>Adjusted reservation boundaries to the November 2018 CadNSDI Montana (PLSS)</stepDesc><stepDateTm>2019-02-08T00:00:00</stepDateTm></prcStep></dataLineage></dqInfo><spatRepInfo><VectSpatRep><geometObjs Name="MontanaReservations"><geoObjTyp><GeoObjTypCd value="002" Sync="TRUE"></GeoObjTypCd></geoObjTyp><geoObjCnt Sync="TRUE">0</geoObjCnt></geometObjs><topLvl><TopoLevCd value="001" Sync="TRUE"></TopoLevCd></topLvl></VectSpatRep></spatRepInfo><eainfo><detailed xmlns="" Name="MontanaReservations"><enttyp><enttypl Sync="FALSE">BNDY_Reservations</enttypl><enttypd>Indian Reservation Boundaries of Montana</enttypd><enttypt Sync="TRUE">Feature Class</enttypt><enttypc Sync="TRUE">0</enttypc></enttyp><attr><attrlabl Sync="TRUE">FID</attrlabl><attalias Sync="TRUE">FID</attalias><attrtype Sync="TRUE">OID</attrtype><attwidth Sync="TRUE">4</attwidth><atprecis Sync="TRUE">0</atprecis><attscale Sync="TRUE">0</attscale><attrdef Sync="TRUE">Internal feature number.</attrdef><attrdefs Sync="TRUE">Esri</attrdefs><attrdomv><udom Sync="TRUE">Sequential unique whole numbers that are automatically generated.</udom></attrdomv></attr><attr xmlns=""><attrlabl>SHAPE</attrlabl><attrdef>Feature geometry.</attrdef><attrdefs>ESRI</attrdefs><attrdomv><udom>Coordinates defining the features.</udom></attrdomv><attalias Sync="TRUE">Shape</attalias><attrtype Sync="TRUE">Geometry</attrtype><attwidth Sync="TRUE">0</attwidth><atprecis Sync="TRUE">0</atprecis><attscale Sync="TRUE">0</attscale></attr><attr xmlns=""><attrlabl>NAME</attrlabl><attrdef>Reservation Name</attrdef><attrdefs>BMSC</attrdefs><attalias Sync="TRUE">NAME</attalias><attrtype Sync="TRUE">String</attrtype><attwidth Sync="TRUE">30</attwidth><atprecis Sync="TRUE">0</atprecis><attscale Sync="TRUE">0</attscale></attr><attr xmlns=""><attrlabl Sync="TRUE">GLOBALID</attrlabl><attalias Sync="TRUE">GLOBALID</attalias><attrtype Sync="TRUE">String</attrtype><attwidth Sync="TRUE">38</attwidth><atprecis Sync="TRUE">0</atprecis><attscale Sync="TRUE">0</attscale></attr><attr xmlns=""><attrlabl Sync="TRUE">AIANNHCE10</attrlabl><attalias Sync="TRUE">AIANNHCE10</attalias><attrtype Sync="TRUE">String</attrtype><attwidth Sync="TRUE">4</attwidth><atprecis Sync="TRUE">0</atprecis><attscale Sync="TRUE">0</attscale></attr><attr xmlns=""><attrlabl Sync="TRUE">PKEY</attrlabl><attalias Sync="TRUE">PKEY</attalias><attrtype Sync="TRUE">String</attrtype><attwidth Sync="TRUE">30</attwidth><atprecis Sync="TRUE">0</atprecis><attscale Sync="TRUE">0</attscale></attr><attr xmlns=""><attrlabl Sync="TRUE">ENTITY_ID</attrlabl><attalias Sync="TRUE">ENTITY_ID</attalias><attrtype Sync="TRUE">String</attrtype><attwidth Sync="TRUE">15</attwidth><atprecis Sync="TRUE">0</atprecis><attscale Sync="TRUE">0</attscale></attr><attr><attrlabl Sync="TRUE">DATASET_ID</attrlabl><attalias Sync="TRUE">DATASET_ID</attalias><attrtype Sync="TRUE">String</attrtype><attwidth Sync="TRUE">5</attwidth><atprecis Sync="TRUE">0</atprecis><attscale Sync="TRUE">0</attscale></attr><attr><attrlabl Sync="TRUE">LAST_UPDAT</attrlabl><attalias Sync="TRUE">LAST_UPDAT</attalias><attrtype Sync="TRUE">Date</attrtype><attwidth Sync="TRUE">8</attwidth><atprecis Sync="TRUE">0</atprecis><attscale Sync="TRUE">0</attscale></attr><attr><attrlabl Sync="TRUE">SHAPE_Leng</attrlabl><attalias Sync="TRUE">SHAPE_Leng</attalias><attrtype Sync="TRUE">Double</attrtype><attwidth Sync="TRUE">19</attwidth><atprecis Sync="TRUE">0</atprecis><attscale Sync="TRUE">0</attscale></attr><attr><attrlabl Sync="TRUE">SHAPE_Area</attrlabl><attalias Sync="TRUE">SHAPE_Area</attalias><attrtype Sync="TRUE">Double</attrtype><attwidth Sync="TRUE">19</attwidth><atprecis Sync="TRUE">0</atprecis><attscale Sync="TRUE">0</attscale><attrdef Sync="TRUE">Area of feature in internal units squared.</attrdef><attrdefs Sync="TRUE">Esri</attrdefs><attrdomv><udom Sync="TRUE">Positive real numbers that are automatically generated.</udom></attrdomv></attr></detailed></eainfo><mdHrLvName Sync="TRUE">dataset</mdHrLvName><refSysInfo><RefSystem><refSysID><identCode code="32100" Sync="TRUE"/><idCodeSpace Sync="TRUE">EPSG</idCodeSpace><idVersion Sync="TRUE">4.5(3.0.1)</idVersion></refSysID></RefSystem></refSysInfo><spdoinfo><ptvctinf><esriterm Name="MontanaReservations"><efeatyp Sync="TRUE">Simple</efeatyp><efeageom code="4" Sync="TRUE"></efeageom><esritopo Sync="TRUE">FALSE</esritopo><efeacnt Sync="TRUE">0</efeacnt><spindex Sync="TRUE">FALSE</spindex><linrefer Sync="TRUE">FALSE</linrefer></esriterm></ptvctinf></spdoinfo><mdMaint xmlns=""><maintFreq><MaintFreqCd value="009"/></maintFreq></mdMaint></metadata>
