<metadata xml:lang="en"><Esri><CreaDate>20190226</CreaDate><CreaTime>14243400</CreaTime><ArcGISFormat>1.0</ArcGISFormat><SyncOnce>FALSE</SyncOnce><DataProperties><lineage><Process ToolSource="D:\Program Files (x86)\ArcGIS\Desktop10.0\ArcToolbox\Toolboxes\Data Management Tools.tbx\Analyze" Date="20110810" Time="124101" Name="" export="">Analyze "Database Connections\BMSCPRD_DIRECT_GISB.sde\GISB.BNDY_SchoolDistrict_Secondary" BUSINESS;FEATURE;ADDS;DELETES</Process><Process ToolSource="D:\Program Files (x86)\ArcGIS\Desktop10.0\ArcToolbox\Toolboxes\Data Management Tools.tbx\Analyze" Date="20110908" Time="142152" Name="" export="">Analyze C:\site\local\lib\AGIS_Connections\BMSCPRD_doaisd7124_SDE.sde\GISB.BNDY_SchoolDistrict_Secondary FEATURE</Process><Process ToolSource="D:\Program Files (x86)\ArcGIS\Desktop10.0\ArcToolbox\Toolboxes\Data Management Tools.tbx\Analyze" Date="20110909" Time="091742" Name="" export="">Analyze C:\site\local\lib\AGIS_Connections\BMSCPRD_doaisd7124_SDE.sde\GISB.BNDY_SchoolDistrict_Secondary BUSINESS</Process><Process ToolSource="D:\Program Files (x86)\ArcGIS\Desktop10.0\ArcToolbox\Toolboxes\Data Management Tools.tbx\Analyze" Date="20110909" Time="091744" Name="" export="">Analyze C:\site\local\lib\AGIS_Connections\BMSCPRD_doaisd7124_SDE.sde\GISB.BNDY_SchoolDistrict_Secondary FEATURE</Process><Process ToolSource="D:\Program Files (x86)\ArcGIS\Desktop10.0\ArcToolbox\Toolboxes\Data Management Tools.tbx\Analyze" Date="20110909" Time="093056" Name="" export="">Analyze C:\site\local\lib\AGIS_Connections\BMSCPRD_doaisd7124_SDE.sde\GISB.BNDY_SchoolDistrict_Secondary BUSINESS</Process><Process ToolSource="D:\Program Files (x86)\ArcGIS\Desktop10.0\ArcToolbox\Toolboxes\Data Management Tools.tbx\Analyze" Date="20110909" Time="095500" Name="" export="">Analyze C:\site\local\lib\AGIS_Connections\BMSCPRD_doaisd7124_SDE.sde\GISB.BNDY_SchoolDistrict_Secondary BUSINESS</Process><Process ToolSource="D:\Program Files (x86)\ArcGIS\Desktop10.0\ArcToolbox\Toolboxes\Data Management Tools.tbx\Analyze" Date="20110909" Time="095503" Name="" export="">Analyze C:\site\local\lib\AGIS_Connections\BMSCPRD_doaisd7124_SDE.sde\GISB.BNDY_SchoolDistrict_Secondary FEATURE</Process><Process ToolSource="D:\Program Files (x86)\ArcGIS\Desktop10.0\ArcToolbox\Toolboxes\Data Management Tools.tbx\Analyze" Date="20110915" Time="093256" Name="" export="">Analyze C:\site\local\lib\AGIS_Connections\BMSCPRD_doaisd7124_SDE.sde\GISB.BNDY_SchoolDistrict_Secondary Business</Process><Process ToolSource="D:\Program Files (x86)\ArcGIS\Desktop10.0\ArcToolbox\Toolboxes\Data Management Tools.tbx\Analyze" Date="20110915" Time="093259" Name="" export="">Analyze C:\site\local\lib\AGIS_Connections\BMSCPRD_doaisd7124_SDE.sde\GISB.BNDY_SchoolDistrict_Secondary Feature</Process><Process ToolSource="D:\Program Files (x86)\ArcGIS\Desktop10.0\ArcToolbox\Toolboxes\Data Management Tools.tbx\Analyze" Date="20110915" Time="095847" Name="" export="">Analyze C:\site\local\lib\AGIS_Connections\BMSCPRD_doaisd7124_SDE.sde\GISB.BNDY_SchoolDistrict_Secondary Business</Process><Process ToolSource="D:\Program Files (x86)\ArcGIS\Desktop10.0\ArcToolbox\Toolboxes\Data Management Tools.tbx\Analyze" Date="20110915" Time="095851" Name="" export="">Analyze C:\site\local\lib\AGIS_Connections\BMSCPRD_doaisd7124_SDE.sde\GISB.BNDY_SchoolDistrict_Secondary Feature</Process><Process ToolSource="D:\Program Files (x86)\ArcGIS\Desktop10.0\ArcToolbox\Toolboxes\Data Management Tools.tbx\Analyze" Date="20110915" Time="110415" Name="" export="">Analyze C:\site\local\lib\AGIS_Connections\BMSCPRD_doaisd7124_SDE.sde\GISB.BNDY_SchoolDistrict_Secondary Business</Process><Process ToolSource="D:\Program Files (x86)\ArcGIS\Desktop10.0\ArcToolbox\Toolboxes\Data Management Tools.tbx\Analyze" Date="20110915" Time="110418" Name="" export="">Analyze C:\site\local\lib\AGIS_Connections\BMSCPRD_doaisd7124_SDE.sde\GISB.BNDY_SchoolDistrict_Secondary Feature</Process><Process Name="Feature To Point" ToolSource="c:\program files (x86)\arcgis\desktop10.2\ArcToolbox\Toolboxes\Data Management Tools.tbx\FeatureToPoint" Date="20140724" Time="132517" export="">FeatureToPoint "Database Connections\BMSCPRD_GISB.sde\GISB.BNDY_SchoolDistrict_Secondary" C:\Users\cw0158\Documents\ArcGIS\Default.gdb\BNDY_SchoolDistrict_Secondar INSIDE</Process><Process Name="Feature To Polygon" ToolSource="c:\program files (x86)\arcgis\desktop10.2\ArcToolbox\Toolboxes\Data Management Tools.tbx\FeatureToPolygon" Date="20140724" Time="132519" export="">FeatureToPolygon SecondaryLines C:\Users\cw0158\Desktop\data_updating\SecondaryAdjustingData_NewGCDB.gdb\SecondaryAdjusting\ADJUSTED_SECONDARYPOLYGONS # ATTRIBUTES C:\Users\cw0158\Documents\ArcGIS\Default.gdb\BNDY_SchoolDistrict_Secondar</Process><Process ToolSource="C:\Program Files (x86)\Premier Data Services\ConflationToolbox\Conflation.tbx\ConflateLayers" Date="20150224" Time="111421" Name="" export="">ConflateLayers AdjustLinksTeton800Feet AdministrativeBoundaries.DBO.BNDY_AdjustedCityTownLines;AdministrativeBoundaries.DBO.BNDY_AdjustedCountyLines;AdministrativeBoundaries.DBO.BNDY_AdjustedElementaryLines;AdministrativeBoundaries.DBO.BNDY_AdjustedSecondaryLines;AdministrativeBoundaries.DBO.BNDY_AdjustedUnifiedLines;AdministrativeBoundaries.DBO.BNDY_AdjustedCityTown;AdministrativeBoundaries.DBO.BNDY_AdjustedCounty;AdministrativeBoundaries.DBO.BNDY_AdjustedElementary;AdministrativeBoundaries.DBO.BNDY_AdjustedSecondary;AdministrativeBoundaries.DBO.BNDY_AdjustedUnified</Process><Process ToolSource="C:\Program Files (x86)\Premier Data Services\ConflationToolbox\Conflation.tbx\ConflateLayers" Date="20150224" Time="113422" Name="" export="">ConflateLayers AdjustLinksTeton800Feet_StatePlane AdministrativeBoundaries.DBO.BNDY_AdjustedCityTownLines;AdministrativeBoundaries.DBO.BNDY_AdjustedCountyLines;AdministrativeBoundaries.DBO.BNDY_AdjustedElementaryLines;AdministrativeBoundaries.DBO.BNDY_AdjustedSecondaryLines;AdministrativeBoundaries.DBO.BNDY_AdjustedUnifiedLines;AdministrativeBoundaries.DBO.BNDY_AdjustedCityTown;AdministrativeBoundaries.DBO.BNDY_AdjustedCounty;AdministrativeBoundaries.DBO.BNDY_AdjustedElementary;AdministrativeBoundaries.DBO.BNDY_AdjustedSecondary;AdministrativeBoundaries.DBO.BNDY_AdjustedUnified</Process><Process ToolSource="C:\Program Files (x86)\Premier Data Services\ConflationToolbox\Conflation.tbx\ConflateLayers" Date="20150224" Time="131741" Name="" export="">ConflateLayers AdjustLinksTeton800Feet_StatePlane AdministrativeBoundaries.DBO.BNDY_AdjustedCityTownLines;AdministrativeBoundaries.DBO.BNDY_AdjustedCityTown;AdministrativeBoundaries.DBO.BNDY_AdjustedCountyLines;AdministrativeBoundaries.DBO.BNDY_AdjustedCounty;AdministrativeBoundaries.DBO.BNDY_AdjustedElementary;AdministrativeBoundaries.DBO.BNDY_AdjustedElementaryLines;AdministrativeBoundaries.DBO.BNDY_AdjustedSecondaryLines;AdministrativeBoundaries.DBO.BNDY_AdjustedSecondary</Process><Process ToolSource="C:\Program Files (x86)\Premier Data Services\ConflationToolbox\Conflation.tbx\ConflateLayers" Date="20150224" Time="150914" Name="" export="">ConflateLayers AdjustLinksTeton800Feet_StatePlane AdministrativeBoundaries.DBO.BNDY_AdjustedCityTownLines;AdministrativeBoundaries.DBO.BNDY_AdjustedCityTown;AdministrativeBoundaries.DBO.BNDY_AdjustedCountyLines;AdministrativeBoundaries.DBO.BNDY_AdjustedCounty;AdministrativeBoundaries.DBO.BNDY_AdjustedElementaryLines;AdministrativeBoundaries.DBO.BNDY_AdjustedElementary;AdministrativeBoundaries.DBO.BNDY_AdjustedSecondaryLines;AdministrativeBoundaries.DBO.BNDY_AdjustedSecondary;AdministrativeBoundaries.DBO.BNDY_AdjustedUnifiedLines;AdministrativeBoundaries.DBO.BNDY_AdjustedUnified</Process><Process ToolSource="C:\Program Files (x86)\Premier Data Services\ConflationToolbox\Conflation.tbx\ConflateLayers" Date="20150225" Time="144844" Name="" export="">ConflateLayers AdjustLinksYS800Feet_StatePlane AdministrativeBoundaries.DBO.BNDY_AdjustedCityTownLines;AdministrativeBoundaries.DBO.BNDY_AdjustedCountyLines;AdministrativeBoundaries.DBO.BNDY_AdjustedElementaryLines;'Montana Fire District Boundaries';AdministrativeBoundaries.DBO.BNDY_HouseDistricts;AdministrativeBoundaries.DBO.BNDY_Reservations;AdministrativeBoundaries.DBO.BNDY_TIFD;AdministrativeBoundaries.DBO.BNDY_AdjustedCityTown;AdministrativeBoundaries.DBO.BNDY_AdjustedCounty;AdministrativeBoundaries.DBO.BNDY_AdjustedElementary;AdministrativeBoundaries.DBO.BNDY_AdjustedSecondaryLines;AdministrativeBoundaries.DBO.BNDY_AdjustedSecondary;AdministrativeBoundaries.DBO.BNDY_AdjustedUnifiedLines;AdministrativeBoundaries.DBO.BNDY_AdjustedUnified</Process><Process ToolSource="C:\Program Files (x86)\Premier Data Services\ConflationToolbox\Conflation.tbx\ConflateLayers" Date="20150225" Time="145655" Name="" export="">ConflateLayers AdjustLinksYS800Feet_StatePlane AdministrativeBoundaries.DBO.BNDY_AdjustedCityTownLines;AdministrativeBoundaries.DBO.BNDY_AdjustedCountyLines;AdministrativeBoundaries.DBO.BNDY_AdjustedElementaryLines;'Montana Fire District Boundaries';AdministrativeBoundaries.DBO.BNDY_Reservations;AdministrativeBoundaries.DBO.BNDY_TIFD;AdministrativeBoundaries.DBO.BNDY_AdjustedCityTown;AdministrativeBoundaries.DBO.BNDY_AdjustedCounty;AdministrativeBoundaries.DBO.BNDY_AdjustedElementary;AdministrativeBoundaries.DBO.BNDY_AdjustedSecondaryLines;AdministrativeBoundaries.DBO.BNDY_AdjustedSecondary;AdministrativeBoundaries.DBO.BNDY_AdjustedUnifiedLines;AdministrativeBoundaries.DBO.BNDY_AdjustedUnified;AdministrativeBoundaries.DBO.BNDY_HouseDistricts_StatePlane</Process><Process ToolSource="C:\Program Files (x86)\Premier Data Services\ConflationToolbox\Conflation.tbx\ConflateLayers" Date="20150225" Time="150212" Name="" export="">ConflateLayers AdjustLinksYS800Feet_StatePlane AdministrativeBoundaries.DBO.BNDY_AdjustedCityTownLines;AdministrativeBoundaries.DBO.BNDY_AdjustedCountyLines;AdministrativeBoundaries.DBO.BNDY_AdjustedElementaryLines;AdministrativeBoundaries.DBO.BNDY_HouseDistricts_StatePlane;'Montana Fire District Boundaries';AdministrativeBoundaries.DBO.BNDY_Reservations;AdministrativeBoundaries.DBO.BNDY_TIFD;AdministrativeBoundaries.DBO.BNDY_AdjustedCityTown;AdministrativeBoundaries.DBO.BNDY_AdjustedCounty;AdministrativeBoundaries.DBO.BNDY_AdjustedElementary;AdministrativeBoundaries.DBO.BNDY_AdjustedSecondaryLines;AdministrativeBoundaries.DBO.BNDY_AdjustedSecondary;AdministrativeBoundaries.DBO.BNDY_AdjustedUnifiedLines;AdministrativeBoundaries.DBO.BNDY_AdjustedUnified</Process><Process ToolSource="C:\Program Files (x86)\Premier Data Services\ConflationToolbox\Conflation.tbx\ConflateLayers" Date="20150225" Time="152031" Name="" export="">ConflateLayers AdjustLinksYS800Feet_StatePlane AdministrativeBoundaries.DBO.BNDY_AdjustedCityTownLines;AdministrativeBoundaries.DBO.BNDY_AdjustedCountyLines;AdministrativeBoundaries.DBO.BNDY_AdjustedElementaryLines;AdministrativeBoundaries.DBO.BNDY_HouseDistricts_StatePlane;'Montana Fire District Boundaries';AdministrativeBoundaries.DBO.BNDY_Reservations;AdministrativeBoundaries.DBO.BNDY_TIFD;AdministrativeBoundaries.DBO.BNDY_AdjustedCityTown;AdministrativeBoundaries.DBO.BNDY_AdjustedCounty;AdministrativeBoundaries.DBO.BNDY_AdjustedElementary;AdministrativeBoundaries.DBO.BNDY_AdjustedSecondaryLines;AdministrativeBoundaries.DBO.BNDY_AdjustedSecondary;AdministrativeBoundaries.DBO.BNDY_AdjustedUnifiedLines;AdministrativeBoundaries.DBO.BNDY_AdjustedUnified</Process><Process ToolSource="C:\Program Files (x86)\Premier Data Services\ConflationToolbox\Conflation.tbx\ConflateLayers" Date="20150225" Time="155810" Name="" export="">ConflateLayers AdjustLinksYS800Feet AdministrativeBoundaries.DBO.BNDY_AdjustedCityTownLines;AdministrativeBoundaries.DBO.BNDY_AdjustedCountyLines;AdministrativeBoundaries.DBO.BNDY_AdjustedElementaryLines;AdministrativeBoundaries.DBO.BNDY_HouseDistricts_StatePlane;'Montana Fire District Boundaries';AdministrativeBoundaries.DBO.BNDY_Reservations;AdministrativeBoundaries.DBO.BNDY_TIFD;AdministrativeBoundaries.DBO.BNDY_AdjustedCityTown;AdministrativeBoundaries.DBO.BNDY_AdjustedCounty;AdministrativeBoundaries.DBO.BNDY_AdjustedElementary;AdministrativeBoundaries.DBO.BNDY_AdjustedSecondaryLines;AdministrativeBoundaries.DBO.BNDY_AdjustedSecondary;AdministrativeBoundaries.DBO.BNDY_AdjustedUnifiedLines;AdministrativeBoundaries.DBO.BNDY_AdjustedUnified</Process><Process ToolSource="C:\Program Files (x86)\Premier Data Services\ConflationToolbox\Conflation.tbx\ConflateLayers" Date="20150226" Time="073138" Name="" export="">ConflateLayers AdjustLinksYS800Feet_StatePlane AdministrativeBoundaries.DBO.BNDY_AdjustedCityTownLines;AdministrativeBoundaries.DBO.BNDY_AdjustedCountyLines;AdministrativeBoundaries.DBO.BNDY_AdjustedElementaryLines;AdministrativeBoundaries.DBO.BNDY_HouseDistricts_StatePlane;'Montana Fire District Boundaries';AdministrativeBoundaries.DBO.BNDY_Reservations;AdministrativeBoundaries.DBO.BNDY_TIFD;AdministrativeBoundaries.DBO.BNDY_AdjustedCityTown;AdministrativeBoundaries.DBO.BNDY_AdjustedCounty;AdministrativeBoundaries.DBO.BNDY_AdjustedElementary;AdministrativeBoundaries.DBO.BNDY_AdjustedSecondaryLines;AdministrativeBoundaries.DBO.BNDY_AdjustedSecondary;AdministrativeBoundaries.DBO.BNDY_AdjustedUnifiedLines;AdministrativeBoundaries.DBO.BNDY_AdjustedUnified</Process><Process ToolSource="C:\Program Files (x86)\Premier Data Services\ConflationToolbox\Conflation.tbx\ConflateLayers" Date="20150226" Time="083448" Name="" export="">ConflateLayers YSLinks800Feet_Keith AdministrativeBoundaries.DBO.BNDY_AdjustedCityTownLines;AdministrativeBoundaries.DBO.BNDY_AdjustedCountyLines;AdministrativeBoundaries.DBO.BNDY_AdjustedElementaryLines;AdministrativeBoundaries.DBO.BNDY_HouseDistricts_StatePlane;'Montana Fire District Boundaries';AdministrativeBoundaries.DBO.BNDY_Reservations;AdministrativeBoundaries.DBO.BNDY_TIFD;AdministrativeBoundaries.DBO.BNDY_AdjustedCityTown;AdministrativeBoundaries.DBO.BNDY_AdjustedCounty;AdministrativeBoundaries.DBO.BNDY_AdjustedElementary;AdministrativeBoundaries.DBO.BNDY_AdjustedSecondaryLines;AdministrativeBoundaries.DBO.BNDY_AdjustedSecondary;AdministrativeBoundaries.DBO.BNDY_AdjustedUnifiedLines;AdministrativeBoundaries.DBO.BNDY_AdjustedUnified</Process><Process ToolSource="C:\Program Files (x86)\Premier Data Services\ConflationToolbox\Conflation.tbx\ConflateLayers" Date="20150226" Time="120747" Name="" export="">ConflateLayers YSLinks800Feet_Keith AdministrativeBoundaries.DBO.BNDY_AdjustedCityTownLines;AdministrativeBoundaries.DBO.BNDY_AdjustedCountyLines;AdministrativeBoundaries.DBO.BNDY_AdjustedElementaryLines;'Montana Weed Districts';AdministrativeBoundaries.DBO.BNDY_HouseDistricts_StatePlane;'Montana Fire District Boundaries';AdministrativeBoundaries.DBO.BNDY_Reservations;AdministrativeBoundaries.DBO.BNDY_TIFD;AdministrativeBoundaries.DBO.BNDY_AdjustedCityTown;AdministrativeBoundaries.DBO.BNDY_AdjustedCounty;AdministrativeBoundaries.DBO.BNDY_AdjustedElementary;AdministrativeBoundaries.DBO.BNDY_AdjustedSecondaryLines;AdministrativeBoundaries.DBO.BNDY_AdjustedSecondary;AdministrativeBoundaries.DBO.BNDY_AdjustedUnifiedLines;AdministrativeBoundaries.DBO.BNDY_AdjustedUnified</Process><Process ToolSource="C:\Program Files (x86)\Premier Data Services\ConflationToolbox\Conflation.tbx\ConflateLayers" Date="20150227" Time="123350" Name="" export="">ConflateLayers YSLinks800Feet_Keith SQLPRD_AdminBndaries\AdministrativeBoundaries.DBO.BNDY_AdjustedCityTownLines;SQLPRD_AdminBndaries\AdministrativeBoundaries.DBO.BNDY_AdjustedCityTown;SQLPRD_AdminBndaries\AdministrativeBoundaries.DBO.BNDY_AdjustedCountyLines;SQLPRD_AdminBndaries\AdministrativeBoundaries.DBO.BNDY_AdjustedCounty;SQLPRD_AdminBndaries\AdministrativeBoundaries.DBO.BNDY_AdjustedElementaryLines;SQLPRD_AdminBndaries\AdministrativeBoundaries.DBO.BNDY_AdjustedElementary;SQLPRD_AdminBndaries\AdministrativeBoundaries.DBO.BNDY_AdjustedSecondaryLines;SQLPRD_AdminBndaries\AdministrativeBoundaries.DBO.BNDY_AdjustedSecondary;SQLPRD_AdminBndaries\AdministrativeBoundaries.DBO.BNDY_AdjustedUnifiedLines;SQLPRD_AdminBndaries\AdministrativeBoundaries.DBO.BNDY_AdjustedUnified;'SQLPRD_AdminBndaries\Montana Weed Districts'</Process><Process ToolSource="C:\Program Files (x86)\Premier Data Services\ConflationToolbox\Conflation.tbx\ConflateLayers" Date="20150303" Time="124547" Name="" export="">ConflateLayers AdjustLinksYS800Feet2_03032015 SQLPRD_AdminBndaries\AdministrativeBoundaries.DBO.BNDY_TIFD;SQLPRD_AdminBndaries\AdministrativeBoundaries.DBO.BNDY_Reservations;'SQLPRD_AdminBndaries\Montana Weed Districts';SQLPRD_AdminBndaries\AdministrativeBoundaries.DBO.BNDY_AdjustedUnified;SQLPRD_AdminBndaries\AdministrativeBoundaries.DBO.BNDY_AdjustedUnifiedLines;SQLPRD_AdminBndaries\AdministrativeBoundaries.DBO.BNDY_AdjustedSecondary;SQLPRD_AdminBndaries\AdministrativeBoundaries.DBO.BNDY_AdjustedSecondaryLines;SQLPRD_AdminBndaries\AdministrativeBoundaries.DBO.BNDY_AdjustedElementary;SQLPRD_AdminBndaries\AdministrativeBoundaries.DBO.BNDY_AdjustedElementaryLines;SQLPRD_AdminBndaries\AdministrativeBoundaries.DBO.BNDY_AdjustedCounty;SQLPRD_AdminBndaries\AdministrativeBoundaries.DBO.BNDY_AdjustedCountyLines;SQLPRD_AdminBndaries\AdministrativeBoundaries.DBO.BNDY_AdjustedCityTown;SQLPRD_AdminBndaries\AdministrativeBoundaries.DBO.BNDY_AdjustedCityTownLines</Process><Process ToolSource="C:\Program Files (x86)\Premier Data Services\ConflationToolbox\Conflation.tbx\ConflateLayers" Date="20150305" Time="132334" Name="" export="">ConflateLayers AdjustLinksYS800Feet2_03032015 AdminBound_YSConflate\AdministrativeBoundaries.DBO.BNDY_AdjustedCityTownLines;AdminBound_YSConflate\AdministrativeBoundaries.DBO.BNDY_AdjustedCityTown;AdminBound_YSConflate\AdministrativeBoundaries.DBO.BNDY_AdjustedCountyLines;AdminBound_YSConflate\AdministrativeBoundaries.DBO.BNDY_AdjustedCounty;AdminBound_YSConflate\AdministrativeBoundaries.DBO.BNDY_AdjustedElementaryLines;AdminBound_YSConflate\AdministrativeBoundaries.DBO.BNDY_AdjustedElementary;AdminBound_YSConflate\AdministrativeBoundaries.DBO.BNDY_AdjustedSecondaryLines;AdminBound_YSConflate\AdministrativeBoundaries.DBO.BNDY_AdjustedSecondary;AdminBound_YSConflate\AdministrativeBoundaries.DBO.BNDY_AdjustedUnifiedLines;AdminBound_YSConflate\AdministrativeBoundaries.DBO.BNDY_AdjustedUnified;AdminBound_YSConflate\AdministrativeBoundaries.DBO.BNDY_Reservations;AdminBound_YSConflate\AdministrativeBoundaries.DBO.BNDY_TIFD;'AdminBound_YSConflate\Montana Weed Districts'</Process><Process Name="Multipart To Singlepart" ToolSource="c:\program files (x86)\arcgis\desktop10.1\ArcToolbox\Toolboxes\Data Management Tools.tbx\MultipartToSinglepart" Date="20150331" Time="073623" export="">MultipartToSinglepart "Database Connections\geoDboAdminBnd_MSLSQLPRD01.sde\AdministrativeBoundaries.DBO.BNDY_AdjustedSecondary" D:\AdminBoundAdjustData\AdminBoundAdjustData.gdb\DBO_MultipartToSinglepart</Process><Process Name="Feature To Point" ToolSource="c:\program files (x86)\arcgis\desktop10.1\ArcToolbox\Toolboxes\Data Management Tools.tbx\FeatureToPoint" Date="20150331" Time="073624" export="">FeatureToPoint D:\AdminBoundAdjustData\AdminBoundAdjustData.gdb\DBO_MultipartToSinglepart D:\AdminBoundAdjustData\AdminBoundAdjustData.gdb\Points_Boundaries INSIDE</Process><Process Name="Feature To Polygon" ToolSource="c:\program files (x86)\arcgis\desktop10.1\ArcToolbox\Toolboxes\Data Management Tools.tbx\FeatureToPolygon" Date="20150331" Time="073626" export="">FeatureToPolygon 'Database Connections\geoDboAdminBnd_MSLSQLPRD01.sde\AdministrativeBoundaries.DBO.AdminBNDTopology\AdministrativeBoundaries.DBO.BNDY_AdjustedSecondaryLines_1_1' D:\AdminBoundAdjustData\AdminBoundAdjustData.gdb\TempPolyBoundary "0.05 Meters" ATTRIBUTES D:\AdminBoundAdjustData\AdminBoundAdjustData.gdb\Points_Boundaries</Process><Process Name="Dissolve" ToolSource="c:\program files (x86)\arcgis\desktop10.1\ArcToolbox\Toolboxes\Data Management Tools.tbx\Dissolve" Date="20150331" Time="073627" export="">Dissolve D:\AdminBoundAdjustData\AdminBoundAdjustData.gdb\TempPolyBoundary D:\AdminBoundAdjustData\AdminBoundAdjustData.gdb\TempPolyBoundary_Dissolve NAME;LE_NUMBER # MULTI_PART DISSOLVE_LINES</Process><Process Name="Delete Rows" ToolSource="c:\program files (x86)\arcgis\desktop10.1\ArcToolbox\Toolboxes\Data Management Tools.tbx\DeleteRows" Date="20150331" Time="073630" export="">DeleteRows PolyTempBoundary</Process><Process Name="Spatial Join" ToolSource="c:\program files (x86)\arcgis\desktop10.1\ArcToolbox\Toolboxes\Analysis Tools.tbx\SpatialJoin" Date="20150331" Time="073633" export="">SpatialJoin PolyTempBoundary "Database Connections\geoDboAdminBnd_MSLSQLPRD01.sde\AdministrativeBoundaries.DBO.BNDY_AdjustedSecondary" D:\AdminBoundAdjustData\AdminBoundAdjustData.gdb\SpatialJoin JOIN_ONE_TO_ONE KEEP_ALL "NAME "NAME" true true false 50 Text 0 0 ,First,#,D:\AdminBoundAdjustData\AdminBoundAdjustData.gdb\TempPolyBoundary_Dissolve,NAME,-1,-1;LE_NUMBER "LEGAL ENTITY NUMBER" true true false 4 Text 0 0 ,First,#,D:\AdminBoundAdjustData\AdminBoundAdjustData.gdb\TempPolyBoundary_Dissolve,LE_NUMBER,-1,-1;SHAPE_Length "SHAPE_Length" false true true 8 Double 0 0 ,First,#,D:\AdminBoundAdjustData\AdminBoundAdjustData.gdb\TempPolyBoundary_Dissolve,SHAPE_Length,-1,-1;SHAPE_Area "SHAPE_Area" false true true 8 Double 0 0 ,First,#,D:\AdminBoundAdjustData\AdminBoundAdjustData.gdb\TempPolyBoundary_Dissolve,SHAPE_Area,-1,-1;NAME_1 "NAME" true true false 50 Text 0 0 ,First,#,Database Connections\geoDboAdminBnd_MSLSQLPRD01.sde\AdministrativeBoundaries.DBO.BNDY_AdjustedSecondary,NAME,-1,-1;LE_NUMBER_1 "LEGAL ENTITY NUMBER" true true false 4 Text 0 0 ,First,#,Database Connections\geoDboAdminBnd_MSLSQLPRD01.sde\AdministrativeBoundaries.DBO.BNDY_AdjustedSecondary,LE_NUMBER,-1,-1;TYPE "TYPE OF DISTRICT" true true false 2 Short 0 5 ,First,#,Database Connections\geoDboAdminBnd_MSLSQLPRD01.sde\AdministrativeBoundaries.DBO.BNDY_AdjustedSecondary,TYPE,-1,-1;SOURCE "SOURCE DOCUMENTS FOR DATA CREATION" true true false 2 Text 0 0 ,First,#,Database Connections\geoDboAdminBnd_MSLSQLPRD01.sde\AdministrativeBoundaries.DBO.BNDY_AdjustedSecondary,SOURCE,-1,-1;LAST_UPDATE "DATE OF LAST UPDATE" true true false 36 Date 0 0 ,First,#,Database Connections\geoDboAdminBnd_MSLSQLPRD01.sde\AdministrativeBoundaries.DBO.BNDY_AdjustedSecondary,LAST_UPDATE,-1,-1;PKEY "MONTANA UNIQUE IDENTIFIER" true true false 30 Text 0 0 ,First,#,Database Connections\geoDboAdminBnd_MSLSQLPRD01.sde\AdministrativeBoundaries.DBO.BNDY_AdjustedSecondary,PKEY,-1,-1;ENTITY_ID "ENTITY IDENTIFIER" true true false 15 Text 0 0 ,First,#,Database Connections\geoDboAdminBnd_MSLSQLPRD01.sde\AdministrativeBoundaries.DBO.BNDY_AdjustedSecondary,ENTITY_ID,-1,-1;DATASET_ID "DATASET IDENTIFIER" true true false 5 Text 0 0 ,First,#,Database Connections\geoDboAdminBnd_MSLSQLPRD01.sde\AdministrativeBoundaries.DBO.BNDY_AdjustedSecondary,DATASET_ID,-1,-1;NOTES "NOTES" true true false 250 Text 0 0 ,First,#,Database Connections\geoDboAdminBnd_MSLSQLPRD01.sde\AdministrativeBoundaries.DBO.BNDY_AdjustedSecondary,NOTES,-1,-1;GRADCOHORTRATE20102011 "2010-11 Graduation Cohort Rate" true true false 2 Short 0 5 ,First,#,Database Connections\geoDboAdminBnd_MSLSQLPRD01.sde\AdministrativeBoundaries.DBO.BNDY_AdjustedSecondary,GRADCOHORTRATE20102011,-1,-1;ORIG_FID "ORIG_FID" true true false 4 Long 0 10 ,First,#,Database Connections\geoDboAdminBnd_MSLSQLPRD01.sde\AdministrativeBoundaries.DBO.BNDY_AdjustedSecondary,ORIG_FID,-1,-1;SHAPE_STArea__ "SHAPE_STArea__" false false true 0 Double 0 0 ,First,#,Database Connections\geoDboAdminBnd_MSLSQLPRD01.sde\AdministrativeBoundaries.DBO.BNDY_AdjustedSecondary,SHAPE.STArea(),-1,-1;SHAPE_STLength__ "SHAPE_STLength__" false false true 0 Double 0 0 ,First,#,Database Connections\geoDboAdminBnd_MSLSQLPRD01.sde\AdministrativeBoundaries.DBO.BNDY_AdjustedSecondary,SHAPE.STLength(),-1,-1" INTERSECT # #</Process><Process Name="Dissolve (2)" ToolSource="c:\program files (x86)\arcgis\desktop10.1\ArcToolbox\Toolboxes\Data Management Tools.tbx\Dissolve" Date="20150331" Time="073634" export="">Dissolve D:\AdminBoundAdjustData\AdminBoundAdjustData.gdb\SpatialJoin D:\AdminBoundAdjustData\AdminBoundAdjustData.gdb\AdjustedSecondary TYPE;SOURCE;LAST_UPDATE;PKEY;ENTITY_ID;DATASET_ID;NOTES;GRADCOHORTRATE20102011;ORIG_FID;NAME;LE_NUMBER # MULTI_PART DISSOLVE_LINES</Process><Process ToolSource="c:\program files (x86)\arcgis\desktop10.1\ArcToolbox\Toolboxes\Data Management Tools.tbx\CalculateField" Date="20150331" Time="090759" Name="" export="">CalculateField AdjustedSecondary LAST_UPDATE time.strftime('%d/%m/%Y') PYTHON_9.3 #</Process><Process ToolSource="c:\program files (x86)\arcgis\desktop10.1\ArcToolbox\Toolboxes\Data Management Tools.tbx\CopyFeatures" Date="20150331" Time="120316" Name="" export="">CopyFeatures D:\AdminBoundAdjustData\AdminBoundAdjustData.gdb\AdjustedSecondary "Database Connections\geoDboAdminBnd_MSLSQLPRD01.sde\AdministrativeBoundaries.DBO.AdjustedSecondary" # 0 0 0</Process><Process ToolSource="c:\program files (x86)\arcgis\desktop10.1\ArcToolbox\Toolboxes\Data Management Tools.tbx\CalculateField" Date="20150331" Time="155234" Name="" export="">CalculateField outLayer LAST_UPDATE time.strftime('%d/%m/%Y') PYTHON_9.3 #</Process><Process ToolSource="c:\program files (x86)\arcgis\desktop10.3\ArcToolbox\Toolboxes\Data Management Tools.tbx\CalculateField" Date="20150911" Time="142057" Name="" export="">CalculateField AdminBND\AdministrativeBoundaries.DBO.BNDY_AdjustedSecondary LAST_UPDATE time.strftime('%m/%d/%Y') PYTHON_9.3 #</Process><Process ToolSource="C:\temp\Conflation_10_3\Conflation.tbx\ConflateLayers" Date="20161006" Time="095424" Name="" export="">ConflateLayers LinksALL 'New Group Layer\AdministrativeBoundaries.DBO.BNDY_SchoolDistrict_Elementary';'New Group Layer\AdministrativeBoundaries.DBO.BNDY_SchoolDistrict_ElementaryLines';'New Group Layer\AdministrativeBoundaries.DBO.BNDY_SchoolDistrict_Secondary';'New Group Layer\AdministrativeBoundaries.DBO.BNDY_SchoolDistrict_SecondaryLines';'New Group Layer\AdministrativeBoundaries.DBO.BNDY_SchoolDistrict_Unified';'New Group Layer\AdministrativeBoundaries.DBO.BNDY_SchoolDistrict_UnifiedLines'</Process><Process ToolSource="c:\program files (x86)\arcgis\desktop10.3\ArcToolbox\Toolboxes\Data Management Tools.tbx\CalculateField" Date="20161006" Time="121551" Name="" export="">CalculateField "Adjusted to March 2016\AdministrativeBoundaries.DBO.BNDY_SchoolDistrict_Secondary" LAST_UPDATE "9/30/2016" VB #</Process><Process ToolSource="c:\program files (x86)\arcgis\desktop10.3\ArcToolbox\Toolboxes\Data Management Tools.tbx\CalculateField" Date="20161006" Time="121652" Name="" export="">CalculateField "Adjusted to March 2016\AdministrativeBoundaries.DBO.BNDY_SchoolDistrict_Secondary" PKEY [ENTITY_ID]&amp;"."&amp;[DATASET_ID]&amp;"."&amp;[LE_NUMBER] VB #</Process><Process ToolSource="c:\program files (x86)\arcgis\desktop10.3\ArcToolbox\Toolboxes\Data Management Tools.tbx\CalculateField" Date="20161006" Time="121716" Name="" export="">CalculateField "Adjusted to March 2016\AdministrativeBoundaries.DBO.BNDY_SchoolDistrict_Secondary" PKEY [ENTITY_ID]&amp;"."&amp;[DATASET_ID]&amp;"."&amp;[LE_NUMBER] VB #</Process><Process ToolSource="c:\program files (x86)\arcgis\desktop10.3\ArcToolbox\Toolboxes\Data Management Tools.tbx\CalculateField" Date="20161006" Time="121755" Name="" export="">CalculateField "Adjusted to March 2016\AdministrativeBoundaries.DBO.BNDY_SchoolDistrict_Secondary" PKEY [ENTITY_ID]&amp;"."&amp;[DATASET_ID]&amp;"."&amp;[LE_NUMBER] VB #</Process><Process ToolSource="C:\TEMP\Conflation_10_3\Conflation.tbx\ConflateLayers" Date="20170714" Time="162812" Name="" export="">ConflateLayers Links17_class2 AdministrativeBoundaries.DBO.BNDY_CountyLines;AdministrativeBoundaries.DBO.BNDY_MunicipalityLines;AdministrativeBoundaries.DBO.BNDY_SchoolDistrict_ElementaryLines;AdministrativeBoundaries.DBO.BNDY_SchoolDistrict_SecondaryLines;AdministrativeBoundaries.DBO.BNDY_SchoolDistrict_UnifiedLines;AdministrativeBoundaries.DBO.BNDY_County;AdministrativeBoundaries.DBO.BNDY_Municipality;AdministrativeBoundaries.DBO.BNDY_NPSBoundaries;AdministrativeBoundaries.DBO.BNDY_Reservations;AdministrativeBoundaries.DBO.BNDY_SchoolDistrict_Elementary;AdministrativeBoundaries.DBO.BNDY_SchoolDistrict_Secondary;AdministrativeBoundaries.DBO.BNDY_SchoolDistrict_Unified;AdministrativeBoundaries.DBO.BNDY_State;AdministrativeBoundaries.DBO.BNDY_TIFD;'Montana Weed Districts'</Process><Process ToolSource="C:\TEMP\Conflation_10_3\Conflation.tbx\ConflateLayers" Date="20170714" Time="180851" Name="" export="">ConflateLayers Links17_class3 AdministrativeBoundaries.DBO.BNDY_CountyLines;AdministrativeBoundaries.DBO.BNDY_MunicipalityLines;AdministrativeBoundaries.DBO.BNDY_SchoolDistrict_ElementaryLines;AdministrativeBoundaries.DBO.BNDY_SchoolDistrict_SecondaryLines;AdministrativeBoundaries.DBO.BNDY_SchoolDistrict_UnifiedLines;AdministrativeBoundaries.DBO.BNDY_County;AdministrativeBoundaries.DBO.BNDY_Municipality;AdministrativeBoundaries.DBO.BNDY_NPSBoundaries;AdministrativeBoundaries.DBO.BNDY_Reservations;AdministrativeBoundaries.DBO.BNDY_SchoolDistrict_Elementary;AdministrativeBoundaries.DBO.BNDY_SchoolDistrict_Secondary;AdministrativeBoundaries.DBO.BNDY_SchoolDistrict_Unified;AdministrativeBoundaries.DBO.BNDY_State;AdministrativeBoundaries.DBO.BNDY_TIFD;'Montana Weed Districts'</Process><Process ToolSource="C:\TEMP\Conflation_10_3\Conflation.tbx\ConflateLayers" Date="20170717" Time="084104" Name="" export="">ConflateLayers Links17_class1 AdministrativeBoundaries.DBO.BNDY_County;AdministrativeBoundaries.DBO.BNDY_Municipality;AdministrativeBoundaries.DBO.BNDY_NPSBoundaries;AdministrativeBoundaries.DBO.BNDY_Reservations;AdministrativeBoundaries.DBO.BNDY_SchoolDistrict_Elementary;AdministrativeBoundaries.DBO.BNDY_SchoolDistrict_Secondary;AdministrativeBoundaries.DBO.BNDY_SchoolDistrict_Unified;AdministrativeBoundaries.DBO.BNDY_State;AdministrativeBoundaries.DBO.BNDY_TIFD;'Montana Weed Districts'</Process><Process ToolSource="C:\TEMP\Conflation_10_3\Conflation.tbx\ConflateLayers" Date="20170717" Time="094215" Name="" export="">ConflateLayers Links17_class4 AdministrativeBoundaries.DBO.BNDY_CountyLines;AdministrativeBoundaries.DBO.BNDY_MunicipalityLines;AdministrativeBoundaries.DBO.BNDY_SchoolDistrict_ElementaryLines;AdministrativeBoundaries.DBO.BNDY_SchoolDistrict_SecondaryLines;AdministrativeBoundaries.DBO.BNDY_SchoolDistrict_UnifiedLines;AdministrativeBoundaries.DBO.BNDY_County;AdministrativeBoundaries.DBO.BNDY_Municipality;AdministrativeBoundaries.DBO.BNDY_NPSBoundaries;AdministrativeBoundaries.DBO.BNDY_Reservations;AdministrativeBoundaries.DBO.BNDY_SchoolDistrict_Elementary;AdministrativeBoundaries.DBO.BNDY_SchoolDistrict_Secondary;AdministrativeBoundaries.DBO.BNDY_SchoolDistrict_Unified;AdministrativeBoundaries.DBO.BNDY_State;AdministrativeBoundaries.DBO.BNDY_TIFD;'Montana Weed Districts'</Process><Process ToolSource="C:\Temp\Conflation_10_3\Conflation.tbx\ConflateLayers" Date="20190131" Time="140204" Name="" export="">ConflateLayers Links800Feet2018NoZeros_statePlane AdministrativeBoundaries.DBO.BNDY_StateLines;AdministrativeBoundaries.DBO.BNDY_State;AdministrativeBoundaries.DBO.BNDY_CountyLines;AdministrativeBoundaries.DBO.BNDY_MunicipalityLines;AdministrativeBoundaries.DBO.BNDY_SchoolDistrict_ElementaryLines;AdministrativeBoundaries.DBO.BNDY_SchoolDistrict_SecondaryLines;AdministrativeBoundaries.DBO.BNDY_SchoolDistrict_UnifiedLines;AdministrativeBoundaries.DBO.BNDY_County;AdministrativeBoundaries.DBO.BNDY_Municipality;AdministrativeBoundaries.DBO.BNDY_Reservations;AdministrativeBoundaries.DBO.BNDY_SchoolDistrict_Elementary;AdministrativeBoundaries.DBO.BNDY_SchoolDistrict_Secondary;AdministrativeBoundaries.DBO.BNDY_SchoolDistrict_Unified;AdministrativeBoundaries.DBO.BNDY_TIFD;'Montana Weed Districts'</Process><Process ToolSource="C:\Temp\Conflation_10_3\Conflation.tbx\ConflateLayers" Date="20190131" Time="140342" Name="" export="">ConflateLayers AllLinks AdministrativeBoundaries.DBO.BNDY_StateLines;AdministrativeBoundaries.DBO.BNDY_State;AdministrativeBoundaries.DBO.BNDY_CountyLines;AdministrativeBoundaries.DBO.BNDY_MunicipalityLines;AdministrativeBoundaries.DBO.BNDY_SchoolDistrict_ElementaryLines;AdministrativeBoundaries.DBO.BNDY_SchoolDistrict_SecondaryLines;AdministrativeBoundaries.DBO.BNDY_SchoolDistrict_UnifiedLines;AdministrativeBoundaries.DBO.BNDY_County;AdministrativeBoundaries.DBO.BNDY_Municipality;AdministrativeBoundaries.DBO.BNDY_Reservations;AdministrativeBoundaries.DBO.BNDY_SchoolDistrict_Elementary;AdministrativeBoundaries.DBO.BNDY_SchoolDistrict_Secondary;AdministrativeBoundaries.DBO.BNDY_SchoolDistrict_Unified;AdministrativeBoundaries.DBO.BNDY_TIFD;'Montana Weed Districts'</Process><Process ToolSource="C:\Temp\Conflation_10_3\Conflation.tbx\ConflateLayers" Date="20190131" Time="142449" Name="" export="">ConflateLayers C:\Junk\BNDadjust2019\Links.gdb\AllLinks AdministrativeBoundaries.DBO.BNDY_CountyLines;AdministrativeBoundaries.DBO.BNDY_MunicipalityLines;AdministrativeBoundaries.DBO.BNDY_SchoolDistrict_ElementaryLines;AdministrativeBoundaries.DBO.BNDY_SchoolDistrict_SecondaryLines;AdministrativeBoundaries.DBO.BNDY_SchoolDistrict_UnifiedLines;AdministrativeBoundaries.DBO.BNDY_StateLines;AdministrativeBoundaries.DBO.BNDY_County;AdministrativeBoundaries.DBO.BNDY_Municipality;AdministrativeBoundaries.DBO.BNDY_Reservations;AdministrativeBoundaries.DBO.BNDY_SchoolDistrict_Elementary;AdministrativeBoundaries.DBO.BNDY_SchoolDistrict_Secondary;AdministrativeBoundaries.DBO.BNDY_SchoolDistrict_Unified;AdministrativeBoundaries.DBO.BNDY_State;AdministrativeBoundaries.DBO.BNDY_TIFD;'Montana Weed Districts'</Process><Process ToolSource="C:\Temp\Conflation_10_3\Conflation.tbx\ConflateLayers" Date="20190201" Time="104132" Name="" export="">ConflateLayers LinksSelectedSD AdministrativeBoundaries.DBO.BNDY_SchoolDistrict_ElementaryLines;AdministrativeBoundaries.DBO.BNDY_SchoolDistrict_SecondaryLines;AdministrativeBoundaries.DBO.BNDY_SchoolDistrict_UnifiedLines;AdministrativeBoundaries.DBO.BNDY_SchoolDistrict_Elementary;AdministrativeBoundaries.DBO.BNDY_SchoolDistrict_Secondary;AdministrativeBoundaries.DBO.BNDY_SchoolDistrict_Unified</Process><Process ToolSource="C:\Temp\Conflation_10_3\Conflation.tbx\ConflateLayers" Date="20190205" Time="103226" Name="" export="">ConflateLayers "New Group Layer\LinksSelectedSD" AdministrativeBoundaries.DBO.BNDY_SchoolDistrict_ElementaryLines;AdministrativeBoundaries.DBO.BNDY_SchoolDistrict_SecondaryLines;AdministrativeBoundaries.DBO.BNDY_SchoolDistrict_UnifiedLines;AdministrativeBoundaries.DBO.BNDY_SchoolDistrict_Elementary;AdministrativeBoundaries.DBO.BNDY_SchoolDistrict_Secondary;AdministrativeBoundaries.DBO.BNDY_SchoolDistrict_Unified</Process><Process ToolSource="c:\program files (x86)\arcgis\desktop10.5\ArcToolbox\Toolboxes\Data Management Tools.tbx\Project" Date="20190226" Time="142318">Project H:\databaseconnections\MSLSQLDEV01\SDE_Default\AdminBoundaries_cw3612_MSLSQLDEV01.sde\AdministrativeBoundaries.DBO.BNDY_SchoolDistrict_Secondary C:\Publish\BoundariesWebMerc.gdb\SchoolDistrict_Secondary PROJCS['WGS_1984_Web_Mercator_Auxiliary_Sphere',GEOGCS['GCS_WGS_1984',DATUM['D_WGS_1984',SPHEROID['WGS_1984',6378137.0,298.257223563]],PRIMEM['Greenwich',0.0],UNIT['Degree',0.0174532925199433]],PROJECTION['Mercator_Auxiliary_Sphere'],PARAMETER['False_Easting',0.0],PARAMETER['False_Northing',0.0],PARAMETER['Central_Meridian',0.0],PARAMETER['Standard_Parallel_1',0.0],PARAMETER['Auxiliary_Sphere_Type',0.0],UNIT['Meter',1.0]] NAD_1983_To_WGS_1984_5 PROJCS['NAD_1983_StatePlane_Montana_FIPS_2500',GEOGCS['GCS_North_American_1983',DATUM['D_North_American_1983',SPHEROID['GRS_1980',6378137.0,298.257222101]],PRIMEM['Greenwich',0.0],UNIT['Degree',0.0174532925199433]],PROJECTION['Lambert_Conformal_Conic'],PARAMETER['False_Easting',600000.0],PARAMETER['False_Northing',0.0],PARAMETER['Central_Meridian',-109.5],PARAMETER['Standard_Parallel_1',45.0],PARAMETER['Standard_Parallel_2',49.0],PARAMETER['Latitude_Of_Origin',44.25],UNIT['Meter',1.0]] NO_PRESERVE_SHAPE # NO_VERTICAL</Process><Process ToolSource="c:\program files (x86)\arcgis\desktop10.5\ArcToolbox\Toolboxes\Data Management Tools.tbx\DeleteField" Date="20190226" Time="142318">DeleteField C:\Publish\BoundariesWebMerc.gdb\SchoolDistrict_Secondary NOTES;ORIG_FID</Process><Process ToolSource="c:\program files (x86)\arcgis\desktop10.5\ArcToolbox\Toolboxes\Data Management Tools.tbx\Project" Date="20190226" Time="142436">Project C:\Publish\BoundariesWebMerc.gdb\SchoolDistrict_Secondary C:\\Publish\\MontanaSchoolDistricts.gdb\Secondary PROJCS['NAD_1983_StatePlane_Montana_FIPS_2500',GEOGCS['GCS_North_American_1983',DATUM['D_North_American_1983',SPHEROID['GRS_1980',6378137.0,298.257222101]],PRIMEM['Greenwich',0.0],UNIT['Degree',0.0174532925199433]],PROJECTION['Lambert_Conformal_Conic'],PARAMETER['False_Easting',600000.0],PARAMETER['False_Northing',0.0],PARAMETER['Central_Meridian',-109.5],PARAMETER['Standard_Parallel_1',45.0],PARAMETER['Standard_Parallel_2',49.0],PARAMETER['Latitude_Of_Origin',44.25],UNIT['Meter',1.0]] NAD_1983_To_WGS_1984_5 PROJCS['WGS_1984_Web_Mercator_Auxiliary_Sphere',GEOGCS['GCS_WGS_1984',DATUM['D_WGS_1984',SPHEROID['WGS_1984',6378137.0,298.257223563]],PRIMEM['Greenwich',0.0],UNIT['Degree',0.0174532925199433]],PROJECTION['Mercator_Auxiliary_Sphere'],PARAMETER['False_Easting',0.0],PARAMETER['False_Northing',0.0],PARAMETER['Central_Meridian',0.0],PARAMETER['Standard_Parallel_1',0.0],PARAMETER['Auxiliary_Sphere_Type',0.0],UNIT['Meter',1.0]] NO_PRESERVE_SHAPE # NO_VERTICAL</Process><Process ToolSource="c:\program files (x86)\arcgis\desktop10.5\ArcToolbox\Toolboxes\Data Management Tools.tbx\CopyFeatures" Date="20190226" Time="142455">CopyFeatures C:\\Publish\\MontanaSchoolDistricts.gdb\Secondary C:\\Publish\\MontanaSchoolDistricts_shp\Secondary.shp # 0 0 0</Process></lineage><itemProps><itemName Sync="TRUE">Secondary</itemName><itemLocation><linkage Sync="TRUE">file://\\MSLGEOINFO2516\C$\Publish\MontanaSchoolDistricts_shp\Secondary.shp</linkage><protocol Sync="TRUE">Local Area Network</protocol></itemLocation><imsContentType Sync="TRUE" export="False">002</imsContentType><nativeExtBox><westBL Sync="TRUE">111845.543207</westBL><eastBL Sync="TRUE">1030197.647696</eastBL><southBL Sync="TRUE">50744.480000</southBL><northBL Sync="TRUE">547984.258695</northBL><exTypeCode Sync="TRUE">1</exTypeCode></nativeExtBox><relatedItems><item><itemType Sync="TRUE">Relationship</itemType></item><item><itemName Sync="TRUE">AdministrativeBoundaries.DBO.BNDY_SD_SecondaryCntySupt</itemName><itemType Sync="TRUE">Relationship</itemType></item><item><itemName Sync="TRUE">AdministrativeBoundaries.DBO.BNDY_SD_SecondaryEnroll</itemName><itemType Sync="TRUE">Relationship</itemType></item></relatedItems><itemSize Sync="TRUE">0.000</itemSize></itemProps><coordRef><type Sync="TRUE">Projected</type><geogcsn Sync="TRUE">GCS_North_American_1983</geogcsn><csUnits Sync="TRUE">Linear Unit: Meter (1.000000)</csUnits><projcsn Sync="TRUE">NAD_1983_StatePlane_Montana_FIPS_2500</projcsn><peXml Sync="TRUE">&lt;ProjectedCoordinateSystem xsi:type='typens:ProjectedCoordinateSystem' xmlns:xsi='http://www.w3.org/2001/XMLSchema-instance' xmlns:xs='http://www.w3.org/2001/XMLSchema' xmlns:typens='http://www.esri.com/schemas/ArcGIS/10.5'&gt;&lt;WKT&gt;PROJCS[&amp;quot;NAD_1983_StatePlane_Montana_FIPS_2500&amp;quot;,GEOGCS[&amp;quot;GCS_North_American_1983&amp;quot;,DATUM[&amp;quot;D_North_American_1983&amp;quot;,SPHEROID[&amp;quot;GRS_1980&amp;quot;,6378137.0,298.257222101]],PRIMEM[&amp;quot;Greenwich&amp;quot;,0.0],UNIT[&amp;quot;Degree&amp;quot;,0.0174532925199433]],PROJECTION[&amp;quot;Lambert_Conformal_Conic&amp;quot;],PARAMETER[&amp;quot;False_Easting&amp;quot;,600000.0],PARAMETER[&amp;quot;False_Northing&amp;quot;,0.0],PARAMETER[&amp;quot;Central_Meridian&amp;quot;,-109.5],PARAMETER[&amp;quot;Standard_Parallel_1&amp;quot;,45.0],PARAMETER[&amp;quot;Standard_Parallel_2&amp;quot;,49.0],PARAMETER[&amp;quot;Latitude_Of_Origin&amp;quot;,44.25],UNIT[&amp;quot;Meter&amp;quot;,1.0],AUTHORITY[&amp;quot;EPSG&amp;quot;,32100]]&lt;/WKT&gt;&lt;XOrigin&gt;-35666000&lt;/XOrigin&gt;&lt;YOrigin&gt;-30006900&lt;/YOrigin&gt;&lt;XYScale&gt;124182419.54917815&lt;/XYScale&gt;&lt;ZOrigin&gt;-100000&lt;/ZOrigin&gt;&lt;ZScale&gt;10000&lt;/ZScale&gt;&lt;MOrigin&gt;-100000&lt;/MOrigin&gt;&lt;MScale&gt;10000&lt;/MScale&gt;&lt;XYTolerance&gt;0.001&lt;/XYTolerance&gt;&lt;ZTolerance&gt;0.001&lt;/ZTolerance&gt;&lt;MTolerance&gt;0.001&lt;/MTolerance&gt;&lt;HighPrecision&gt;true&lt;/HighPrecision&gt;&lt;WKID&gt;32100&lt;/WKID&gt;&lt;LatestWKID&gt;32100&lt;/LatestWKID&gt;&lt;/ProjectedCoordinateSystem&gt;</peXml></coordRef></DataProperties><SyncDate>20190226</SyncDate><SyncTime>14245400</SyncTime><ModDate>20190226</ModDate><ModTime>14245400</ModTime><ArcGISstyle>FGDC CSDGM Metadata</ArcGISstyle><scaleRange><minScale>150000000</minScale><maxScale>5000</maxScale></scaleRange><ArcGISProfile>FGDC</ArcGISProfile></Esri><mdLang><languageCode value="eng"/><countryCode value="USA" Sync="TRUE"/></mdLang><mdChar><CharSetCd value="004"/></mdChar><mdHrLv><ScopeCd value="005"/></mdHrLv><mdContact xmlns=""><rpOrgName>Montana State Library</rpOrgName><rpCntInfo xmlns=""><cntPhone><voiceNum tddtty="">406-444-5354</voiceNum><voiceNum tddtty="True">406-444-4799</voiceNum><faxNum>406-444-0266</faxNum></cntPhone><cntAddress addressType="physical"><delPoint>1515 E Sixth Avenue</delPoint><city>Helena</city><adminArea>Montana</adminArea><postCode>59601</postCode><country>US</country><eMailAdd>geoinfo@mt.gov</eMailAdd></cntAddress><cntHours>8-5</cntHours></rpCntInfo><role><RoleCd value="007"/></role></mdContact><mdStanName>ArcGIS Metadata</mdStanName><mdStanVer>1.0</mdStanVer><distInfo xmlns=""><distributor xmlns=""><distorCont xmlns=""><rpOrgName>Montana State Library</rpOrgName><rpCntInfo xmlns=""><cntPhone><voiceNum tddtty="">406-444-5354</voiceNum><voiceNum tddtty="True">406-444-4799</voiceNum></cntPhone><cntAddress addressType="physical"><delPoint>1515 E Sixth Avenue</delPoint><city>Helena</city><adminArea>Montana</adminArea><postCode>59601</postCode><country>US</country><eMailAdd>geoinfo@mt.gov</eMailAdd></cntAddress><cntHours>8-5</cntHours><cntInstr>Download the data: http://ftp.geoinfo.msl.mt.gov/Data/Spatial/MSDI/AdministrativeBoundaries/</cntInstr></rpCntInfo><role><RoleCd value="005"/></role></distorCont></distributor><distTranOps xmlns=""><onLineSrc xmlns=""><linkage>http://ftp.geoinfo.msl.mt.gov/Data/Spatial/MSDI/AdministrativeBoundaries/</linkage></onLineSrc><transSize Sync="TRUE">0.000</transSize></distTranOps><distFormat xmlns=""><formatName Sync="TRUE">Shapefile</formatName></distFormat></distInfo><dataIdInfo><idCitation xmlns=""><resTitle Sync="FALSE">Montana Secondary School Districts</resTitle><date><pubDate>2019-02-26T00:00:00</pubDate></date><citRespParty xmlns=""><rpOrgName>Montana State Library</rpOrgName><role><RoleCd value="006"/></role></citRespParty><citRespParty xmlns=""><rpOrgName>Montana State Library</rpOrgName><rpCntInfo xmlns=""><cntAddress addressType="physical"><delPoint>1515 E Sixth Avenue</delPoint><city>Helena</city><adminArea>Montana</adminArea><postCode>59601</postCode><eMailAdd>geoinfo@mt.gov</eMailAdd><country>US</country></cntAddress><cntPhone><voiceNum tddtty="">406-444-5354</voiceNum><faxNum>406-444-0266</faxNum><voiceNum tddtty="True">406-444-4799</voiceNum></cntPhone></rpCntInfo><role><RoleCd value="010"/></role></citRespParty><presForm xmlns=""><PresFormCd value="005"/></presForm><presForm xmlns=""><fgdcGeoform>vector digital data</fgdcGeoform></presForm><collTitle>Montana Administrative Boundaries ArcGIS Server Map Service</collTitle></idCitation><idAbs>&lt;DIV STYLE="text-align:Left;"&gt;&lt;DIV&gt;&lt;DIV&gt;&lt;P&gt;&lt;SPAN&gt;Montana School Districts These data represent Montana's School Districts boundaries: Elementary/Secondary (High School)/Unified (K-12)&lt;/SPAN&gt;&lt;/P&gt;&lt;/DIV&gt;&lt;/DIV&gt;&lt;/DIV&gt;</idAbs><idPurp>For the mapping or analysis of Montana School Districts.</idPurp><idStatus><ProgCd value="001"/></idStatus><idPoC xmlns=""><rpOrgName>Montana State Library</rpOrgName><rpCntInfo xmlns=""><cntPhone><voiceNum tddtty="">406-444-5354</voiceNum><voiceNum tddtty="True">406-444-4799</voiceNum><faxNum>406-444-0266</faxNum></cntPhone><cntAddress addressType="physical"><delPoint>1515 E Sixth Avenue</delPoint><city>Helena</city><adminArea>Montana</adminArea><postCode>59601</postCode><country>US</country><eMailAdd>geoinfo@mt.gov</eMailAdd></cntAddress></rpCntInfo><role><RoleCd value="007"/></role></idPoC><resMaint xmlns=""><maintFreq><MaintFreqCd value="009"/></maintFreq></resMaint><placeKeys xmlns=""><keyword>Montana</keyword></placeKeys><themeKeys xmlns=""><keyword>K-12 school districts</keyword><keyword>districts</keyword><keyword>MSDI</keyword><keyword>MSDI Boundaries</keyword><keyword>unified</keyword><keyword>Administrative Boundaries Framework</keyword><keyword>high schools</keyword><keyword>secondary</keyword><keyword>secondary school districts</keyword><keyword>Montana Spatial Data Infrastructure</keyword><keyword>governmental units</keyword><keyword>school districts</keyword><keyword>elementary school districts</keyword><keyword>elementary schools</keyword><keyword>elementary</keyword><keyword>K-12</keyword><keyword>high school school districts</keyword><keyword>school</keyword><keyword>schools</keyword><keyword>unified school districts</keyword></themeKeys><themeKeys xmlns=""><thesaName xmlns=""><resTitle>ISO 19115 Topic Category</resTitle></thesaName><keyword>boundaries</keyword></themeKeys><searchKeys><keyword>K-12 school districts</keyword><keyword>districts</keyword><keyword>MSDI</keyword><keyword>MSDI Boundaries</keyword><keyword>unified</keyword><keyword>Administrative Boundaries Framework</keyword><keyword>high schools</keyword><keyword>secondary</keyword><keyword>secondary school districts</keyword><keyword>Montana Spatial Data Infrastructure</keyword><keyword>governmental units</keyword><keyword>school districts</keyword><keyword>elementary school districts</keyword><keyword>elementary schools</keyword><keyword>elementary</keyword><keyword>K-12</keyword><keyword>high school school districts</keyword><keyword>boundaries</keyword><keyword>school</keyword><keyword>schools</keyword><keyword>unified school districts</keyword><keyword>Montana</keyword></searchKeys><resConst><LegConsts xmlns=""><useLimit>The Montana State Library Geographic Information Services provides this product/service for informational purposes only. The Library did not produce it for, nor is it suitable for legal, engineering, or surveying purposes. Consumers of this information should review or consult the primary data and information sources to ascertain the viability of the information for their purposes. The Library provides these data in good faith but does not represent or warrant its accuracy, adequacy, or completeness. In no event shall the Library be liable for any incorrect results or analysis; any direct, indirect, special, or consequential damages to any party; or any lost profits arising out of or in connection with the use or the inability to use the data or the services provided. The Library makes these data and services available as a convenience to the public, and for no other purpose. The Library reserves the right to change or revise published data and/or services at any time.</useLimit></LegConsts></resConst><resConst><SecConsts xmlns=""><class><ClasscationCd value="001"/></class></SecConsts></resConst><resConst><Consts xmlns=""><useLimit>&lt;DIV STYLE="text-align:Left;"&gt;&lt;DIV&gt;&lt;DIV&gt;&lt;P&gt;&lt;SPAN&gt;The Montana State Library provides this product/service for informational purposes only. The Library did not produce it for, nor is it suitable for legal, engineering, or surveying purposes. Consumers of this information should review or consult the primary data and information sources to ascertain the viability of the information for their purposes. The Library provides these data in good faith but does not represent or warrant its accuracy, adequacy, or completeness. In no event shall the Library be liable for any incorrect results or analysis; any direct, indirect, special, or consequential damages to any party; or any lost profits arising out of or in connection with the use or the inability to use the data or the services provided. The Library makes these data and services available as a convenience to the public, and for no other purpose. The Library reserves the right to change or revise published data and/or services at any time.&lt;/SPAN&gt;&lt;/P&gt;&lt;/DIV&gt;&lt;/DIV&gt;&lt;/DIV&gt;</useLimit></Consts></resConst><aggrInfo xmlns=""><aggrDSName xmlns=""><resTitle>Montana Administrative Boundaries ArcGIS Server Map Service</resTitle><date><pubDate>2016-03-28</pubDate></date><citRespParty><rpOrgName>Montana State Library</rpOrgName><role><RoleCd value="006"/></role></citRespParty><citOnlineRes><linkage>http://gisservicemt.gov/arcgis/rest/services/MSDI_Framework</linkage></citOnlineRes></aggrDSName><assocType><AscTypeCd value="002"/></assocType></aggrInfo><spatRpType><SpatRepTypCd value="001"/></spatRpType><dataLang><languageCode value="eng"/><countryCode value="USA" Sync="TRUE"/></dataLang><dataExt xmlns=""><geoEle xmlns=""><GeoBndBox><westBL>-116.178571</westBL><eastBL>-103.611177</eastBL><southBL>44.316161</southBL><northBL>49.180871</northBL></GeoBndBox></geoEle></dataExt><dataExt xmlns=""><exDesc>publication date</exDesc><tempEle><TempExtent><exTemp><TM_Instant><tmPosition>2019-02-26T00:00:00</tmPosition></TM_Instant></exTemp></TempExtent></tempEle></dataExt><suppInfo>These data represent Montana's School Districts boundaries. All Montana County School District Superintendents were contacted for legal descriptions/source documents. Montana law requires all County School District Superintendent to have these documents available for the public. The boundary files were created based on the best available source data received from the counties: Legal Descriptions, County GIS Files, County Source Maps, or where data sources were not available the Montana Cadastral GIS Data was used. Digital data used as a base layer to create these boundary files were the best available source at the time: Cadastral (parcel lines), Geographic Coordination Data Base (GCDB), National Agriculture Imagery Program (NAIP) Imagery, and 1:24,000 USGS Topographic Maps. All of these base layers can be found at the Montana State Library's website. The Montana State Library (MSL) and the MSDI supports a federated database approach to all MSDI layers. Montana defines a federated approach as a method that supports the integration and utilization of data from multiple data providers, while retaining the primary maintenance responsibility with the provider. Most of Montana's framework data model efforts have adopted a federated approach that leverages multiple data providers and thus multiple data maintainers. It is plausible that errors do exist and we welcome all corrections. If you do have a correction to a school district boundary or attribute information please contact the Administrative Boundaries Framework Coordinator.</suppInfo><dataChar><CharSetCd value="004"/></dataChar><envirDesc Sync="TRUE">Microsoft Windows 7 Version 6.1 (Build 7601) Service Pack 1; Esri ArcGIS 10.5.1.7333</envirDesc><dataExt xmlns=""><geoEle xmlns=""><GeoBndBox esriExtentType="search"><exTypeCode Sync="TRUE">1</exTypeCode><westBL Sync="TRUE">-116.178614</westBL><eastBL Sync="TRUE">-103.611130</eastBL><northBL Sync="TRUE">49.180877</northBL><southBL Sync="TRUE">44.534102</southBL></GeoBndBox></geoEle></dataExt><tpCat><TopicCatCd value="017"/></tpCat><tpCat><TopicCatCd value="003"/></tpCat></dataIdInfo><mdMaint xmlns=""><maintFreq><MaintFreqCd value="009"/></maintFreq></mdMaint><eainfo><detailed xmlns="" Name="Secondary"><enttyp><enttypl Sync="TRUE">Secondary</enttypl><enttypt Sync="TRUE">Feature Class</enttypt><enttypc Sync="TRUE">0</enttypc></enttyp><attr><attrlabl Sync="TRUE">FID</attrlabl><attalias Sync="TRUE">FID</attalias><attrtype Sync="TRUE">OID</attrtype><attwidth Sync="TRUE">4</attwidth><atprecis Sync="TRUE">0</atprecis><attscale Sync="TRUE">0</attscale><attrdef Sync="TRUE">Internal feature number.</attrdef><attrdefs Sync="TRUE">Esri</attrdefs><attrdomv><udom Sync="TRUE">Sequential unique whole numbers that are automatically generated.</udom></attrdomv></attr><attr><attrlabl Sync="TRUE">NAME</attrlabl><attalias Sync="TRUE">NAME</attalias><attrtype Sync="TRUE">String</attrtype><attwidth Sync="TRUE">50</attwidth><atprecis Sync="TRUE">0</atprecis><attscale Sync="TRUE">0</attscale></attr><attr><attrlabl Sync="TRUE">LE_NUMBER</attrlabl><attalias Sync="TRUE">LE_NUMBER</attalias><attrtype Sync="TRUE">String</attrtype><attwidth Sync="TRUE">4</attwidth><atprecis Sync="TRUE">0</atprecis><attscale Sync="TRUE">0</attscale></attr><attr><attrlabl Sync="TRUE">TYPE</attrlabl><attalias Sync="TRUE">TYPE</attalias><attrtype Sync="TRUE">Integer</attrtype><attwidth Sync="TRUE">5</attwidth><atprecis Sync="TRUE">5</atprecis><attscale Sync="TRUE">0</attscale></attr><attr><attrlabl Sync="TRUE">SOURCE</attrlabl><attalias Sync="TRUE">SOURCE</attalias><attrtype Sync="TRUE">String</attrtype><attwidth Sync="TRUE">2</attwidth><atprecis Sync="TRUE">0</atprecis><attscale Sync="TRUE">0</attscale></attr><attr><attrlabl Sync="TRUE">PKEY</attrlabl><attalias Sync="TRUE">PKEY</attalias><attrtype Sync="TRUE">String</attrtype><attwidth Sync="TRUE">30</attwidth><atprecis Sync="TRUE">0</atprecis><attscale Sync="TRUE">0</attscale></attr><attr><attrlabl Sync="TRUE">LAST_UPDAT</attrlabl><attalias Sync="TRUE">LAST_UPDAT</attalias><attrtype Sync="TRUE">Date</attrtype><attwidth Sync="TRUE">8</attwidth><atprecis Sync="TRUE">0</atprecis><attscale Sync="TRUE">0</attscale></attr><attr><attrlabl Sync="TRUE">ENTITY_ID</attrlabl><attalias Sync="TRUE">ENTITY_ID</attalias><attrtype Sync="TRUE">String</attrtype><attwidth Sync="TRUE">15</attwidth><atprecis Sync="TRUE">0</atprecis><attscale Sync="TRUE">0</attscale></attr><attr><attrlabl Sync="TRUE">DATASET_ID</attrlabl><attalias Sync="TRUE">DATASET_ID</attalias><attrtype Sync="TRUE">String</attrtype><attwidth Sync="TRUE">5</attwidth><atprecis Sync="TRUE">0</atprecis><attscale Sync="TRUE">0</attscale></attr><attr><attrlabl Sync="TRUE">SHAPE</attrlabl><attalias Sync="TRUE">Shape</attalias><attrtype Sync="TRUE">Geometry</attrtype><attwidth Sync="TRUE">0</attwidth><atprecis Sync="TRUE">0</atprecis><attscale Sync="TRUE">0</attscale><attrdef Sync="TRUE">Feature geometry.</attrdef><attrdefs Sync="TRUE">Esri</attrdefs><attrdomv><udom Sync="TRUE">Coordinates defining the features.</udom></attrdomv></attr><attr><attrlabl Sync="TRUE">SHAPE_Leng</attrlabl><attalias Sync="TRUE">SHAPE_Leng</attalias><attrtype Sync="TRUE">Double</attrtype><attwidth Sync="TRUE">19</attwidth><atprecis Sync="TRUE">0</atprecis><attscale Sync="TRUE">0</attscale></attr><attr><attrlabl Sync="TRUE">SHAPE_Area</attrlabl><attalias Sync="TRUE">SHAPE_Area</attalias><attrtype Sync="TRUE">Double</attrtype><attwidth Sync="TRUE">19</attwidth><atprecis Sync="TRUE">0</atprecis><attscale Sync="TRUE">0</attscale><attrdef Sync="TRUE">Area of feature in internal units squared.</attrdef><attrdefs Sync="TRUE">Esri</attrdefs><attrdomv><udom Sync="TRUE">Positive real numbers that are automatically generated.</udom></attrdomv></attr></detailed></eainfo><mdHrLvName Sync="TRUE">dataset</mdHrLvName><refSysInfo><RefSystem><refSysID><identCode code="32100" Sync="TRUE"/><idCodeSpace Sync="TRUE">EPSG</idCodeSpace><idVersion Sync="TRUE">4.5(3.0.1)</idVersion></refSysID></RefSystem></refSysInfo><spatRepInfo><VectSpatRep><geometObjs Name="Secondary"><geoObjTyp><GeoObjTypCd value="002" Sync="TRUE"></GeoObjTypCd></geoObjTyp><geoObjCnt Sync="TRUE">0</geoObjCnt></geometObjs><topLvl><TopoLevCd value="001" Sync="TRUE"></TopoLevCd></topLvl></VectSpatRep></spatRepInfo><spdoinfo><ptvctinf><esriterm Name="Secondary"><efeatyp Sync="TRUE">Simple</efeatyp><efeageom code="4" Sync="TRUE"></efeageom><esritopo Sync="TRUE">FALSE</esritopo><efeacnt Sync="TRUE">0</efeacnt><spindex Sync="TRUE">FALSE</spindex><linrefer Sync="TRUE">FALSE</linrefer></esriterm></ptvctinf></spdoinfo><mdDateSt Sync="FALSE">20190226</mdDateSt><dqInfo><dataLineage><prcStep xmlns=""><stepDesc>Adjusted school district boundaries to the July 2015 CadNSDI Montana (PLSS); Corrected Name and Legal Entity (LE) numbers</stepDesc><stepDateTm>2015-09-09T00:00:00</stepDateTm></prcStep><prcStep xmlns=""><stepDesc>Annexation of White Sulphur Springs EL (LE0569) to White Sulphur Springs HS (LE0570) to form White Sulphur Springs K-12 (LE0570)</stepDesc><stepDateTm>2016-01-06T00:00:00</stepDateTm></prcStep><prcStep xmlns=""><stepDesc>Adjusted county boundaries to the March 2016 CadNSDI Montana (PLSS); Annexation of Big Sandy EL (LE0137) to Big Sandy HS (LE0138) to form Big Sandy K-12 (LE0138)</stepDesc><stepDateTm>2016-09-30T00:00:00</stepDateTm></prcStep><prcStep xmlns=""><stepDesc>Updated the school district county superintendent and enrollment tables with the FY2016 data from the Montana Office of Public Instruction (OPI)</stepDesc><stepDateTm>2016-10-12T00:00:00</stepDateTm></prcStep><prcStep xmlns=""><stepDesc>Adjusted county boundaries to the October 2017 CadNSDI Montana (PLSS); Annexation of Plains EL (LE0802) to Plains HS (LE0803) to form Plains K-12 (LE0803); Abandonment and attachment of Shawmut EL (LE0947) to Harlowton EL (LE0945); Updated the school district county superintendent and enrollment tables with the FY2017 data from the Montana Office of Public Instruction (OPI)</stepDesc><stepDateTm>2017-10-11T00:00:00</stepDateTm></prcStep><prcStep xmlns=""><stepDesc>Updated Sanders County, Ravalli County, Malta/Whitewater K-12, Frazer/Lustre EL, Amsterdam/Manhattan EL/HS</stepDesc><stepDateTm>2017-11-08T00:00:00</stepDateTm></prcStep><prcStep xmlns=""><stepDesc>Updated Wyola, Lodge Grass, and Spring Creek EL and Lodge Grass, Powder River County, and Hardin HS School District Boundaries</stepDesc><stepDateTm>2017-12-06T00:00:00</stepDateTm></prcStep><prcStep xmlns=""><stepDesc>Updated the school district county superintendent and enrollment tables with the FY2018 data from the Montana Office of Public Instruction (OPI)</stepDesc><stepDateTm>2018-07-17T00:00:00</stepDateTm></prcStep><prcStep xmlns=""><stepDesc>Added East Helena K-12 and Lockwood K-12; Abandonment and attachment of Springdale EL to Livingston EL, Shields Valley EL, and McLeod EL</stepDesc><stepDateTm>2018-08-27T00:00:00</stepDateTm></prcStep><prcStep xmlns=""><stepDesc>Adjusted boundaries to the November 2018 CadNSDI Montana (PLSS); Updated Gallatin and Yellowstone County School District Boundaries</stepDesc><stepDateTm>2019-02-08T00:00:00</stepDateTm></prcStep><prcStep xmlns=""><stepDesc>Updated the school district county superintendent and enrollment tables (FY1991 - 2018) with data from the Montana Office of Public Instruction (OPI).  Enrollment Numbers are ANB values.</stepDesc><stepDateTm>2019-02-26T00:00:00</stepDateTm></prcStep></dataLineage></dqInfo></metadata>
