<metadata xml:lang="en"><Esri><CreaDate>20190425</CreaDate><CreaTime>09453800</CreaTime><ArcGISFormat>1.0</ArcGISFormat><ArcGISstyle>FGDC CSDGM Metadata</ArcGISstyle><SyncOnce>FALSE</SyncOnce><DataProperties><lineage><Process ToolSource="c:\program files (x86)\arcgis\desktop10.3\ArcToolbox\Toolboxes\Data Management Tools.tbx\CalculateField" Date="20161012" Time="145322" Name="" export="">CalculateField BNDY_Municipality FIPS_CODE [PLACEFIPS] VB #</Process><Process ToolSource="c:\program files (x86)\arcgis\desktop10.3\ArcToolbox\Toolboxes\Data Management Tools.tbx\CalculateField" Date="20161012" Time="145416" Name="" export="">CalculateField BNDY_Municipality PKEY [ENTITY_ID]&amp;".BND."&amp;[FIPS_CODE] VB #</Process><Process ToolSource="c:\program files (x86)\arcgis\desktop10.3\ArcToolbox\Toolboxes\Conversion Tools.tbx\FeatureClassToFeatureClass" Date="20161012" Time="145628" Name="" export="">FeatureClassToFeatureClass BNDY_Municipality H:\databaseconnections\DBOConnections\MSLSQLDEV01\AdminBoundaries_DBO_MSLSQLDEV01.sde BNDY_Municipality # "NAME "Name" true true false 35 Text 0 0 ,First,#,BNDY_Municipality,NAME,-1,-1;COUNTY "County" true true false 2 Short 0 0 ,First,#,BNDY_Municipality,COUNTY,-1,-1;METADATA "Metadata" true true false 15 Text 0 0 ,First,#,BNDY_Municipality,METADATA,-1,-1;FIPS_CODE "FIPS_CODE" true true false 8 Double 0 0 ,First,#,BNDY_Municipality,FIPS_CODE,-1,-1;LAST_UPDATE "LAST_UPDATE" true true false 8 Date 0 0 ,First,#,BNDY_Municipality,LAST_UPDATE,-1,-1;ENTITY_ID "ENTITY IDENTIFIER" true true false 25 Text 0 0 ,First,#,BNDY_Municipality,ENTITY_ID,-1,-1;DATASET_ID "DATASET IDENTIFIER" true true false 3 Text 0 0 ,First,#,BNDY_Municipality,DATASET_ID,-1,-1;PKEY "MONTANA PKEY - UNIQUE PERSISTANT IDENTIFIER" true true false 68 Text 0 0 ,First,#,BNDY_Municipality,PKEY,-1,-1;CLASS "CLASS" true true false 10 Text 0 0 ,First,#,BNDY_Municipality,CLASS,-1,-1;TYPE "TYPE" true true false 30 Text 0 0 ,First,#,BNDY_Municipality,TYPE,-1,-1;EDITORNOTES "EDITORNOTES" true true false 150 Text 0 0 ,First,#,BNDY_Municipality,EDITORNOTES,-1,-1;ORIG_FID "ORIG_FID" true true false 4 Long 0 0 ,First,#,BNDY_Municipality,ORIG_FID,-1,-1;PLACEFIPS "PLACEFIPS" true true false 254 Text 0 0 ,First,#,BNDY_Municipality,PLACEFIPS,-1,-1;YEAR "YEAR" true true false 8 Double 0 0 ,First,#,BNDY_Municipality,YEAR,-1,-1;SHAPE_Length "SHAPE_Length" false true true 8 Double 0 0 ,First,#,BNDY_Municipality,SHAPE_Length,-1,-1;SHAPE_Area "SHAPE_Area" false true true 8 Double 0 0 ,First,#,BNDY_Municipality,SHAPE_Area,-1,-1" #</Process><Process ToolSource="C:\TEMP\Conflation_10_3\Conflation.tbx\ConflateLayers" Date="20170714" Time="162811" Name="" export="">ConflateLayers Links17_class2 AdministrativeBoundaries.DBO.BNDY_CountyLines;AdministrativeBoundaries.DBO.BNDY_MunicipalityLines;AdministrativeBoundaries.DBO.BNDY_SchoolDistrict_ElementaryLines;AdministrativeBoundaries.DBO.BNDY_SchoolDistrict_SecondaryLines;AdministrativeBoundaries.DBO.BNDY_SchoolDistrict_UnifiedLines;AdministrativeBoundaries.DBO.BNDY_County;AdministrativeBoundaries.DBO.BNDY_Municipality;AdministrativeBoundaries.DBO.BNDY_NPSBoundaries;AdministrativeBoundaries.DBO.BNDY_Reservations;AdministrativeBoundaries.DBO.BNDY_SchoolDistrict_Elementary;AdministrativeBoundaries.DBO.BNDY_SchoolDistrict_Secondary;AdministrativeBoundaries.DBO.BNDY_SchoolDistrict_Unified;AdministrativeBoundaries.DBO.BNDY_State;AdministrativeBoundaries.DBO.BNDY_TIFD;'Montana Weed Districts'</Process><Process ToolSource="C:\TEMP\Conflation_10_3\Conflation.tbx\ConflateLayers" Date="20170714" Time="180851" Name="" export="">ConflateLayers Links17_class3 AdministrativeBoundaries.DBO.BNDY_CountyLines;AdministrativeBoundaries.DBO.BNDY_MunicipalityLines;AdministrativeBoundaries.DBO.BNDY_SchoolDistrict_ElementaryLines;AdministrativeBoundaries.DBO.BNDY_SchoolDistrict_SecondaryLines;AdministrativeBoundaries.DBO.BNDY_SchoolDistrict_UnifiedLines;AdministrativeBoundaries.DBO.BNDY_County;AdministrativeBoundaries.DBO.BNDY_Municipality;AdministrativeBoundaries.DBO.BNDY_NPSBoundaries;AdministrativeBoundaries.DBO.BNDY_Reservations;AdministrativeBoundaries.DBO.BNDY_SchoolDistrict_Elementary;AdministrativeBoundaries.DBO.BNDY_SchoolDistrict_Secondary;AdministrativeBoundaries.DBO.BNDY_SchoolDistrict_Unified;AdministrativeBoundaries.DBO.BNDY_State;AdministrativeBoundaries.DBO.BNDY_TIFD;'Montana Weed Districts'</Process><Process ToolSource="C:\TEMP\Conflation_10_3\Conflation.tbx\ConflateLayers" Date="20170717" Time="084103" Name="" export="">ConflateLayers Links17_class1 AdministrativeBoundaries.DBO.BNDY_County;AdministrativeBoundaries.DBO.BNDY_Municipality;AdministrativeBoundaries.DBO.BNDY_NPSBoundaries;AdministrativeBoundaries.DBO.BNDY_Reservations;AdministrativeBoundaries.DBO.BNDY_SchoolDistrict_Elementary;AdministrativeBoundaries.DBO.BNDY_SchoolDistrict_Secondary;AdministrativeBoundaries.DBO.BNDY_SchoolDistrict_Unified;AdministrativeBoundaries.DBO.BNDY_State;AdministrativeBoundaries.DBO.BNDY_TIFD;'Montana Weed Districts'</Process><Process ToolSource="C:\TEMP\Conflation_10_3\Conflation.tbx\ConflateLayers" Date="20170717" Time="094215" Name="" export="">ConflateLayers Links17_class4 AdministrativeBoundaries.DBO.BNDY_CountyLines;AdministrativeBoundaries.DBO.BNDY_MunicipalityLines;AdministrativeBoundaries.DBO.BNDY_SchoolDistrict_ElementaryLines;AdministrativeBoundaries.DBO.BNDY_SchoolDistrict_SecondaryLines;AdministrativeBoundaries.DBO.BNDY_SchoolDistrict_UnifiedLines;AdministrativeBoundaries.DBO.BNDY_County;AdministrativeBoundaries.DBO.BNDY_Municipality;AdministrativeBoundaries.DBO.BNDY_NPSBoundaries;AdministrativeBoundaries.DBO.BNDY_Reservations;AdministrativeBoundaries.DBO.BNDY_SchoolDistrict_Elementary;AdministrativeBoundaries.DBO.BNDY_SchoolDistrict_Secondary;AdministrativeBoundaries.DBO.BNDY_SchoolDistrict_Unified;AdministrativeBoundaries.DBO.BNDY_State;AdministrativeBoundaries.DBO.BNDY_TIFD;'Montana Weed Districts'</Process><Process ToolSource="C:\Temp\Conflation_10_3\Conflation.tbx\ConflateLayers" Date="20190131" Time="140204" Name="" export="">ConflateLayers Links800Feet2018NoZeros_statePlane AdministrativeBoundaries.DBO.BNDY_StateLines;AdministrativeBoundaries.DBO.BNDY_State;AdministrativeBoundaries.DBO.BNDY_CountyLines;AdministrativeBoundaries.DBO.BNDY_MunicipalityLines;AdministrativeBoundaries.DBO.BNDY_SchoolDistrict_ElementaryLines;AdministrativeBoundaries.DBO.BNDY_SchoolDistrict_SecondaryLines;AdministrativeBoundaries.DBO.BNDY_SchoolDistrict_UnifiedLines;AdministrativeBoundaries.DBO.BNDY_County;AdministrativeBoundaries.DBO.BNDY_Municipality;AdministrativeBoundaries.DBO.BNDY_Reservations;AdministrativeBoundaries.DBO.BNDY_SchoolDistrict_Elementary;AdministrativeBoundaries.DBO.BNDY_SchoolDistrict_Secondary;AdministrativeBoundaries.DBO.BNDY_SchoolDistrict_Unified;AdministrativeBoundaries.DBO.BNDY_TIFD;'Montana Weed Districts'</Process><Process ToolSource="C:\Temp\Conflation_10_3\Conflation.tbx\ConflateLayers" Date="20190131" Time="140341" Name="" export="">ConflateLayers AllLinks AdministrativeBoundaries.DBO.BNDY_StateLines;AdministrativeBoundaries.DBO.BNDY_State;AdministrativeBoundaries.DBO.BNDY_CountyLines;AdministrativeBoundaries.DBO.BNDY_MunicipalityLines;AdministrativeBoundaries.DBO.BNDY_SchoolDistrict_ElementaryLines;AdministrativeBoundaries.DBO.BNDY_SchoolDistrict_SecondaryLines;AdministrativeBoundaries.DBO.BNDY_SchoolDistrict_UnifiedLines;AdministrativeBoundaries.DBO.BNDY_County;AdministrativeBoundaries.DBO.BNDY_Municipality;AdministrativeBoundaries.DBO.BNDY_Reservations;AdministrativeBoundaries.DBO.BNDY_SchoolDistrict_Elementary;AdministrativeBoundaries.DBO.BNDY_SchoolDistrict_Secondary;AdministrativeBoundaries.DBO.BNDY_SchoolDistrict_Unified;AdministrativeBoundaries.DBO.BNDY_TIFD;'Montana Weed Districts'</Process><Process ToolSource="C:\Temp\Conflation_10_3\Conflation.tbx\ConflateLayers" Date="20190131" Time="142449" Name="" export="">ConflateLayers C:\Junk\BNDadjust2019\Links.gdb\AllLinks AdministrativeBoundaries.DBO.BNDY_CountyLines;AdministrativeBoundaries.DBO.BNDY_MunicipalityLines;AdministrativeBoundaries.DBO.BNDY_SchoolDistrict_ElementaryLines;AdministrativeBoundaries.DBO.BNDY_SchoolDistrict_SecondaryLines;AdministrativeBoundaries.DBO.BNDY_SchoolDistrict_UnifiedLines;AdministrativeBoundaries.DBO.BNDY_StateLines;AdministrativeBoundaries.DBO.BNDY_County;AdministrativeBoundaries.DBO.BNDY_Municipality;AdministrativeBoundaries.DBO.BNDY_Reservations;AdministrativeBoundaries.DBO.BNDY_SchoolDistrict_Elementary;AdministrativeBoundaries.DBO.BNDY_SchoolDistrict_Secondary;AdministrativeBoundaries.DBO.BNDY_SchoolDistrict_Unified;AdministrativeBoundaries.DBO.BNDY_State;AdministrativeBoundaries.DBO.BNDY_TIFD;'Montana Weed Districts'</Process><Process ToolSource="C:\Temp\Conflation_10_3\Conflation.tbx\ConflateLayers" Date="20190201" Time="095427" Name="" export="">ConflateLayers LinksSelectedCity AdministrativeBoundaries.DBO.BNDY_MunicipalityLines;AdministrativeBoundaries.DBO.BNDY_Municipality</Process><Process ToolSource="C:\Temp\Conflation_10_3\Conflation.tbx\ConflateLayers" Date="20190201" Time="104042" Name="" export="">ConflateLayers LinksSelectedCity AdministrativeBoundaries.DBO.BNDY_MunicipalityLines;AdministrativeBoundaries.DBO.BNDY_Municipality</Process><Process ToolSource="C:\Temp\Conflation_10_3\Conflation.tbx\ConflateLayers" Date="20190205" Time="103134" Name="" export="">ConflateLayers "New Group Layer\LinksSelectedCity" AdministrativeBoundaries.DBO.BNDY_MunicipalityLines;AdministrativeBoundaries.DBO.BNDY_Municipality</Process><Process ToolSource="c:\program files (x86)\arcgis\desktop10.5\ArcToolbox\Toolboxes\Data Management Tools.tbx\Project" Date="20190425" Time="094524">Project H:\databaseconnections\MSLSQLDEV01\SDE_Default\AdminBoundaries_cw3612_MSLSQLDEV01.sde\AdministrativeBoundaries.DBO.BNDY_Municipality C:\Publish\BoundariesWebMerc.gdb\Municipalities PROJCS['WGS_1984_Web_Mercator_Auxiliary_Sphere',GEOGCS['GCS_WGS_1984',DATUM['D_WGS_1984',SPHEROID['WGS_1984',6378137.0,298.257223563]],PRIMEM['Greenwich',0.0],UNIT['Degree',0.0174532925199433]],PROJECTION['Mercator_Auxiliary_Sphere'],PARAMETER['False_Easting',0.0],PARAMETER['False_Northing',0.0],PARAMETER['Central_Meridian',0.0],PARAMETER['Standard_Parallel_1',0.0],PARAMETER['Auxiliary_Sphere_Type',0.0],UNIT['Meter',1.0]] NAD_1983_To_WGS_1984_5 PROJCS['NAD_1983_StatePlane_Montana_FIPS_2500',GEOGCS['GCS_North_American_1983',DATUM['D_North_American_1983',SPHEROID['GRS_1980',6378137.0,298.257222101]],PRIMEM['Greenwich',0.0],UNIT['Degree',0.0174532925199433]],PROJECTION['Lambert_Conformal_Conic'],PARAMETER['False_Easting',600000.0],PARAMETER['False_Northing',0.0],PARAMETER['Central_Meridian',-109.5],PARAMETER['Standard_Parallel_1',45.0],PARAMETER['Standard_Parallel_2',49.0],PARAMETER['Latitude_Of_Origin',44.25],UNIT['Meter',1.0]] NO_PRESERVE_SHAPE # NO_VERTICAL</Process><Process ToolSource="c:\program files (x86)\arcgis\desktop10.5\ArcToolbox\Toolboxes\Data Management Tools.tbx\DeleteField" Date="20190425" Time="094525">DeleteField C:\Publish\BoundariesWebMerc.gdb\Municipalities EDITORNOTES;ORIG_FID</Process><Process ToolSource="c:\program files (x86)\arcgis\desktop10.5\ArcToolbox\Toolboxes\Data Management Tools.tbx\CalculateField" Date="20190425" Time="094526">CalculateField C:\Publish\BoundariesWebMerc.gdb\Municipalities Acres !shape.geodesicarea@acres! PYTHON_9.3 #</Process><Process ToolSource="c:\program files (x86)\arcgis\desktop10.5\ArcToolbox\Toolboxes\Data Management Tools.tbx\CalculateField" Date="20190425" Time="094527">CalculateField C:\Publish\BoundariesWebMerc.gdb\Municipalities SqMiles !shape.geodesicarea@squaremiles! PYTHON_9.3 #</Process><Process ToolSource="c:\program files (x86)\arcgis\desktop10.5\ArcToolbox\Toolboxes\Data Management Tools.tbx\Project" Date="20190425" Time="094539">Project C:\Publish\BoundariesWebMerc.gdb\Municipalities C:\\Publish\\MontanaIncorporatedCitiesTowns.gdb\MontanaIncorporatedCitiesTowns PROJCS['NAD_1983_StatePlane_Montana_FIPS_2500',GEOGCS['GCS_North_American_1983',DATUM['D_North_American_1983',SPHEROID['GRS_1980',6378137.0,298.257222101]],PRIMEM['Greenwich',0.0],UNIT['Degree',0.0174532925199433]],PROJECTION['Lambert_Conformal_Conic'],PARAMETER['False_Easting',600000.0],PARAMETER['False_Northing',0.0],PARAMETER['Central_Meridian',-109.5],PARAMETER['Standard_Parallel_1',45.0],PARAMETER['Standard_Parallel_2',49.0],PARAMETER['Latitude_Of_Origin',44.25],UNIT['Meter',1.0]] NAD_1983_To_WGS_1984_5 PROJCS['WGS_1984_Web_Mercator_Auxiliary_Sphere',GEOGCS['GCS_WGS_1984',DATUM['D_WGS_1984',SPHEROID['WGS_1984',6378137.0,298.257223563]],PRIMEM['Greenwich',0.0],UNIT['Degree',0.0174532925199433]],PROJECTION['Mercator_Auxiliary_Sphere'],PARAMETER['False_Easting',0.0],PARAMETER['False_Northing',0.0],PARAMETER['Central_Meridian',0.0],PARAMETER['Standard_Parallel_1',0.0],PARAMETER['Auxiliary_Sphere_Type',0.0],UNIT['Meter',1.0]] NO_PRESERVE_SHAPE # NO_VERTICAL</Process><Process ToolSource="c:\program files (x86)\arcgis\desktop10.5\ArcToolbox\Toolboxes\Data Management Tools.tbx\CopyFeatures" Date="20190425" Time="094541">CopyFeatures C:\\Publish\\MontanaIncorporatedCitiesTowns.gdb\MontanaIncorporatedCitiesTowns C:\\Publish\\MontanaIncorporatedCitiesTowns_shp\MontanaIncorporatedCitiesTowns.shp # 0 0 0</Process></lineage><itemProps><itemName Sync="TRUE">MontanaIncorporatedCitiesTowns</itemName><itemLocation><linkage Sync="TRUE">file://\\MSLGEOINFO2516\C$\Publish\MontanaIncorporatedCitiesTowns_shp\MontanaIncorporatedCitiesTowns.shp</linkage><protocol Sync="TRUE">Local Area Network</protocol></itemLocation><nativeExtBox><westBL Sync="TRUE">126872.038080</westBL><eastBL Sync="TRUE">1008004.301528</eastBL><southBL Sync="TRUE">46220.145400</southBL><northBL Sync="TRUE">531985.438715</northBL><exTypeCode Sync="TRUE">1</exTypeCode></nativeExtBox><imsContentType Sync="TRUE" export="False">002</imsContentType><itemSize Sync="TRUE">0.000</itemSize></itemProps><coordRef><type Sync="TRUE">Projected</type><geogcsn Sync="TRUE">GCS_North_American_1983</geogcsn><csUnits Sync="TRUE">Linear Unit: Meter (1.000000)</csUnits><projcsn Sync="TRUE">NAD_1983_StatePlane_Montana_FIPS_2500</projcsn><peXml Sync="TRUE">&lt;ProjectedCoordinateSystem xsi:type='typens:ProjectedCoordinateSystem' xmlns:xsi='http://www.w3.org/2001/XMLSchema-instance' xmlns:xs='http://www.w3.org/2001/XMLSchema' xmlns:typens='http://www.esri.com/schemas/ArcGIS/10.5'&gt;&lt;WKT&gt;PROJCS[&amp;quot;NAD_1983_StatePlane_Montana_FIPS_2500&amp;quot;,GEOGCS[&amp;quot;GCS_North_American_1983&amp;quot;,DATUM[&amp;quot;D_North_American_1983&amp;quot;,SPHEROID[&amp;quot;GRS_1980&amp;quot;,6378137.0,298.257222101]],PRIMEM[&amp;quot;Greenwich&amp;quot;,0.0],UNIT[&amp;quot;Degree&amp;quot;,0.0174532925199433]],PROJECTION[&amp;quot;Lambert_Conformal_Conic&amp;quot;],PARAMETER[&amp;quot;False_Easting&amp;quot;,600000.0],PARAMETER[&amp;quot;False_Northing&amp;quot;,0.0],PARAMETER[&amp;quot;Central_Meridian&amp;quot;,-109.5],PARAMETER[&amp;quot;Standard_Parallel_1&amp;quot;,45.0],PARAMETER[&amp;quot;Standard_Parallel_2&amp;quot;,49.0],PARAMETER[&amp;quot;Latitude_Of_Origin&amp;quot;,44.25],UNIT[&amp;quot;Meter&amp;quot;,1.0],AUTHORITY[&amp;quot;EPSG&amp;quot;,32100]]&lt;/WKT&gt;&lt;XOrigin&gt;-35666000&lt;/XOrigin&gt;&lt;YOrigin&gt;-30006900&lt;/YOrigin&gt;&lt;XYScale&gt;124182419.54917815&lt;/XYScale&gt;&lt;ZOrigin&gt;-100000&lt;/ZOrigin&gt;&lt;ZScale&gt;10000&lt;/ZScale&gt;&lt;MOrigin&gt;-100000&lt;/MOrigin&gt;&lt;MScale&gt;10000&lt;/MScale&gt;&lt;XYTolerance&gt;0.001&lt;/XYTolerance&gt;&lt;ZTolerance&gt;0.001&lt;/ZTolerance&gt;&lt;MTolerance&gt;0.001&lt;/MTolerance&gt;&lt;HighPrecision&gt;true&lt;/HighPrecision&gt;&lt;WKID&gt;32100&lt;/WKID&gt;&lt;LatestWKID&gt;32100&lt;/LatestWKID&gt;&lt;/ProjectedCoordinateSystem&gt;</peXml></coordRef></DataProperties><SyncDate>20190425</SyncDate><SyncTime>09454000</SyncTime><ModDate>20190425</ModDate><ModTime>09454000</ModTime><ArcGISProfile>FGDC</ArcGISProfile><scaleRange><minScale>150000000</minScale><maxScale>5000</maxScale></scaleRange></Esri><mdLang><languageCode value="eng"/><countryCode value="USA" Sync="TRUE"/></mdLang><mdChar><CharSetCd value="004"/></mdChar><mdHrLv><ScopeCd value="005"/></mdHrLv><mdContact xmlns=""><rpOrgName>Montana State Library</rpOrgName><rpPosName>Montana Administrative Boundaries Framework Coordinator</rpPosName><rpCntInfo xmlns=""><cntPhone><voiceNum tddtty="">(406) 444-5354</voiceNum><voiceNum tddtty="True">(406) 444-4799</voiceNum><faxNum>(406) 444-0266</faxNum></cntPhone><cntAddress addressType="postal"><delPoint>P.O. Box 201800</delPoint><city>Helena</city><adminArea>Montana</adminArea><postCode>59620</postCode><country>US</country><eMailAdd>geoinfo@mt.gov</eMailAdd></cntAddress><cntHours>8-5</cntHours><cntInstr>please call or e-mail</cntInstr></rpCntInfo><role><RoleCd value="007"/></role></mdContact><mdDateSt Sync="TRUE">20190425</mdDateSt><mdStanName>ArcGIS Metadata</mdStanName><mdStanVer>1.0</mdStanVer><distInfo xmlns=""><distributor xmlns=""><distorCont xmlns=""><rpOrgName>Montana State Library</rpOrgName><rpCntInfo xmlns=""><cntPhone><voiceNum tddtty="">406-444-5354</voiceNum><voiceNum tddtty="True">406-444-4799</voiceNum></cntPhone><cntAddress addressType="postal"><delPoint>P.O. Box 201800</delPoint><city>Helena</city><adminArea>Montana</adminArea><postCode>59620</postCode><country>US</country><eMailAdd>geoinfo@mt.gov</eMailAdd></cntAddress><cntHours>8-5</cntHours><cntInstr>Download the data: http://ftp.geoinfo.msl.mt.gov/Data/Spatial/MSDI/AdministrativeBoundaries/</cntInstr></rpCntInfo><role><RoleCd value="005"/></role></distorCont><distorOrdPrc xmlns=""><ordInstr>If data is needed in other file formats (i.e. .kml) please contact the Administrative Boundaries Coordinator or the Montana State Library Geographic Information Staff.</ordInstr></distorOrdPrc></distributor><distTranOps xmlns=""><onLineSrc xmlns=""><linkage>http://ftp.geoinfo.msl.mt.gov/Data/Spatial/MSDI/AdministrativeBoundaries/</linkage></onLineSrc><transSize Sync="TRUE">0.000</transSize></distTranOps><distFormat xmlns=""><formatName Sync="TRUE">Shapefile</formatName></distFormat></distInfo><dataIdInfo><idCitation xmlns=""><resTitle Sync="FALSE">Montana Incorporated Cities and Towns</resTitle><date><pubDate>2019-04-25T00:00:00</pubDate></date><citRespParty xmlns=""><rpOrgName>Montana State Library</rpOrgName><rpCntInfo xmlns=""><cntAddress addressType=""><delPoint>Helena, Montana</delPoint></cntAddress></rpCntInfo><role><RoleCd value="010"/></role></citRespParty><citRespParty xmlns=""><rpOrgName>Montana State Library</rpOrgName><role><RoleCd value="006"/></role></citRespParty><presForm xmlns=""><PresFormCd value="005"/></presForm><presForm xmlns=""><fgdcGeoform>vector digital data</fgdcGeoform></presForm><collTitle>Montana Administrative Boundaries ArcGIS Server Map Service</collTitle></idCitation><idAbs>&lt;DIV STYLE="text-align:Left;"&gt;&lt;DIV&gt;&lt;DIV&gt;&lt;P&gt;&lt;SPAN&gt;Montana Incorporated Cities and Towns&lt;/SPAN&gt;&lt;/P&gt;&lt;/DIV&gt;&lt;/DIV&gt;&lt;/DIV&gt;</idAbs><idPurp>This dataset is a geographical representation of incorporated city and town boundaries in the State of Montana. The data are intended to be used for the mapping or analysis of said boundaries.</idPurp><idStatus><ProgCd value="001"/></idStatus><idPoC xmlns=""><rpOrgName>Montana State Library</rpOrgName><rpPosName>The Montana State Library</rpPosName><rpCntInfo xmlns=""><cntPhone><voiceNum tddtty="">406-444-5354</voiceNum><voiceNum tddtty="True">406-444-4799</voiceNum><faxNum>406-444-0266</faxNum></cntPhone><cntAddress addressType="postal"><delPoint>P.O. Box 201800</delPoint><city>Helena</city><adminArea>Montana</adminArea><postCode>59620</postCode><country>US</country><eMailAdd>geoinfo@mt.gov</eMailAdd></cntAddress><cntHours>8-5</cntHours></rpCntInfo><role><RoleCd value="007"/></role></idPoC><resMaint xmlns=""><maintFreq><MaintFreqCd value="009"/></maintFreq></resMaint><placeKeys xmlns=""><keyword>Montana</keyword></placeKeys><tempKeys xmlns=""><keyword>2017</keyword></tempKeys><themeKeys xmlns=""><thesaName><resTitle>ISO 19115 Topic Category</resTitle></thesaName><keyword>boundaries</keyword></themeKeys><themeKeys xmlns=""><keyword>Montana Spatial Data Infrastructure</keyword><keyword>MSDI Administrative Boundaries</keyword><keyword>Montana Towns</keyword><keyword>incorporated cities and towns</keyword><keyword>municipalities</keyword><keyword>montana</keyword><keyword>montana town</keyword><keyword>city</keyword><keyword>montana city boundary</keyword><keyword>montana town boundary</keyword><keyword>municipality</keyword><keyword>incorporated town</keyword><keyword>incorporated city</keyword><keyword>cities</keyword><keyword>incorporated places</keyword><keyword>towns</keyword><keyword>city limits</keyword><keyword>municipal boundary</keyword><keyword>town</keyword><keyword>Administrative Boundaries</keyword><keyword>town boundary</keyword><keyword>montana city</keyword><keyword>municipal boundaries</keyword><keyword>Montana Cities</keyword><keyword>MSDI</keyword><keyword>city boundary</keyword></themeKeys><searchKeys><keyword>Montana Spatial Data Infrastructure</keyword><keyword>MSDI Administrative Boundaries</keyword><keyword>Montana Towns</keyword><keyword>incorporated cities and towns</keyword><keyword>municipalities</keyword><keyword>montana</keyword><keyword>montana town</keyword><keyword>city</keyword><keyword>montana city boundary</keyword><keyword>montana town boundary</keyword><keyword>municipality</keyword><keyword>incorporated town</keyword><keyword>Montana</keyword><keyword>incorporated city</keyword><keyword>cities</keyword><keyword>incorporated places</keyword><keyword>towns</keyword><keyword>city limits</keyword><keyword>municipal boundary</keyword><keyword>town</keyword><keyword>Administrative Boundaries</keyword><keyword>town boundary</keyword><keyword>montana city</keyword><keyword>municipal boundaries</keyword><keyword>Montana Cities</keyword><keyword>boundaries</keyword><keyword>MSDI</keyword><keyword>city boundary</keyword></searchKeys><resConst><LegConsts xmlns=""><useLimit>The Montana State Library (MSL) provides this product/service for informational purposes only. The MSL did not produce it for, nor is it suitable for legal, engineering, or surveying purposes. Consumers of this information should review or consult the primary data and information sources to ascertain the viability of the information for their purposes. The MSL provides these data in good faith and in no event, shall be liable for any incorrect results or analysis, any lost profits and special, indirect or consequential damages to any party, arising out of or in connection with the use or the inability to use the data or the services provided. The MSL makes these data and services available as a convenience to the public, and for no other purpose. The MSL reserves the right to change or revise published data and/or services at any time.</useLimit></LegConsts></resConst><resConst><SecConsts xmlns=""><class><ClasscationCd value="001"/></class></SecConsts></resConst><resConst><Consts xmlns=""><useLimit>&lt;DIV STYLE="text-align:Left;"&gt;&lt;DIV&gt;&lt;DIV&gt;&lt;P&gt;&lt;SPAN&gt;DISCLAIMER: The Montana State Library Geographic Information Services provides this product/service for informational purposes only. The Library did not produce it for, nor is it suitable for legal, engineering, or surveying purposes. Consumers of this information should review or consult the primary data and information sources to ascertain the viability of the information for their purposes. The Library provides these data in good faith but does not represent or warrant its accuracy, adequacy, or completeness. In no event shall the Library be liable for any incorrect results or analysis; any direct, indirect, special, or consequential damages to any party; or any lost profits arising out of or in connection with the use or the inability to use the data or the services provided. The Library makes these data and services available as a convenience to the public, and for no other purpose. The Library reserves the right to change or revise published data and/or services at any time.&lt;/SPAN&gt;&lt;/P&gt;&lt;/DIV&gt;&lt;/DIV&gt;&lt;/DIV&gt;</useLimit></Consts></resConst><aggrInfo xmlns=""><aggrDSName><resTitle>Montana Administrative Boundaries ArcGIS Server Map Service</resTitle><date><pubDate>2017-10-16</pubDate></date><citRespParty><rpOrgName>Montana State Library</rpOrgName><role><RoleCd value="006"/></role></citRespParty><citOnlineRes><linkage>https://mslservices.mt.gov/Geographic_Information/Data/DataList/datalist_Details.aspx?did={a43101d4-295a-4bcb-890c-3218abbda60e}</linkage></citOnlineRes></aggrDSName><assocType><AscTypeCd value="002"/></assocType></aggrInfo><spatRpType><SpatRepTypCd value="001"/></spatRpType><dataLang><languageCode value="eng"/><countryCode value="USA" Sync="TRUE"/></dataLang><envirDesc Sync="TRUE">Microsoft Windows 7 Version 6.1 (Build 7601) Service Pack 1; Esri ArcGIS 10.5.1.7333</envirDesc><dataExt xmlns=""><geoEle xmlns=""><GeoBndBox><westBL>-115.956075</westBL><eastBL>-103.929493</eastBL><southBL>44.503963</southBL><northBL>49.036997</northBL></GeoBndBox></geoEle></dataExt><dataExt xmlns=""><exDesc>publication date</exDesc><tempEle><TempExtent><exTemp><TM_Instant><tmPosition>2019-04-25T00:00:00</tmPosition></TM_Instant></exTemp></TempExtent></tempEle></dataExt><suppInfo>The Montana Incorporated Cities and Towns file geodatabase dataset represent Montana's incorporated city and town boundaries. The Montana State Library and the MSDI supports a federated database approach to all MSDI layers. Montana defines a federated approach as a method that supports the integration and utilization of data from multiple data providers, while retaining the primary maintenance responsibility with the provider. Most of Montana's framework data model efforts have adopted a federated approach that leverages multiple data providers and thus multiple data maintainers. The boundary files were created based on the best available source data received the Montana Department of Transportation's Fuel Tax Layer and County/City Government's GIS Programs. The Fuel Tax layer was adjusted to the most current version of the Montana GCDB and Cadastral Parcels. Digital data used as a base layer to adjust these boundary files were the best available source at the time: Cadastral (parcel lines), Geographic Coordination Data Base (GCDB), National Agriculture Imagery Program (NAIP) Imagery, US Census Places Data. Incorporated City and Town Class/Type information was taken from the Directory of Montana Municipal Officials published by the Montana League of Cities and Towns (208 N. Montana Avenue Suite 201 Helena, MT 59624), August 2009. It is plausible that errors do exist and we welcome all corrections. If you do have a correction to a boundary please contact the Administrative Boundaries Data Coordinator.</suppInfo><dataExt xmlns=""><geoEle xmlns=""><GeoBndBox esriExtentType="search"><exTypeCode Sync="TRUE">1</exTypeCode><westBL Sync="TRUE">-115.955977</westBL><eastBL Sync="TRUE">-103.929424</eastBL><northBL Sync="TRUE">49.037028</northBL><southBL Sync="TRUE">44.503952</southBL></GeoBndBox></geoEle></dataExt><dataChar><CharSetCd value="004"/></dataChar><tpCat><TopicCatCd value="017"/></tpCat><tpCat><TopicCatCd value="003"/></tpCat></dataIdInfo><mdMaint xmlns=""><maintFreq><MaintFreqCd value="009"/></maintFreq></mdMaint><dqInfo xmlns=""><dqScope><scpLvl><ScopeCd value="005"/></scpLvl></dqScope><dataLineage><prcStep xmlns=""><stepDesc>Geometry updates geometry included annexations and alignment with the July 2015 CadNSDI Montana (PLSS) for the following incorporated places: Belgrade, Big Timber, Boulder, Bozeman, Clyde Park, Dillon, East Helena, Ennis, Harlowton, Helena, Livingston, Manhattan, Sheridan, Three Forks, Townsend, Twin Bridges, Virginia City, White Sulphur Springs, Whitehall</stepDesc><stepDateTm>2015-09-09T00:00:00</stepDateTm></prcStep><prcStep xmlns=""><stepDesc>Geometry updates included annexations and alignment with the September 2016 CadNSDI Montana (PLSS) for the following incorporated places: Bainville, Baker, Billings, Bozeman, Broadview, Circle, Columbia Falls, Culbertson, Fairview, Flaxville, Froid, Great Falls, Helena, Kalispell, Laurel, Medicine Lake, Missoula, Outlook, Plentywood, Polson, Poplar, Rexford, Scobey, Sidney, Westby, Wibaux, Whitefish</stepDesc><stepDateTm>2016-09-30T00:00:00</stepDateTm></prcStep><prcStep xmlns=""><stepDesc>Schema Updates included the addition of Year Incorporated, Acres, and Square Miles; Geometry updates for annexations and deannexations for the following incorporated places: Belgrade, Billings, Bozeman, Columbia Falls, Conrad, Darby, Glasgow, Great Falls, Hamilton, Hardin, Helena, Kalispell, Lewistown, Miles City, Missoula, Stevensville, Three Forks, Twin Bridges, Whitefish</stepDesc><stepDateTm>2017-04-28T00:00:00</stepDateTm></prcStep><prcStep xmlns=""><stepDesc>Geometry updates included annexations and alignment with the October 2017 CadNSDI Montana (PLSS) for the following incorporated places: Belgrade, Billings, Bozeman, Bridger, Clyde Park, East Helena, Eureka, Hardin, Helena, Laurel, Livingston, Rexford, Three Forks, Twin Bridges, Whitefish</stepDesc><stepDateTm>2017-10-16T00:00:00</stepDateTm></prcStep><prcStep xmlns=""><stepDesc>Geometry updates included annexations and alignment with the November 2018 CadNSDI Montana (PLSS) for the following incorporated places: Billings, Bozeman, Great Falls, Helena, Kalispell, Laurel, Missoula, Stevensville, Thompson Falls, Whitefish; Brockton (Roosevelt County) and Browning (Glacier County) were disincorporated in 2018</stepDesc><stepDateTm>2019-02-08T00:00:00</stepDateTm></prcStep><prcStep xmlns=""><stepDesc>Geometry updates included annexations for Dillon and Columbus</stepDesc><stepDateTm>2019-04-25T00:00:00</stepDateTm></prcStep></dataLineage></dqInfo><spatRepInfo><VectSpatRep><geometObjs Name="MontanaIncorporatedCitiesTowns"><geoObjTyp><GeoObjTypCd value="002" Sync="TRUE"></GeoObjTypCd></geoObjTyp><geoObjCnt Sync="TRUE">0</geoObjCnt></geometObjs><topLvl><TopoLevCd value="001" Sync="TRUE"></TopoLevCd></topLvl></VectSpatRep></spatRepInfo><eainfo><detailed xmlns="" Name="MontanaIncorporatedCitiesTowns"><enttyp><enttypl Sync="TRUE">MontanaIncorporatedCitiesTowns</enttypl><enttypd>Montana Incorporated Cities and Towns</enttypd><enttypds>Montana State Library</enttypds><enttypt Sync="TRUE">Feature Class</enttypt><enttypc Sync="TRUE">0</enttypc></enttyp><attr><attrlabl Sync="TRUE">FID</attrlabl><attalias Sync="TRUE">FID</attalias><attrtype Sync="TRUE">OID</attrtype><attwidth Sync="TRUE">4</attwidth><atprecis Sync="TRUE">0</atprecis><attscale Sync="TRUE">0</attscale><attrdef Sync="TRUE">Internal feature number.</attrdef><attrdefs Sync="TRUE">Esri</attrdefs><attrdomv><udom Sync="TRUE">Sequential unique whole numbers that are automatically generated.</udom></attrdomv></attr><attr xmlns=""><attrlabl>FIPS_CODE</attrlabl><attalias Sync="TRUE">FIPS_CODE</attalias><attrtype Sync="TRUE">Double</attrtype><attwidth Sync="TRUE">19</attwidth><atprecis Sync="TRUE">0</atprecis><attscale Sync="TRUE">0</attscale></attr><attr xmlns=""><attrlabl Sync="TRUE">METADATA</attrlabl><attalias Sync="TRUE">METADATA</attalias><attrtype Sync="TRUE">String</attrtype><attwidth Sync="TRUE">15</attwidth><atprecis Sync="TRUE">0</atprecis><attscale Sync="TRUE">0</attscale></attr><attr xmlns=""><attrlabl>SHAPE</attrlabl><attrdef>Feature geometry.</attrdef><attrdefs>ESRI</attrdefs><attrdomv><udom>Coordinates defining the features.</udom></attrdomv><attalias Sync="TRUE">Shape</attalias><attrtype Sync="TRUE">Geometry</attrtype><attwidth Sync="TRUE">0</attwidth><atprecis Sync="TRUE">0</atprecis><attscale Sync="TRUE">0</attscale></attr><attr xmlns=""><attrlabl>County</attrlabl><attalias Sync="TRUE">COUNTY</attalias><attrtype Sync="TRUE">Integer</attrtype><attwidth Sync="TRUE">5</attwidth><atprecis Sync="TRUE">5</atprecis><attscale Sync="TRUE">0</attscale></attr><attr xmlns=""><attrlabl Sync="TRUE">ENTITY_ID</attrlabl><attalias Sync="TRUE">ENTITY_ID</attalias><attrtype Sync="TRUE">String</attrtype><attwidth Sync="TRUE">25</attwidth><atprecis Sync="TRUE">0</atprecis><attscale Sync="TRUE">0</attscale></attr><attr><attrlabl Sync="TRUE">LAST_UPDAT</attrlabl><attalias Sync="TRUE">LAST_UPDAT</attalias><attrtype Sync="TRUE">Date</attrtype><attwidth Sync="TRUE">8</attwidth><atprecis Sync="TRUE">0</atprecis><attscale Sync="TRUE">0</attscale></attr><attr xmlns=""><attrlabl Sync="TRUE">DATASET_ID</attrlabl><attalias Sync="TRUE">DATASET_ID</attalias><attrtype Sync="TRUE">String</attrtype><attwidth Sync="TRUE">3</attwidth><atprecis Sync="TRUE">0</atprecis><attscale Sync="TRUE">0</attscale></attr><attr xmlns=""><attrlabl Sync="TRUE">PKEY</attrlabl><attalias Sync="TRUE">PKEY</attalias><attrtype Sync="TRUE">String</attrtype><attwidth Sync="TRUE">68</attwidth><atprecis Sync="TRUE">0</atprecis><attscale Sync="TRUE">0</attscale></attr><attr xmlns=""><attrlabl Sync="TRUE">CLASS</attrlabl><attalias Sync="TRUE">CLASS</attalias><attrtype Sync="TRUE">String</attrtype><attwidth Sync="TRUE">10</attwidth><atprecis Sync="TRUE">0</atprecis><attscale Sync="TRUE">0</attscale></attr><attr xmlns=""><attrlabl Sync="TRUE">TYPE</attrlabl><attalias Sync="TRUE">TYPE</attalias><attrtype Sync="TRUE">String</attrtype><attwidth Sync="TRUE">30</attwidth><atprecis Sync="TRUE">0</atprecis><attscale Sync="TRUE">0</attscale></attr><attr xmlns=""><attrlabl Sync="TRUE">YEAR</attrlabl><attalias Sync="TRUE">YEAR</attalias><attrtype Sync="TRUE">Double</attrtype><attwidth Sync="TRUE">19</attwidth><atprecis Sync="TRUE">0</atprecis><attscale Sync="TRUE">0</attscale></attr><attr xmlns=""><attrlabl Sync="TRUE">Acres</attrlabl><attalias Sync="TRUE">Acres</attalias><attrtype Sync="TRUE">Double</attrtype><attwidth Sync="TRUE">19</attwidth><atprecis Sync="TRUE">0</atprecis><attscale Sync="TRUE">0</attscale></attr><attr xmlns=""><attrlabl Sync="TRUE">SqMiles</attrlabl><attalias Sync="TRUE">SqMiles</attalias><attrtype Sync="TRUE">Double</attrtype><attwidth Sync="TRUE">19</attwidth><atprecis Sync="TRUE">0</atprecis><attscale Sync="TRUE">0</attscale></attr><attr xmlns=""><attrlabl>Name</attrlabl><attalias Sync="TRUE">NAME</attalias><attrtype Sync="TRUE">String</attrtype><attwidth Sync="TRUE">35</attwidth><atprecis Sync="TRUE">0</atprecis><attscale Sync="TRUE">0</attscale></attr><attr><attrlabl Sync="TRUE">Shape_Leng</attrlabl><attalias Sync="TRUE">Shape_Leng</attalias><attrtype Sync="TRUE">Double</attrtype><attwidth Sync="TRUE">19</attwidth><atprecis Sync="TRUE">0</atprecis><attscale Sync="TRUE">0</attscale></attr><attr><attrlabl Sync="TRUE">Shape_Area</attrlabl><attalias Sync="TRUE">Shape_Area</attalias><attrtype Sync="TRUE">Double</attrtype><attwidth Sync="TRUE">19</attwidth><atprecis Sync="TRUE">0</atprecis><attscale Sync="TRUE">0</attscale><attrdef Sync="TRUE">Area of feature in internal units squared.</attrdef><attrdefs Sync="TRUE">Esri</attrdefs><attrdomv><udom Sync="TRUE">Positive real numbers that are automatically generated.</udom></attrdomv></attr></detailed></eainfo><mdHrLvName Sync="TRUE">dataset</mdHrLvName><refSysInfo><RefSystem><refSysID><identCode code="32100" Sync="TRUE"/><idCodeSpace Sync="TRUE">EPSG</idCodeSpace><idVersion Sync="TRUE">4.5(3.0.1)</idVersion></refSysID></RefSystem></refSysInfo><spdoinfo><ptvctinf><esriterm Name="MontanaIncorporatedCitiesTowns"><efeatyp Sync="TRUE">Simple</efeatyp><efeageom code="4" Sync="TRUE"></efeageom><esritopo Sync="TRUE">FALSE</esritopo><efeacnt Sync="TRUE">0</efeacnt><spindex Sync="TRUE">FALSE</spindex><linrefer Sync="TRUE">FALSE</linrefer></esriterm></ptvctinf></spdoinfo></metadata>
