<metadata xml:lang="en"><Esri><CreaDate>20150129</CreaDate><CreaTime>16015100</CreaTime><SyncOnce>FALSE</SyncOnce><SyncDate>20190425</SyncDate><SyncTime>09462800</SyncTime><ModDate>20190425</ModDate><ModTime>09462800</ModTime><ArcGISFormat>1.0</ArcGISFormat><ArcGISstyle>FGDC CSDGM Metadata</ArcGISstyle><DataProperties><itemProps><itemLocation><linkage Sync="TRUE">file://\\MSLGEOINFO2516\C$\Publish\MontanaTIFDs_shp\TIFD_HAS_MULTI_LEVY_DIST.dbf</linkage><protocol Sync="TRUE">Local Area Network</protocol></itemLocation><itemName Sync="TRUE">TIFD_HAS_MULTI_LEVY_DIST</itemName><imsContentType Sync="TRUE">002</imsContentType><itemSize Sync="TRUE">0.000</itemSize></itemProps><lineage><Process ToolSource="c:\program files (x86)\arcgis\desktop10.3\ArcToolbox\Toolboxes\Data Management Tools.tbx\CalculateField" Date="20150626" Time="122004" Name="" export="">CalculateField AdministrativeBoundaries.DBO.BNDY_TIFD_HAS_MULTI_LEVY_DIST TIFD_ID "DOR.TIFD."&amp;[TIFD_ID] VB #</Process><Process ToolSource="c:\program files (x86)\arcgis\desktop10.5\ArcToolbox\Toolboxes\Data Management Tools.tbx\CalculateField" Date="20190417" Time="134650">CalculateField AdministrativeBoundaries.DBO.BNDY_TIFD_HAS_MULTI_LEVY_DIST DOR_LEVY [ORION_LEVY] VB #</Process><Process ToolSource="c:\program files (x86)\arcgis\desktop10.5\ArcToolbox\Toolboxes\Data Management Tools.tbx\CalculateField" Date="20190417" Time="141552">CalculateField AdministrativeBoundaries.DBO.BNDY_TIFD_HAS_MULTI_LEVY_DIST LEVY [CAMA_LEVY] VB #</Process><Process ToolSource="c:\program files (x86)\arcgis\desktop10.5\ArcToolbox\Toolboxes\Data Management Tools.tbx\CalculateField" Date="20190417" Time="141746">CalculateField AdministrativeBoundaries.DBO.BNDY_TIFD_HAS_MULTI_LEVY_DIST LVY [CAMA_LEVY] VB #</Process><Process ToolSource="c:\program files (x86)\arcgis\desktop10.5\ArcToolbox\Toolboxes\Data Management Tools.tbx\CalculateField" Date="20190417" Time="141914">CalculateField AdministrativeBoundaries.DBO.BNDY_TIFD_HAS_MULTI_LEVY_DIST ORION_LEVY [DOR_LEVY] VB #</Process><Process ToolSource="c:\program files (x86)\arcgis\desktop10.5\ArcToolbox\Toolboxes\Data Management Tools.tbx\CopyRows" Date="20190425" Time="094625">CopyRows H:\databaseconnections\MSLSQLDEV01\SDE_Default\AdminBoundaries_cw3612_MSLSQLDEV01.sde\AdministrativeBoundaries.DBO.BNDY_TIFD_HAS_MULTI_LEVY_DIST C:\\Publish\\MontanaTIFDs.gdb\TIFD_HAS_MULTI_DIST #</Process><Process ToolSource="c:\program files (x86)\arcgis\desktop10.5\ArcToolbox\Toolboxes\Data Management Tools.tbx\CopyRows" Date="20190425" Time="094628">CopyRows C:\\Publish\\MontanaTIFDs.gdb\TIFD_HAS_MULTI_DIST C:\\Publish\\MontanaTIFDs_shp\TIFD_HAS_MULTI_LEVY_DIST.dbf #</Process></lineage></DataProperties><scaleRange><minScale>150000000</minScale><maxScale>5000</maxScale></scaleRange><ArcGISProfile>FGDC</ArcGISProfile></Esri><idinfo><native Sync="TRUE">Microsoft Windows XP Version 5.1 (Build 2600) Service Pack 2; ESRI ArcCatalog 9.2.5.1450</native><descript><langdata Sync="TRUE">en</langdata><abstract>REQUIRED: A brief narrative summary of the data set.</abstract><purpose>REQUIRED: A summary of the intentions with which the data set was developed.</purpose></descript><citation><citeinfo><origin>REQUIRED: The name of an organization or individual that developed the data set.</origin><pubdate>REQUIRED: The date when the data set is published or otherwise made available for release.</pubdate><title Sync="TRUE">TIFDs with Multiple Levy Districts</title><ftname Sync="TRUE">MULTI_LEVY_DIST</ftname><geoform Sync="TRUE">tabular digital data</geoform><onlink Sync="TRUE">Service=sde:oracle10g; Database=bmscprd; User=gisb; Version=SDE.DEFAULT</onlink></citeinfo></citation><timeperd><current>REQUIRED: The basis on which the time period of content information is determined.</current><timeinfo><sngdate><caldate>REQUIRED: The year (and optionally month, or month and day) for which the data set corresponds to the ground.</caldate></sngdate></timeinfo></timeperd><status><progress>REQUIRED: The state of the data set.</progress><update>REQUIRED: The frequency with which changes and additions are made to the data set after the initial data set is completed.</update></status><spdom><bounding><westbc Sync="TRUE">REQUIRED: Western-most coordinate of the limit of coverage expressed in longitude.</westbc><eastbc Sync="TRUE">REQUIRED: Eastern-most coordinate of the limit of coverage expressed in longitude.</eastbc><northbc Sync="TRUE">REQUIRED: Northern-most coordinate of the limit of coverage expressed in latitude.</northbc><southbc Sync="TRUE">REQUIRED: Southern-most coordinate of the limit of coverage expressed in latitude.</southbc></bounding></spdom><keywords><theme><themekt>REQUIRED: Reference to a formally registered thesaurus or a similar authoritative source of theme keywords.</themekt><themekey>REQUIRED: Common-use word or phrase used to describe the subject of the data set.</themekey></theme></keywords><accconst>REQUIRED: Restrictions and legal prerequisites for accessing the data set.</accconst><useconst>REQUIRED: Restrictions and legal prerequisites for using the data set after access is granted.</useconst><natvform Sync="TRUE">Personal GeoDatabase Table</natvform></idinfo><dataIdInfo><envirDesc Sync="TRUE">Microsoft Windows 7 Version 6.1 (Build 7601) Service Pack 1; Esri ArcGIS 10.5.1.7333</envirDesc><dataLang><languageCode Sync="TRUE" value="eng"/><countryCode value="USA" Sync="TRUE"></countryCode></dataLang><idCitation><resTitle Sync="FALSE">TIFDs with Multiple Levy Districts</resTitle><presForm><PresFormCd Sync="TRUE" value="011"/></presForm></idCitation><spatRpType><SpatRepTypCd value="003" Sync="TRUE"></SpatRepTypCd></spatRpType></dataIdInfo><metainfo><langmeta Sync="TRUE">en</langmeta><metstdn Sync="TRUE">FGDC Content Standards for Digital Geospatial Metadata</metstdn><metstdv Sync="TRUE">FGDC-STD-001-1998</metstdv><mettc Sync="TRUE">local time</mettc><metc><cntinfo><cntorgp><cntper>REQUIRED: The person responsible for the metadata information.</cntper><cntorg>REQUIRED: The organization responsible for the metadata information.</cntorg></cntorgp><cntaddr><addrtype>REQUIRED: The mailing and/or physical address for the organization or individual.</addrtype><city>REQUIRED: The city of the address.</city><state>REQUIRED: The state or province of the address.</state><postal>REQUIRED: The ZIP or other postal code of the address.</postal></cntaddr><cntvoice>REQUIRED: The telephone number by which individuals can speak to the organization or individual.</cntvoice></cntinfo></metc><metd Sync="TRUE">20080929</metd></metainfo><mdLang><languageCode Sync="TRUE" value="eng"/><countryCode value="USA" Sync="TRUE"></countryCode></mdLang><mdStanName Sync="TRUE">ISO 19115 Geographic Information - Metadata</mdStanName><mdStanVer Sync="TRUE">DIS_ESRI1.0</mdStanVer><mdChar><CharSetCd Sync="TRUE" value="004"/></mdChar><mdHrLv><ScopeCd Sync="TRUE" value="007"/></mdHrLv><mdHrLvName Sync="TRUE">dataset</mdHrLvName><distinfo><resdesc Sync="TRUE">Downloadable Data</resdesc></distinfo><distInfo><distributor><distorTran><onLineSrc><orDesc Sync="TRUE">002</orDesc><linkage Sync="TRUE">file://Service=sde:oracle10g; Database=bmscprd; User=gisb; Version=SDE.DEFAULT</linkage><protocol Sync="TRUE">Local Area Network</protocol></onLineSrc></distorTran><distorFormat><formatName Sync="TRUE">Personal GeoDatabase Table</formatName></distorFormat></distributor><distFormat><formatName Sync="TRUE">dBASE Table</formatName></distFormat><distTranOps><transSize Sync="TRUE">0.000</transSize></distTranOps></distInfo><eainfo><detailed Name="TIFD_HAS_MULTI_LEVY_DIST"><enttyp><enttypl Sync="TRUE">TIFD_HAS_MULTI_LEVY_DIST</enttypl><enttypt Sync="TRUE">Table</enttypt><enttypc Sync="TRUE">0</enttypc></enttyp><attr><attrlabl Sync="TRUE">OID</attrlabl><attalias Sync="TRUE">OID</attalias><attrtype Sync="TRUE">OID</attrtype><attwidth Sync="TRUE">4</attwidth><atprecis Sync="TRUE">0</atprecis><attscale Sync="TRUE">0</attscale><attrdef Sync="TRUE">Internal feature number.</attrdef><attrdefs Sync="TRUE">Esri</attrdefs><attrdomv><udom Sync="TRUE">Sequential unique whole numbers that are automatically generated.</udom></attrdomv></attr><attr><attrlabl Sync="TRUE">TIFD_ID</attrlabl><attalias Sync="TRUE">TIFD_ID</attalias><attrtype Sync="TRUE">String</attrtype><attwidth Sync="TRUE">20</attwidth><atprecis Sync="TRUE">0</atprecis><attscale Sync="TRUE">0</attscale></attr><attr><attrlabl Sync="TRUE">CAMA_LEVY</attrlabl><attalias Sync="TRUE">CAMA_LEVY</attalias><attrtype Sync="TRUE">String</attrtype><attwidth Sync="TRUE">15</attwidth><atprecis Sync="TRUE">0</atprecis><attscale Sync="TRUE">0</attscale></attr><attr><attrlabl Sync="TRUE">ORION_LEVY</attrlabl><attalias Sync="TRUE">ORION_LEVY</attalias><attrtype Sync="TRUE">String</attrtype><attwidth Sync="TRUE">30</attwidth><atprecis Sync="TRUE">0</atprecis><attscale Sync="TRUE">0</attscale></attr></detailed><detailed Name="TIFDhasMULTIPLE_DISTRICTS"><enttyp><enttypl Sync="TRUE">TIFDhasMULTIPLE_DISTRICTS</enttypl><enttypt Sync="TRUE">Relationship</enttypt></enttyp></detailed></eainfo><mdDateSt Sync="TRUE">20190425</mdDateSt><dataqual><lineage><procstep><procdesc Sync="TRUE">Dataset copied.</procdesc><srcused Sync="TRUE">\\DOAHLNGIS\DATA\Erin\Governmental Units\TIFD\TIFD_Master.mdb</srcused><date Sync="TRUE">20081009</date><time Sync="TRUE">11015400</time></procstep><procstep><procdesc Sync="TRUE">Dataset copied.</procdesc><srcused Sync="TRUE">Service=sde:oracle10g; User=gisb; Version=SDE.DEFAULT</srcused><procdate Sync="TRUE">20090406</procdate><proctime Sync="TRUE">11040200</proctime></procstep><procstep><procdesc Sync="TRUE">Dataset copied.</procdesc><srcused Sync="TRUE">\\DOAISD543\D$\dataload\GISPRD_CLEANUP\BOUNDARIES.gdb</srcused><procdate Sync="TRUE">20090407</procdate><proctime Sync="TRUE">13411300</proctime></procstep><procstep><procdesc Sync="TRUE">Dataset copied.</procdesc><srcused Sync="TRUE">\\DOAISD543\D$\dataload\GISPRD_CLEANUP\GISB_DataStore.gdb</srcused><procdate Sync="TRUE">20090412</procdate><proctime Sync="TRUE">05410500</proctime></procstep><procstep><procdesc Sync="TRUE">Dataset copied.</procdesc><srcused Sync="TRUE">Service=sde:oracle10g; User=bmsc_reader; Version=SDE.DEFAULT</srcused><procdate Sync="TRUE">20100615</procdate><proctime Sync="TRUE">09463700</proctime></procstep></lineage></dataqual></metadata>
