<metadata xml:lang="en"><Esri><CreaDate>20190425</CreaDate><CreaTime>09462300</CreaTime><SyncOnce>FALSE</SyncOnce><SyncDate>20190425</SyncDate><SyncTime>09462700</SyncTime><ModDate>20190425</ModDate><ModTime>09462700</ModTime><DataProperties><lineage><Process ToolSource="D:\Program Files (x86)\ArcGIS\Desktop10.0\ArcToolbox\Toolboxes\Data Management Tools.tbx\Analyze" Date="20110908" Time="142348" Name="" export="">Analyze C:\site\local\lib\AGIS_Connections\BMSCPRD_doaisd7124_SDE.sde\GISB.BNDY_TIFD FEATURE</Process><Process ToolSource="D:\Program Files (x86)\ArcGIS\Desktop10.0\ArcToolbox\Toolboxes\Data Management Tools.tbx\Analyze" Date="20110909" Time="092155" Name="" export="">Analyze C:\site\local\lib\AGIS_Connections\BMSCPRD_doaisd7124_SDE.sde\GISB.BNDY_TIFD BUSINESS</Process><Process ToolSource="D:\Program Files (x86)\ArcGIS\Desktop10.0\ArcToolbox\Toolboxes\Data Management Tools.tbx\Analyze" Date="20110909" Time="092157" Name="" export="">Analyze C:\site\local\lib\AGIS_Connections\BMSCPRD_doaisd7124_SDE.sde\GISB.BNDY_TIFD FEATURE</Process><Process ToolSource="D:\Program Files (x86)\ArcGIS\Desktop10.0\ArcToolbox\Toolboxes\Data Management Tools.tbx\Analyze" Date="20110909" Time="093540" Name="" export="">Analyze C:\site\local\lib\AGIS_Connections\BMSCPRD_doaisd7124_SDE.sde\GISB.BNDY_TIFD BUSINESS</Process><Process ToolSource="D:\Program Files (x86)\ArcGIS\Desktop10.0\ArcToolbox\Toolboxes\Data Management Tools.tbx\Analyze" Date="20110909" Time="100023" Name="" export="">Analyze C:\site\local\lib\AGIS_Connections\BMSCPRD_doaisd7124_SDE.sde\GISB.BNDY_TIFD BUSINESS</Process><Process ToolSource="D:\Program Files (x86)\ArcGIS\Desktop10.0\ArcToolbox\Toolboxes\Data Management Tools.tbx\Analyze" Date="20110909" Time="100026" Name="" export="">Analyze C:\site\local\lib\AGIS_Connections\BMSCPRD_doaisd7124_SDE.sde\GISB.BNDY_TIFD FEATURE</Process><Process ToolSource="D:\Program Files (x86)\ArcGIS\Desktop10.0\ArcToolbox\Toolboxes\Data Management Tools.tbx\Analyze" Date="20110915" Time="093755" Name="" export="">Analyze C:\site\local\lib\AGIS_Connections\BMSCPRD_doaisd7124_SDE.sde\GISB.BNDY_TIFD Business</Process><Process ToolSource="D:\Program Files (x86)\ArcGIS\Desktop10.0\ArcToolbox\Toolboxes\Data Management Tools.tbx\Analyze" Date="20110915" Time="093758" Name="" export="">Analyze C:\site\local\lib\AGIS_Connections\BMSCPRD_doaisd7124_SDE.sde\GISB.BNDY_TIFD Feature</Process><Process ToolSource="D:\Program Files (x86)\ArcGIS\Desktop10.0\ArcToolbox\Toolboxes\Data Management Tools.tbx\Analyze" Date="20110915" Time="100434" Name="" export="">Analyze C:\site\local\lib\AGIS_Connections\BMSCPRD_doaisd7124_SDE.sde\GISB.BNDY_TIFD Business</Process><Process ToolSource="D:\Program Files (x86)\ArcGIS\Desktop10.0\ArcToolbox\Toolboxes\Data Management Tools.tbx\Analyze" Date="20110915" Time="100437" Name="" export="">Analyze C:\site\local\lib\AGIS_Connections\BMSCPRD_doaisd7124_SDE.sde\GISB.BNDY_TIFD Feature</Process><Process ToolSource="D:\Program Files (x86)\ArcGIS\Desktop10.0\ArcToolbox\Toolboxes\Data Management Tools.tbx\Analyze" Date="20110915" Time="111122" Name="" export="">Analyze C:\site\local\lib\AGIS_Connections\BMSCPRD_doaisd7124_SDE.sde\GISB.BNDY_TIFD Business</Process><Process ToolSource="D:\Program Files (x86)\ArcGIS\Desktop10.0\ArcToolbox\Toolboxes\Data Management Tools.tbx\Analyze" Date="20110915" Time="111125" Name="" export="">Analyze C:\site\local\lib\AGIS_Connections\BMSCPRD_doaisd7124_SDE.sde\GISB.BNDY_TIFD Feature</Process><Process ToolSource="C:\Program Files (x86)\Premier Data Services\ConflationToolbox\Conflation.tbx\ConflateLayers" Date="20150225" Time="144843" Name="" export="">ConflateLayers AdjustLinksYS800Feet_StatePlane AdministrativeBoundaries.DBO.BNDY_AdjustedCityTownLines;AdministrativeBoundaries.DBO.BNDY_AdjustedCountyLines;AdministrativeBoundaries.DBO.BNDY_AdjustedElementaryLines;'Montana Fire District Boundaries';AdministrativeBoundaries.DBO.BNDY_HouseDistricts;AdministrativeBoundaries.DBO.BNDY_Reservations;AdministrativeBoundaries.DBO.BNDY_TIFD;AdministrativeBoundaries.DBO.BNDY_AdjustedCityTown;AdministrativeBoundaries.DBO.BNDY_AdjustedCounty;AdministrativeBoundaries.DBO.BNDY_AdjustedElementary;AdministrativeBoundaries.DBO.BNDY_AdjustedSecondaryLines;AdministrativeBoundaries.DBO.BNDY_AdjustedSecondary;AdministrativeBoundaries.DBO.BNDY_AdjustedUnifiedLines;AdministrativeBoundaries.DBO.BNDY_AdjustedUnified</Process><Process ToolSource="C:\Program Files (x86)\Premier Data Services\ConflationToolbox\Conflation.tbx\ConflateLayers" Date="20150225" Time="145654" Name="" export="">ConflateLayers AdjustLinksYS800Feet_StatePlane AdministrativeBoundaries.DBO.BNDY_AdjustedCityTownLines;AdministrativeBoundaries.DBO.BNDY_AdjustedCountyLines;AdministrativeBoundaries.DBO.BNDY_AdjustedElementaryLines;'Montana Fire District Boundaries';AdministrativeBoundaries.DBO.BNDY_Reservations;AdministrativeBoundaries.DBO.BNDY_TIFD;AdministrativeBoundaries.DBO.BNDY_AdjustedCityTown;AdministrativeBoundaries.DBO.BNDY_AdjustedCounty;AdministrativeBoundaries.DBO.BNDY_AdjustedElementary;AdministrativeBoundaries.DBO.BNDY_AdjustedSecondaryLines;AdministrativeBoundaries.DBO.BNDY_AdjustedSecondary;AdministrativeBoundaries.DBO.BNDY_AdjustedUnifiedLines;AdministrativeBoundaries.DBO.BNDY_AdjustedUnified;AdministrativeBoundaries.DBO.BNDY_HouseDistricts_StatePlane</Process><Process ToolSource="C:\Program Files (x86)\Premier Data Services\ConflationToolbox\Conflation.tbx\ConflateLayers" Date="20150225" Time="150211" Name="" export="">ConflateLayers AdjustLinksYS800Feet_StatePlane AdministrativeBoundaries.DBO.BNDY_AdjustedCityTownLines;AdministrativeBoundaries.DBO.BNDY_AdjustedCountyLines;AdministrativeBoundaries.DBO.BNDY_AdjustedElementaryLines;AdministrativeBoundaries.DBO.BNDY_HouseDistricts_StatePlane;'Montana Fire District Boundaries';AdministrativeBoundaries.DBO.BNDY_Reservations;AdministrativeBoundaries.DBO.BNDY_TIFD;AdministrativeBoundaries.DBO.BNDY_AdjustedCityTown;AdministrativeBoundaries.DBO.BNDY_AdjustedCounty;AdministrativeBoundaries.DBO.BNDY_AdjustedElementary;AdministrativeBoundaries.DBO.BNDY_AdjustedSecondaryLines;AdministrativeBoundaries.DBO.BNDY_AdjustedSecondary;AdministrativeBoundaries.DBO.BNDY_AdjustedUnifiedLines;AdministrativeBoundaries.DBO.BNDY_AdjustedUnified</Process><Process ToolSource="C:\Program Files (x86)\Premier Data Services\ConflationToolbox\Conflation.tbx\ConflateLayers" Date="20150225" Time="152031" Name="" export="">ConflateLayers AdjustLinksYS800Feet_StatePlane AdministrativeBoundaries.DBO.BNDY_AdjustedCityTownLines;AdministrativeBoundaries.DBO.BNDY_AdjustedCountyLines;AdministrativeBoundaries.DBO.BNDY_AdjustedElementaryLines;AdministrativeBoundaries.DBO.BNDY_HouseDistricts_StatePlane;'Montana Fire District Boundaries';AdministrativeBoundaries.DBO.BNDY_Reservations;AdministrativeBoundaries.DBO.BNDY_TIFD;AdministrativeBoundaries.DBO.BNDY_AdjustedCityTown;AdministrativeBoundaries.DBO.BNDY_AdjustedCounty;AdministrativeBoundaries.DBO.BNDY_AdjustedElementary;AdministrativeBoundaries.DBO.BNDY_AdjustedSecondaryLines;AdministrativeBoundaries.DBO.BNDY_AdjustedSecondary;AdministrativeBoundaries.DBO.BNDY_AdjustedUnifiedLines;AdministrativeBoundaries.DBO.BNDY_AdjustedUnified</Process><Process ToolSource="C:\Program Files (x86)\Premier Data Services\ConflationToolbox\Conflation.tbx\ConflateLayers" Date="20150225" Time="155810" Name="" export="">ConflateLayers AdjustLinksYS800Feet AdministrativeBoundaries.DBO.BNDY_AdjustedCityTownLines;AdministrativeBoundaries.DBO.BNDY_AdjustedCountyLines;AdministrativeBoundaries.DBO.BNDY_AdjustedElementaryLines;AdministrativeBoundaries.DBO.BNDY_HouseDistricts_StatePlane;'Montana Fire District Boundaries';AdministrativeBoundaries.DBO.BNDY_Reservations;AdministrativeBoundaries.DBO.BNDY_TIFD;AdministrativeBoundaries.DBO.BNDY_AdjustedCityTown;AdministrativeBoundaries.DBO.BNDY_AdjustedCounty;AdministrativeBoundaries.DBO.BNDY_AdjustedElementary;AdministrativeBoundaries.DBO.BNDY_AdjustedSecondaryLines;AdministrativeBoundaries.DBO.BNDY_AdjustedSecondary;AdministrativeBoundaries.DBO.BNDY_AdjustedUnifiedLines;AdministrativeBoundaries.DBO.BNDY_AdjustedUnified</Process><Process ToolSource="C:\Program Files (x86)\Premier Data Services\ConflationToolbox\Conflation.tbx\ConflateLayers" Date="20150226" Time="073137" Name="" export="">ConflateLayers AdjustLinksYS800Feet_StatePlane AdministrativeBoundaries.DBO.BNDY_AdjustedCityTownLines;AdministrativeBoundaries.DBO.BNDY_AdjustedCountyLines;AdministrativeBoundaries.DBO.BNDY_AdjustedElementaryLines;AdministrativeBoundaries.DBO.BNDY_HouseDistricts_StatePlane;'Montana Fire District Boundaries';AdministrativeBoundaries.DBO.BNDY_Reservations;AdministrativeBoundaries.DBO.BNDY_TIFD;AdministrativeBoundaries.DBO.BNDY_AdjustedCityTown;AdministrativeBoundaries.DBO.BNDY_AdjustedCounty;AdministrativeBoundaries.DBO.BNDY_AdjustedElementary;AdministrativeBoundaries.DBO.BNDY_AdjustedSecondaryLines;AdministrativeBoundaries.DBO.BNDY_AdjustedSecondary;AdministrativeBoundaries.DBO.BNDY_AdjustedUnifiedLines;AdministrativeBoundaries.DBO.BNDY_AdjustedUnified</Process><Process ToolSource="C:\Program Files (x86)\Premier Data Services\ConflationToolbox\Conflation.tbx\ConflateLayers" Date="20150226" Time="083447" Name="" export="">ConflateLayers YSLinks800Feet_Keith AdministrativeBoundaries.DBO.BNDY_AdjustedCityTownLines;AdministrativeBoundaries.DBO.BNDY_AdjustedCountyLines;AdministrativeBoundaries.DBO.BNDY_AdjustedElementaryLines;AdministrativeBoundaries.DBO.BNDY_HouseDistricts_StatePlane;'Montana Fire District Boundaries';AdministrativeBoundaries.DBO.BNDY_Reservations;AdministrativeBoundaries.DBO.BNDY_TIFD;AdministrativeBoundaries.DBO.BNDY_AdjustedCityTown;AdministrativeBoundaries.DBO.BNDY_AdjustedCounty;AdministrativeBoundaries.DBO.BNDY_AdjustedElementary;AdministrativeBoundaries.DBO.BNDY_AdjustedSecondaryLines;AdministrativeBoundaries.DBO.BNDY_AdjustedSecondary;AdministrativeBoundaries.DBO.BNDY_AdjustedUnifiedLines;AdministrativeBoundaries.DBO.BNDY_AdjustedUnified</Process><Process ToolSource="C:\Program Files (x86)\Premier Data Services\ConflationToolbox\Conflation.tbx\ConflateLayers" Date="20150226" Time="120747" Name="" export="">ConflateLayers YSLinks800Feet_Keith AdministrativeBoundaries.DBO.BNDY_AdjustedCityTownLines;AdministrativeBoundaries.DBO.BNDY_AdjustedCountyLines;AdministrativeBoundaries.DBO.BNDY_AdjustedElementaryLines;'Montana Weed Districts';AdministrativeBoundaries.DBO.BNDY_HouseDistricts_StatePlane;'Montana Fire District Boundaries';AdministrativeBoundaries.DBO.BNDY_Reservations;AdministrativeBoundaries.DBO.BNDY_TIFD;AdministrativeBoundaries.DBO.BNDY_AdjustedCityTown;AdministrativeBoundaries.DBO.BNDY_AdjustedCounty;AdministrativeBoundaries.DBO.BNDY_AdjustedElementary;AdministrativeBoundaries.DBO.BNDY_AdjustedSecondaryLines;AdministrativeBoundaries.DBO.BNDY_AdjustedSecondary;AdministrativeBoundaries.DBO.BNDY_AdjustedUnifiedLines;AdministrativeBoundaries.DBO.BNDY_AdjustedUnified</Process><Process ToolSource="C:\Program Files (x86)\Premier Data Services\ConflationToolbox\Conflation.tbx\ConflateLayers" Date="20150303" Time="124546" Name="" export="">ConflateLayers AdjustLinksYS800Feet2_03032015 SQLPRD_AdminBndaries\AdministrativeBoundaries.DBO.BNDY_TIFD;SQLPRD_AdminBndaries\AdministrativeBoundaries.DBO.BNDY_Reservations;'SQLPRD_AdminBndaries\Montana Weed Districts';SQLPRD_AdminBndaries\AdministrativeBoundaries.DBO.BNDY_AdjustedUnified;SQLPRD_AdminBndaries\AdministrativeBoundaries.DBO.BNDY_AdjustedUnifiedLines;SQLPRD_AdminBndaries\AdministrativeBoundaries.DBO.BNDY_AdjustedSecondary;SQLPRD_AdminBndaries\AdministrativeBoundaries.DBO.BNDY_AdjustedSecondaryLines;SQLPRD_AdminBndaries\AdministrativeBoundaries.DBO.BNDY_AdjustedElementary;SQLPRD_AdminBndaries\AdministrativeBoundaries.DBO.BNDY_AdjustedElementaryLines;SQLPRD_AdminBndaries\AdministrativeBoundaries.DBO.BNDY_AdjustedCounty;SQLPRD_AdminBndaries\AdministrativeBoundaries.DBO.BNDY_AdjustedCountyLines;SQLPRD_AdminBndaries\AdministrativeBoundaries.DBO.BNDY_AdjustedCityTown;SQLPRD_AdminBndaries\AdministrativeBoundaries.DBO.BNDY_AdjustedCityTownLines</Process><Process ToolSource="C:\Program Files (x86)\Premier Data Services\ConflationToolbox\Conflation.tbx\ConflateLayers" Date="20150305" Time="132337" Name="" export="">ConflateLayers AdjustLinksYS800Feet2_03032015 AdminBound_YSConflate\AdministrativeBoundaries.DBO.BNDY_AdjustedCityTownLines;AdminBound_YSConflate\AdministrativeBoundaries.DBO.BNDY_AdjustedCityTown;AdminBound_YSConflate\AdministrativeBoundaries.DBO.BNDY_AdjustedCountyLines;AdminBound_YSConflate\AdministrativeBoundaries.DBO.BNDY_AdjustedCounty;AdminBound_YSConflate\AdministrativeBoundaries.DBO.BNDY_AdjustedElementaryLines;AdminBound_YSConflate\AdministrativeBoundaries.DBO.BNDY_AdjustedElementary;AdminBound_YSConflate\AdministrativeBoundaries.DBO.BNDY_AdjustedSecondaryLines;AdminBound_YSConflate\AdministrativeBoundaries.DBO.BNDY_AdjustedSecondary;AdminBound_YSConflate\AdministrativeBoundaries.DBO.BNDY_AdjustedUnifiedLines;AdminBound_YSConflate\AdministrativeBoundaries.DBO.BNDY_AdjustedUnified;AdminBound_YSConflate\AdministrativeBoundaries.DBO.BNDY_Reservations;AdminBound_YSConflate\AdministrativeBoundaries.DBO.BNDY_TIFD;'AdminBound_YSConflate\Montana Weed Districts'</Process><Process ToolSource="c:\program files (x86)\arcgis\desktop10.1\ArcToolbox\Toolboxes\Data Management Tools.tbx\CalculateField" Date="20150331" Time="155812" Name="" export="">CalculateField outLayer LAST_EDIT time.strftime('%d/%m/%Y') PYTHON_9.3 #</Process><Process ToolSource="c:\program files (x86)\arcgis\desktop10.1\ArcToolbox\Toolboxes\Data Management Tools.tbx\CalculateField" Date="20150401" Time="101754" Name="" export="">CalculateField outLayer LAST_EDIT time.strftime('%d/%m/%Y') PYTHON_9.3 #</Process><Process ToolSource="c:\program files (x86)\arcgis\desktop10.3\ArcToolbox\Toolboxes\Data Management Tools.tbx\CalculateField" Date="20150626" Time="122649" Name="" export="">CalculateField AdminBND\AdministrativeBoundaries.DBO.BNDY_TIFD TIFD_ID "DOR.TIFD."&amp;[TIFD_ID] VB #</Process><Process ToolSource="C:\Temp\Conflation_10_3\Conflation.tbx\ConflateLayers" Date="20150721" Time="143859" Name="" export="">ConflateLayers GalParkLinks800feet AdminBND\AdministrativeBoundaries.DBO.BNDY_Mosquito;AdminBND\AdministrativeBoundaries.DBO.BNDY_AdjustedCityTownLines;AdminBND\AdministrativeBoundaries.DBO.BNDY_AdjustedCountyLines;AdminBND\AdministrativeBoundaries.DBO.BNDY_AdjustedSecondaryLines;AdminBND\AdministrativeBoundaries.DBO.BNDY_AdjustedElementaryLines;AdminBND\AdministrativeBoundaries.DBO.BNDY_AdjustedUnifiedLines;AdminBND\AdministrativeBoundaries.DBO.BNDY_Reservations;AdminBND\AdministrativeBoundaries.DBO.BNDY_HouseDistricts_StatePlane;AdminBND\AdministrativeBoundaries.DBO.BNDY_NPSBoundaries;AdminBND\AdministrativeBoundaries.DBO.BNDY_TIFD</Process><Process ToolSource="c:\program files (x86)\arcgis\desktop10.3\ArcToolbox\Toolboxes\Data Management Tools.tbx\CalculateField" Date="20150910" Time="113952" Name="" export="">CalculateField AdminBND\AdministrativeBoundaries.DBO.BNDY_TIFD LAST_EDIT time.strftime('%m/%d/%Y') PYTHON_9.3 #</Process><Process ToolSource="C:\temp\Conflation_10_3\Conflation.tbx\ConflateLayers" Date="20161005" Time="110102" Name="" export="">ConflateLayers LinksJulyMarch2016all 'New Group Layer\AdministrativeBoundaries.DBO.BNDY_Municipality';'New Group Layer\AdministrativeBoundaries.DBO.BNDY_MunicipalityLines';'New Group Layer\AdministrativeBoundaries.DBO.BNDY_TIFD'</Process><Process ToolSource="C:\TEMP\Conflation_10_3\Conflation.tbx\ConflateLayers" Date="20170714" Time="162812" Name="" export="">ConflateLayers Links17_class2 AdministrativeBoundaries.DBO.BNDY_CountyLines;AdministrativeBoundaries.DBO.BNDY_MunicipalityLines;AdministrativeBoundaries.DBO.BNDY_SchoolDistrict_ElementaryLines;AdministrativeBoundaries.DBO.BNDY_SchoolDistrict_SecondaryLines;AdministrativeBoundaries.DBO.BNDY_SchoolDistrict_UnifiedLines;AdministrativeBoundaries.DBO.BNDY_County;AdministrativeBoundaries.DBO.BNDY_Municipality;AdministrativeBoundaries.DBO.BNDY_NPSBoundaries;AdministrativeBoundaries.DBO.BNDY_Reservations;AdministrativeBoundaries.DBO.BNDY_SchoolDistrict_Elementary;AdministrativeBoundaries.DBO.BNDY_SchoolDistrict_Secondary;AdministrativeBoundaries.DBO.BNDY_SchoolDistrict_Unified;AdministrativeBoundaries.DBO.BNDY_State;AdministrativeBoundaries.DBO.BNDY_TIFD;'Montana Weed Districts'</Process><Process ToolSource="C:\TEMP\Conflation_10_3\Conflation.tbx\ConflateLayers" Date="20170714" Time="180851" Name="" export="">ConflateLayers Links17_class3 AdministrativeBoundaries.DBO.BNDY_CountyLines;AdministrativeBoundaries.DBO.BNDY_MunicipalityLines;AdministrativeBoundaries.DBO.BNDY_SchoolDistrict_ElementaryLines;AdministrativeBoundaries.DBO.BNDY_SchoolDistrict_SecondaryLines;AdministrativeBoundaries.DBO.BNDY_SchoolDistrict_UnifiedLines;AdministrativeBoundaries.DBO.BNDY_County;AdministrativeBoundaries.DBO.BNDY_Municipality;AdministrativeBoundaries.DBO.BNDY_NPSBoundaries;AdministrativeBoundaries.DBO.BNDY_Reservations;AdministrativeBoundaries.DBO.BNDY_SchoolDistrict_Elementary;AdministrativeBoundaries.DBO.BNDY_SchoolDistrict_Secondary;AdministrativeBoundaries.DBO.BNDY_SchoolDistrict_Unified;AdministrativeBoundaries.DBO.BNDY_State;AdministrativeBoundaries.DBO.BNDY_TIFD;'Montana Weed Districts'</Process><Process ToolSource="C:\TEMP\Conflation_10_3\Conflation.tbx\ConflateLayers" Date="20170717" Time="084104" Name="" export="">ConflateLayers Links17_class1 AdministrativeBoundaries.DBO.BNDY_County;AdministrativeBoundaries.DBO.BNDY_Municipality;AdministrativeBoundaries.DBO.BNDY_NPSBoundaries;AdministrativeBoundaries.DBO.BNDY_Reservations;AdministrativeBoundaries.DBO.BNDY_SchoolDistrict_Elementary;AdministrativeBoundaries.DBO.BNDY_SchoolDistrict_Secondary;AdministrativeBoundaries.DBO.BNDY_SchoolDistrict_Unified;AdministrativeBoundaries.DBO.BNDY_State;AdministrativeBoundaries.DBO.BNDY_TIFD;'Montana Weed Districts'</Process><Process ToolSource="C:\TEMP\Conflation_10_3\Conflation.tbx\ConflateLayers" Date="20170717" Time="094215" Name="" export="">ConflateLayers Links17_class4 AdministrativeBoundaries.DBO.BNDY_CountyLines;AdministrativeBoundaries.DBO.BNDY_MunicipalityLines;AdministrativeBoundaries.DBO.BNDY_SchoolDistrict_ElementaryLines;AdministrativeBoundaries.DBO.BNDY_SchoolDistrict_SecondaryLines;AdministrativeBoundaries.DBO.BNDY_SchoolDistrict_UnifiedLines;AdministrativeBoundaries.DBO.BNDY_County;AdministrativeBoundaries.DBO.BNDY_Municipality;AdministrativeBoundaries.DBO.BNDY_NPSBoundaries;AdministrativeBoundaries.DBO.BNDY_Reservations;AdministrativeBoundaries.DBO.BNDY_SchoolDistrict_Elementary;AdministrativeBoundaries.DBO.BNDY_SchoolDistrict_Secondary;AdministrativeBoundaries.DBO.BNDY_SchoolDistrict_Unified;AdministrativeBoundaries.DBO.BNDY_State;AdministrativeBoundaries.DBO.BNDY_TIFD;'Montana Weed Districts'</Process><Process ToolSource="C:\Temp\Conflation_10_3\Conflation.tbx\ConflateLayers" Date="20190131" Time="140205" Name="" export="">ConflateLayers Links800Feet2018NoZeros_statePlane AdministrativeBoundaries.DBO.BNDY_StateLines;AdministrativeBoundaries.DBO.BNDY_State;AdministrativeBoundaries.DBO.BNDY_CountyLines;AdministrativeBoundaries.DBO.BNDY_MunicipalityLines;AdministrativeBoundaries.DBO.BNDY_SchoolDistrict_ElementaryLines;AdministrativeBoundaries.DBO.BNDY_SchoolDistrict_SecondaryLines;AdministrativeBoundaries.DBO.BNDY_SchoolDistrict_UnifiedLines;AdministrativeBoundaries.DBO.BNDY_County;AdministrativeBoundaries.DBO.BNDY_Municipality;AdministrativeBoundaries.DBO.BNDY_Reservations;AdministrativeBoundaries.DBO.BNDY_SchoolDistrict_Elementary;AdministrativeBoundaries.DBO.BNDY_SchoolDistrict_Secondary;AdministrativeBoundaries.DBO.BNDY_SchoolDistrict_Unified;AdministrativeBoundaries.DBO.BNDY_TIFD;'Montana Weed Districts'</Process><Process ToolSource="C:\Temp\Conflation_10_3\Conflation.tbx\ConflateLayers" Date="20190131" Time="140342" Name="" export="">ConflateLayers AllLinks AdministrativeBoundaries.DBO.BNDY_StateLines;AdministrativeBoundaries.DBO.BNDY_State;AdministrativeBoundaries.DBO.BNDY_CountyLines;AdministrativeBoundaries.DBO.BNDY_MunicipalityLines;AdministrativeBoundaries.DBO.BNDY_SchoolDistrict_ElementaryLines;AdministrativeBoundaries.DBO.BNDY_SchoolDistrict_SecondaryLines;AdministrativeBoundaries.DBO.BNDY_SchoolDistrict_UnifiedLines;AdministrativeBoundaries.DBO.BNDY_County;AdministrativeBoundaries.DBO.BNDY_Municipality;AdministrativeBoundaries.DBO.BNDY_Reservations;AdministrativeBoundaries.DBO.BNDY_SchoolDistrict_Elementary;AdministrativeBoundaries.DBO.BNDY_SchoolDistrict_Secondary;AdministrativeBoundaries.DBO.BNDY_SchoolDistrict_Unified;AdministrativeBoundaries.DBO.BNDY_TIFD;'Montana Weed Districts'</Process><Process ToolSource="C:\Temp\Conflation_10_3\Conflation.tbx\ConflateLayers" Date="20190131" Time="142449" Name="" export="">ConflateLayers C:\Junk\BNDadjust2019\Links.gdb\AllLinks AdministrativeBoundaries.DBO.BNDY_CountyLines;AdministrativeBoundaries.DBO.BNDY_MunicipalityLines;AdministrativeBoundaries.DBO.BNDY_SchoolDistrict_ElementaryLines;AdministrativeBoundaries.DBO.BNDY_SchoolDistrict_SecondaryLines;AdministrativeBoundaries.DBO.BNDY_SchoolDistrict_UnifiedLines;AdministrativeBoundaries.DBO.BNDY_StateLines;AdministrativeBoundaries.DBO.BNDY_County;AdministrativeBoundaries.DBO.BNDY_Municipality;AdministrativeBoundaries.DBO.BNDY_Reservations;AdministrativeBoundaries.DBO.BNDY_SchoolDistrict_Elementary;AdministrativeBoundaries.DBO.BNDY_SchoolDistrict_Secondary;AdministrativeBoundaries.DBO.BNDY_SchoolDistrict_Unified;AdministrativeBoundaries.DBO.BNDY_State;AdministrativeBoundaries.DBO.BNDY_TIFD;'Montana Weed Districts'</Process><Process ToolSource="C:\Temp\Conflation_10_3\Conflation.tbx\ConflateLayers" Date="20190201" Time="104142" Name="" export="">ConflateLayers LinksSelectedTIFD AdministrativeBoundaries.DBO.BNDY_TIFD</Process><Process ToolSource="C:\Temp\Conflation_10_3\Conflation.tbx\ConflateLayers" Date="20190205" Time="103356" Name="" export="">ConflateLayers "New Group Layer\LinksSelectedTIFD" AdministrativeBoundaries.DBO.BNDY_TIFD</Process><Process ToolSource="c:\program files (x86)\arcgis\desktop10.5\ArcToolbox\Toolboxes\Data Management Tools.tbx\Project" Date="20190425" Time="094610">Project H:\databaseconnections\MSLSQLDEV01\SDE_Default\AdminBoundaries_cw3612_MSLSQLDEV01.sde\AdministrativeBoundaries.DBO.BNDY_TIFD C:\Publish\BoundariesWebMerc.gdb\TIFD PROJCS['WGS_1984_Web_Mercator_Auxiliary_Sphere',GEOGCS['GCS_WGS_1984',DATUM['D_WGS_1984',SPHEROID['WGS_1984',6378137.0,298.257223563]],PRIMEM['Greenwich',0.0],UNIT['Degree',0.0174532925199433]],PROJECTION['Mercator_Auxiliary_Sphere'],PARAMETER['False_Easting',0.0],PARAMETER['False_Northing',0.0],PARAMETER['Central_Meridian',0.0],PARAMETER['Standard_Parallel_1',0.0],PARAMETER['Auxiliary_Sphere_Type',0.0],UNIT['Meter',1.0]] NAD_1983_To_WGS_1984_5 PROJCS['NAD_1983_StatePlane_Montana_FIPS_2500',GEOGCS['GCS_North_American_1983',DATUM['D_North_American_1983',SPHEROID['GRS_1980',6378137.0,298.257222101]],PRIMEM['Greenwich',0.0],UNIT['Degree',0.0174532925199433]],PROJECTION['Lambert_Conformal_Conic'],PARAMETER['False_Easting',600000.0],PARAMETER['False_Northing',0.0],PARAMETER['Central_Meridian',-109.5],PARAMETER['Standard_Parallel_1',45.0],PARAMETER['Standard_Parallel_2',49.0],PARAMETER['Latitude_Of_Origin',44.25],UNIT['Meter',1.0]] NO_PRESERVE_SHAPE # NO_VERTICAL</Process><Process ToolSource="c:\program files (x86)\arcgis\desktop10.5\ArcToolbox\Toolboxes\Data Management Tools.tbx\DeleteField" Date="20190425" Time="094610">DeleteField C:\Publish\BoundariesWebMerc.gdb\TIFD NOTES</Process><Process ToolSource="c:\program files (x86)\arcgis\desktop10.5\ArcToolbox\Toolboxes\Data Management Tools.tbx\Project" Date="20190425" Time="094624">Project C:\Publish\BoundariesWebMerc.gdb\TIFD C:\\Publish\\MontanaTIFDs.gdb\TIFD PROJCS['NAD_1983_StatePlane_Montana_FIPS_2500',GEOGCS['GCS_North_American_1983',DATUM['D_North_American_1983',SPHEROID['GRS_1980',6378137.0,298.257222101]],PRIMEM['Greenwich',0.0],UNIT['Degree',0.0174532925199433]],PROJECTION['Lambert_Conformal_Conic'],PARAMETER['False_Easting',600000.0],PARAMETER['False_Northing',0.0],PARAMETER['Central_Meridian',-109.5],PARAMETER['Standard_Parallel_1',45.0],PARAMETER['Standard_Parallel_2',49.0],PARAMETER['Latitude_Of_Origin',44.25],UNIT['Meter',1.0]] NAD_1983_To_WGS_1984_5 PROJCS['WGS_1984_Web_Mercator_Auxiliary_Sphere',GEOGCS['GCS_WGS_1984',DATUM['D_WGS_1984',SPHEROID['WGS_1984',6378137.0,298.257223563]],PRIMEM['Greenwich',0.0],UNIT['Degree',0.0174532925199433]],PROJECTION['Mercator_Auxiliary_Sphere'],PARAMETER['False_Easting',0.0],PARAMETER['False_Northing',0.0],PARAMETER['Central_Meridian',0.0],PARAMETER['Standard_Parallel_1',0.0],PARAMETER['Auxiliary_Sphere_Type',0.0],UNIT['Meter',1.0]] NO_PRESERVE_SHAPE # NO_VERTICAL</Process><Process ToolSource="c:\program files (x86)\arcgis\desktop10.5\ArcToolbox\Toolboxes\Data Management Tools.tbx\CopyFeatures" Date="20190425" Time="094627">CopyFeatures C:\\Publish\\MontanaTIFDs.gdb\TIFD C:\\Publish\\MontanaTIFDs_shp\TIFD.shp # 0 0 0</Process></lineage><itemProps><itemName Sync="TRUE">TIFD</itemName><nativeExtBox><westBL Sync="TRUE">151685.483125</westBL><eastBL Sync="TRUE">1022189.190000</eastBL><southBL Sync="TRUE">156062.420625</southBL><northBL Sync="TRUE">533056.174688</northBL><exTypeCode Sync="TRUE">1</exTypeCode></nativeExtBox><relatedItems><item><itemName Sync="TRUE">AdministrativeBoundaries.DBO.BNDY_TIFD_has_MULTI_LEVY_DISTRICTS</itemName><itemType Sync="TRUE">Relationship</itemType></item><item><itemName Sync="TRUE">AdministrativeBoundaries.DBO.BNDY_TIFD_has_MULTI_LEVY_DISTRICTS</itemName><itemType Sync="TRUE">Relationship</itemType></item></relatedItems><itemLocation><linkage Sync="TRUE">file://\\MSLGEOINFO2516\C$\Publish\MontanaTIFDs_shp\TIFD.shp</linkage><protocol Sync="TRUE">Local Area Network</protocol></itemLocation><imsContentType Sync="TRUE" export="False">002</imsContentType><itemSize Sync="TRUE">0.000</itemSize></itemProps><coordRef><type Sync="TRUE">Projected</type><geogcsn Sync="TRUE">GCS_North_American_1983</geogcsn><csUnits Sync="TRUE">Linear Unit: Meter (1.000000)</csUnits><projcsn Sync="TRUE">NAD_1983_StatePlane_Montana_FIPS_2500</projcsn><peXml Sync="TRUE">&lt;ProjectedCoordinateSystem xsi:type='typens:ProjectedCoordinateSystem' xmlns:xsi='http://www.w3.org/2001/XMLSchema-instance' xmlns:xs='http://www.w3.org/2001/XMLSchema' xmlns:typens='http://www.esri.com/schemas/ArcGIS/10.5'&gt;&lt;WKT&gt;PROJCS[&amp;quot;NAD_1983_StatePlane_Montana_FIPS_2500&amp;quot;,GEOGCS[&amp;quot;GCS_North_American_1983&amp;quot;,DATUM[&amp;quot;D_North_American_1983&amp;quot;,SPHEROID[&amp;quot;GRS_1980&amp;quot;,6378137.0,298.257222101]],PRIMEM[&amp;quot;Greenwich&amp;quot;,0.0],UNIT[&amp;quot;Degree&amp;quot;,0.0174532925199433]],PROJECTION[&amp;quot;Lambert_Conformal_Conic&amp;quot;],PARAMETER[&amp;quot;False_Easting&amp;quot;,600000.0],PARAMETER[&amp;quot;False_Northing&amp;quot;,0.0],PARAMETER[&amp;quot;Central_Meridian&amp;quot;,-109.5],PARAMETER[&amp;quot;Standard_Parallel_1&amp;quot;,45.0],PARAMETER[&amp;quot;Standard_Parallel_2&amp;quot;,49.0],PARAMETER[&amp;quot;Latitude_Of_Origin&amp;quot;,44.25],UNIT[&amp;quot;Meter&amp;quot;,1.0],AUTHORITY[&amp;quot;EPSG&amp;quot;,32100]]&lt;/WKT&gt;&lt;XOrigin&gt;-35666000&lt;/XOrigin&gt;&lt;YOrigin&gt;-30006900&lt;/YOrigin&gt;&lt;XYScale&gt;124182419.54917815&lt;/XYScale&gt;&lt;ZOrigin&gt;-100000&lt;/ZOrigin&gt;&lt;ZScale&gt;10000&lt;/ZScale&gt;&lt;MOrigin&gt;-100000&lt;/MOrigin&gt;&lt;MScale&gt;10000&lt;/MScale&gt;&lt;XYTolerance&gt;0.001&lt;/XYTolerance&gt;&lt;ZTolerance&gt;0.001&lt;/ZTolerance&gt;&lt;MTolerance&gt;0.001&lt;/MTolerance&gt;&lt;HighPrecision&gt;true&lt;/HighPrecision&gt;&lt;WKID&gt;32100&lt;/WKID&gt;&lt;LatestWKID&gt;32100&lt;/LatestWKID&gt;&lt;/ProjectedCoordinateSystem&gt;</peXml></coordRef></DataProperties><ArcGISFormat>1.0</ArcGISFormat><ArcGISstyle>FGDC CSDGM Metadata</ArcGISstyle><scaleRange><minScale>150000000</minScale><maxScale>5000</maxScale></scaleRange><ArcGISProfile>FGDC</ArcGISProfile></Esri><mdLang><languageCode value="eng"/><countryCode value="USA" Sync="TRUE"/></mdLang><mdChar><CharSetCd value="004"/></mdChar><mdHrLv><ScopeCd value="005"/></mdHrLv><mdContact xmlns=""><rpOrgName>Montana State Library</rpOrgName><rpCntInfo xmlns=""><cntPhone><voiceNum tddtty="">406-444-5354</voiceNum><voiceNum tddtty="True">406-444-4799</voiceNum><faxNum>406-444-0266</faxNum></cntPhone><cntAddress addressType="postal"><delPoint>P.O. Box 201800</delPoint><city>Helena</city><adminArea>Montana</adminArea><postCode>59620</postCode><country>United States of America</country><eMailAdd>geoinfo@mt.gov</eMailAdd></cntAddress><cntHours>8-5</cntHours></rpCntInfo><role><RoleCd value="007"/></role></mdContact><mdDateSt Sync="FALSE">20190422</mdDateSt><mdStanName>ArcGIS Metadata</mdStanName><mdStanVer>1.0</mdStanVer><distInfo xmlns=""><distributor xmlns=""><distorCont><rpOrgName>Montana State Library</rpOrgName><rpPosName>Administrative Boundaries Data Coordinator</rpPosName><rpCntInfo><cntPhone><voiceNum>406-444-5354</voiceNum><voiceNum tddtty="True">(406) 444-4799</voiceNum><faxNum>406-444-0266</faxNum></cntPhone><cntAddress addressType="postal"><delPoint>P.O. Box 201800</delPoint><city>Helena</city><adminArea>Montana</adminArea><postCode>59620</postCode><country>United States of America</country><eMailAdd>geoinfo@mt.gov</eMailAdd></cntAddress><cntHours>8-5</cntHours></rpCntInfo><role><RoleCd value="005"/></role></distorCont></distributor><distTranOps xmlns=""><onLineSrc><linkage>https://gisservicemt.gov/arcgis/rest/services/MSDI_Framework/BoundariesSPC/MapServer</linkage></onLineSrc><onLineSrc><linkage>http://ftp.geoinfo.msl.mt.gov/Data/Spatial/MSDI/AdministrativeBoundaries/</linkage></onLineSrc><transSize Sync="TRUE">0.000</transSize></distTranOps><distFormat xmlns=""><formatName Sync="TRUE">Shapefile</formatName></distFormat></distInfo><dataIdInfo><idCitation xmlns=""><resTitle Sync="FALSE">Montana Tax Increment Financing Districts</resTitle><date><pubDate>2019-04-22T00:00:00</pubDate></date><citRespParty xmlns=""><rpOrgName>Montana State Library</rpOrgName><role><RoleCd value="006"/></role></citRespParty><citRespParty xmlns=""><rpOrgName>Montana State Library</rpOrgName><rpCntInfo xmlns=""><cntAddress addressType="physical"><delPoint>1515 E Sixth Avenue</delPoint><city>Helena</city><adminArea>Montana</adminArea><postCode>59601</postCode></cntAddress><cntPhone><voiceNum tddtty="">406-444-5354</voiceNum><faxNum>406-444-0266</faxNum><voiceNum tddtty="True">406-444-4799</voiceNum></cntPhone></rpCntInfo><role><RoleCd value="010"/></role></citRespParty><presForm xmlns=""><PresFormCd value="005"/></presForm><presForm xmlns=""><fgdcGeoform>vector digital data</fgdcGeoform></presForm><otherCitDet>Montana TIFDs data is also available as a webservice. To see the view the rest page visit the following web site: https://gisservicemt.gov/arcgis/rest/services/MSDI_Framework/BoundariesSPC/MapServer</otherCitDet><collTitle>Montana Administrative Boundaries ArcGIS Server Map Service</collTitle></idCitation><idAbs>&lt;DIV STYLE="text-align:Left;"&gt;&lt;DIV&gt;&lt;DIV&gt;&lt;P&gt;&lt;SPAN&gt;These data represent Montana's Tax Increment Financing Districts. Montana Department of Revenue cartographers or Local governments were contacted for this information. The MSL acts as the point of contact on these boundaries for editing, schema changes, maintenance, web services and distribution. These boundaries were created based on the best available source data received from the counties: Legal Descriptions, County GIS Files, County Source Maps, or where data sources were not available the Montana Cadastral GIS Data was used. Digital data used as a base layer to create these boundary files were the best available source at the time: Cadastral (parcel lines), Geographic Coordination Data Base (GCDB), National Agriculture Imagery Program (NAIP) Imagery, and 1:24,000 USGS Topographic Maps. All of these base layers can be found at the following website for download: http://ftp.geoinfo.msl.mt.gov/Data/Spatial/MSDI/.&lt;/SPAN&gt;&lt;/P&gt;&lt;/DIV&gt;&lt;/DIV&gt;&lt;/DIV&gt;</idAbs><idPurp>The Montana State Library and the MSDI supports a federated database approach to all MSDI layers. Montana defines a federated approach as a method that supports the integration and utilization of data from multiple data providers, while retaining the primary maintenance responsibility with the provider. Most of Montana's framework data model efforts have adopted a federated approach that leverages multiple data providers and thus multiple data maintainers. It is plausible that errors do exist and we welcome all corrections. If you do have a correction to a school district please contact the Administrative Boundaries Data Coordinator.</idPurp><idCredit>Montana Local Governments, Montana Department of Revenue, Montana State Library</idCredit><idStatus><ProgCd value="001"/></idStatus><idPoC xmlns=""><rpOrgName>Montana State Library</rpOrgName><rpCntInfo xmlns=""><cntPhone><voiceNum tddtty="">406-444-5354</voiceNum><voiceNum tddtty="True">406-444-4799</voiceNum><faxNum>406-444-0266</faxNum></cntPhone><cntAddress addressType="physical"><delPoint>1515 E Sixth Avenue</delPoint><city>Helena</city><adminArea>Montana</adminArea><postCode>59601</postCode><country>US</country><eMailAdd>geoinfo@mt.gov</eMailAdd></cntAddress></rpCntInfo><role><RoleCd value="007"/></role></idPoC><resMaint xmlns=""><maintFreq><MaintFreqCd value="009"/></maintFreq></resMaint><placeKeys xmlns=""><keyword>Montana</keyword></placeKeys><themeKeys xmlns=""><thesaName xmlns=""><resTitle>ISO 19115 Topic Category</resTitle></thesaName><keyword>boundaries</keyword></themeKeys><themeKeys xmlns=""><keyword>MSDI_ABF</keyword><keyword>MSDI</keyword><keyword>TIFD</keyword><keyword>Administrative Boundaries Framework</keyword><keyword>tifd boundary</keyword><keyword>tifd</keyword><keyword>Montana Spatial Data Infrastructure Administrative Boundaries</keyword><keyword>tax districts</keyword><keyword>MSDI Administrative Boundaries</keyword><keyword>tax increment financing districts</keyword><keyword>boundaries</keyword><keyword>administrative boundaries</keyword></themeKeys><searchKeys><keyword>MSDI</keyword><keyword>TIFD</keyword><keyword>Administrative Boundaries Framework</keyword><keyword>tifd boundary</keyword><keyword>tifd</keyword><keyword>Montana Spatial Data Infrastructure Administrative Boundaries</keyword><keyword>tax districts</keyword><keyword>MSDI Administrative Boundaries</keyword><keyword>tax increment financing districts</keyword><keyword>boundaries</keyword><keyword>boundaries</keyword><keyword>administrative boundaries</keyword><keyword>Montana</keyword></searchKeys><resConst><Consts xmlns=""><useLimit>&lt;DIV STYLE="text-align:Left;"&gt;&lt;DIV&gt;&lt;DIV&gt;&lt;P&gt;&lt;SPAN&gt;The Montana State Library provides this product/service for informational purposes only. The Library did not produce it for, nor is it suitable for legal, engineering, or surveying purposes. Consumers of this information should review or consult the primary data and information sources to ascertain the viability of the information for their purposes. The Library provides these data in good faith but does not represent or warrant its accuracy, adequacy, or completeness. In no event shall the Library be liable for any incorrect results or analysis; any direct, indirect, special, or consequential damages to any party; or any lost profits arising out of or in connection with the use or the inability to use the data or the services provided. The Library makes these data and services available as a convenience to the public, and for no other purpose. The Library reserves the right to change or revise published data and/or services at any time.&lt;/SPAN&gt;&lt;/P&gt;&lt;/DIV&gt;&lt;/DIV&gt;&lt;/DIV&gt;</useLimit></Consts></resConst><spatRpType><SpatRepTypCd value="001"/></spatRpType><dataLang><languageCode value="eng"/><countryCode value="USA" Sync="TRUE"/></dataLang><envirDesc Sync="TRUE">Microsoft Windows 7 Version 6.1 (Build 7601) Service Pack 1; Esri ArcGIS 10.5.1.7333</envirDesc><dataExt xmlns=""><geoEle xmlns=""><GeoBndBox><westBL>-115.619843</westBL><eastBL>-103.735367</eastBL><southBL>45.506261</southBL><northBL>49.046656</northBL></GeoBndBox></geoEle></dataExt><dataExt xmlns=""><exDesc>publication date</exDesc><tempEle><TempExtent><exTemp><TM_Instant><tmPosition>2019-04-22T00:00:00</tmPosition></TM_Instant></exTemp></TempExtent></tempEle></dataExt><suppInfo>The database will be spatially adjustment to align with the GCDB/Montana CadNSDI and Cadastral data as necessary </suppInfo><dataExt xmlns=""><geoEle xmlns=""><GeoBndBox esriExtentType="search"><exTypeCode Sync="TRUE">1</exTypeCode><westBL Sync="TRUE">-115.619943</westBL><eastBL Sync="TRUE">-103.735367</eastBL><northBL Sync="TRUE">49.046655</northBL><southBL Sync="TRUE">45.506242</southBL></GeoBndBox></geoEle></dataExt><aggrInfo xmlns=""><assocType><AscTypeCd value="002"/></assocType><aggrDSName xmlns=""><resTitle>Montana Administrative Boundaries ArcGIS Server Map Service</resTitle><citOnlineRes xmlns=""><linkage>http://gisservicemt.gov/arcgis/rest/services/MSDI_Framework</linkage></citOnlineRes></aggrDSName></aggrInfo><dataChar><CharSetCd value="004"/></dataChar><tpCat><TopicCatCd value="017"/></tpCat><tpCat><TopicCatCd value="003"/></tpCat></dataIdInfo><mdMaint xmlns=""><maintFreq><MaintFreqCd value="012"/></maintFreq></mdMaint><eainfo><detailed xmlns="" Name="TIFD"><enttyp><enttypl Sync="TRUE">TIFD</enttypl><enttypd>Tax Increment Financing Districts: feature class</enttypd><enttypds>Montana State Library</enttypds><enttypt Sync="TRUE">Feature Class</enttypt><enttypc Sync="TRUE">0</enttypc></enttyp><attr><attrlabl Sync="TRUE">FID</attrlabl><attalias Sync="TRUE">FID</attalias><attrtype Sync="TRUE">OID</attrtype><attwidth Sync="TRUE">4</attwidth><atprecis Sync="TRUE">0</atprecis><attscale Sync="TRUE">0</attscale><attrdef Sync="TRUE">Internal feature number.</attrdef><attrdefs Sync="TRUE">Esri</attrdefs><attrdomv><udom Sync="TRUE">Sequential unique whole numbers that are automatically generated.</udom></attrdomv></attr><attr><attrlabl>NAME</attrlabl><attrdef>Name of Tax Increment Financing District</attrdef><attrdefs>Montana State Library</attrdefs><attalias Sync="TRUE">NAME</attalias><attrtype Sync="TRUE">String</attrtype><attwidth Sync="TRUE">75</attwidth><atprecis Sync="TRUE">0</atprecis><attscale Sync="TRUE">0</attscale></attr><attr><attrlabl>SOURCE</attrlabl><attrdef>Source documents the data was created from</attrdef><attrdefs>Montana State Library</attrdefs><attalias Sync="TRUE">SOURCE</attalias><attrtype Sync="TRUE">String</attrtype><attwidth Sync="TRUE">2</attwidth><atprecis Sync="TRUE">0</atprecis><attscale Sync="TRUE">0</attscale></attr><attr><attrlabl Sync="TRUE">MODIFIED</attrlabl><attalias Sync="TRUE">MODIFIED</attalias><attrtype Sync="TRUE">String</attrtype><attwidth Sync="TRUE">1</attwidth><atprecis Sync="TRUE">0</atprecis><attscale Sync="TRUE">0</attscale></attr><attr><attrlabl Sync="TRUE">MULTI_LD</attrlabl><attalias Sync="TRUE">MULTI_LD</attalias><attrtype Sync="TRUE">String</attrtype><attwidth Sync="TRUE">1</attwidth><atprecis Sync="TRUE">0</atprecis><attscale Sync="TRUE">0</attscale></attr><attr><attrlabl Sync="TRUE">TIFD_ID</attrlabl><attalias Sync="TRUE">TIFD_ID</attalias><attrtype Sync="TRUE">String</attrtype><attwidth Sync="TRUE">25</attwidth><atprecis Sync="TRUE">0</atprecis><attscale Sync="TRUE">0</attscale></attr><attr><attrlabl>COUNTY</attrlabl><attrdef>County the district is located within</attrdef><attrdefs>Montana State Library</attrdefs><attalias Sync="TRUE">COUNTY</attalias><attrtype Sync="TRUE">Integer</attrtype><attwidth Sync="TRUE">5</attwidth><atprecis Sync="TRUE">5</atprecis><attscale Sync="TRUE">0</attscale></attr><attr><attrlabl>STATUS</attrlabl><attrdef>Status of the TIFD</attrdef><attrdefs>Montana State Library</attrdefs><attalias Sync="TRUE">STATUS</attalias><attrtype Sync="TRUE">String</attrtype><attwidth Sync="TRUE">1</attwidth><atprecis Sync="TRUE">0</atprecis><attscale Sync="TRUE">0</attscale></attr><attr><attrlabl Sync="TRUE">ESTABLISHE</attrlabl><attalias Sync="TRUE">ESTABLISHE</attalias><attrtype Sync="TRUE">String</attrtype><attwidth Sync="TRUE">4</attwidth><atprecis Sync="TRUE">0</atprecis><attscale Sync="TRUE">0</attscale></attr><attr><attrlabl Sync="TRUE">EXPIRATION</attrlabl><attalias Sync="TRUE">EXPIRATION</attalias><attrtype Sync="TRUE">String</attrtype><attwidth Sync="TRUE">4</attwidth><atprecis Sync="TRUE">0</atprecis><attscale Sync="TRUE">0</attscale></attr><attr><attrlabl>LAST_EDIT</attrlabl><attrdef>The date of the last edit to the feature</attrdef><attrdefs>Montana State Library</attrdefs><attalias Sync="TRUE">LAST_EDIT</attalias><attrtype Sync="TRUE">Date</attrtype><attwidth Sync="TRUE">8</attwidth><atprecis Sync="TRUE">0</atprecis><attscale Sync="TRUE">0</attscale></attr><attr><attrlabl Sync="TRUE">EDITOR</attrlabl><attalias Sync="TRUE">EDITOR</attalias><attrtype Sync="TRUE">String</attrtype><attwidth Sync="TRUE">2</attwidth><atprecis Sync="TRUE">0</atprecis><attscale Sync="TRUE">0</attscale></attr><attr><attrlabl Sync="TRUE">CREATED</attrlabl><attalias Sync="TRUE">CREATED</attalias><attrtype Sync="TRUE">Date</attrtype><attwidth Sync="TRUE">8</attwidth><atprecis Sync="TRUE">0</atprecis><attscale Sync="TRUE">0</attscale></attr><attr><attrlabl>TYPE</attrlabl><attrdef>Type of TIFD</attrdef><attrdefs>Montana State Library</attrdefs><attalias Sync="TRUE">TYPE</attalias><attrtype Sync="TRUE">String</attrtype><attwidth Sync="TRUE">2</attwidth><atprecis Sync="TRUE">0</atprecis><attscale Sync="TRUE">0</attscale></attr><attr><attrlabl Sync="TRUE">GLOBALID</attrlabl><attalias Sync="TRUE">GLOBALID</attalias><attrtype Sync="TRUE">String</attrtype><attwidth Sync="TRUE">38</attwidth><atprecis Sync="TRUE">0</atprecis><attscale Sync="TRUE">0</attscale></attr><attr><attrlabl Sync="TRUE">SHAPE</attrlabl><attalias Sync="TRUE">Shape</attalias><attrtype Sync="TRUE">Geometry</attrtype><attwidth Sync="TRUE">0</attwidth><atprecis Sync="TRUE">0</atprecis><attscale Sync="TRUE">0</attscale><attrdef Sync="TRUE">Feature geometry.</attrdef><attrdefs Sync="TRUE">Esri</attrdefs><attrdomv><udom Sync="TRUE">Coordinates defining the features.</udom></attrdomv></attr><attr><attrlabl Sync="TRUE">BASE_YEAR</attrlabl><attalias Sync="TRUE">BASE_YEAR</attalias><attrtype Sync="TRUE">String</attrtype><attwidth Sync="TRUE">4</attwidth><atprecis Sync="TRUE">0</atprecis><attscale Sync="TRUE">0</attscale></attr><attr><attrlabl Sync="TRUE">SHAPE_Leng</attrlabl><attalias Sync="TRUE">SHAPE_Leng</attalias><attrtype Sync="TRUE">Double</attrtype><attwidth Sync="TRUE">19</attwidth><atprecis Sync="TRUE">0</atprecis><attscale Sync="TRUE">0</attscale></attr><attr><attrlabl Sync="TRUE">SHAPE_Area</attrlabl><attalias Sync="TRUE">SHAPE_Area</attalias><attrtype Sync="TRUE">Double</attrtype><attwidth Sync="TRUE">19</attwidth><atprecis Sync="TRUE">0</atprecis><attscale Sync="TRUE">0</attscale><attrdef Sync="TRUE">Area of feature in internal units squared.</attrdef><attrdefs Sync="TRUE">Esri</attrdefs><attrdomv><udom Sync="TRUE">Positive real numbers that are automatically generated.</udom></attrdomv></attr></detailed></eainfo><mdHrLvName Sync="TRUE">dataset</mdHrLvName><refSysInfo><RefSystem><refSysID><identCode code="32100" Sync="TRUE"/><idCodeSpace Sync="TRUE">EPSG</idCodeSpace><idVersion Sync="TRUE">4.5(3.0.1)</idVersion></refSysID></RefSystem></refSysInfo><spatRepInfo><VectSpatRep><geometObjs Name="TIFD"><geoObjTyp><GeoObjTypCd value="002" Sync="TRUE"></GeoObjTypCd></geoObjTyp><geoObjCnt Sync="TRUE">0</geoObjCnt></geometObjs><topLvl><TopoLevCd value="001" Sync="TRUE"></TopoLevCd></topLvl></VectSpatRep></spatRepInfo><spdoinfo><ptvctinf><esriterm Name="TIFD"><efeatyp Sync="TRUE">Simple</efeatyp><efeageom code="4" Sync="TRUE"></efeageom><esritopo Sync="TRUE">FALSE</esritopo><efeacnt Sync="TRUE">0</efeacnt><spindex Sync="TRUE">FALSE</spindex><linrefer Sync="TRUE">FALSE</linrefer></esriterm></ptvctinf></spdoinfo><dqInfo><dataLineage><prcStep xmlns=""><stepDesc>Adjusted Tax Increment Financing District (TIFD) boundaries to the July 2015 CadNSDI Montana (PLSS)</stepDesc><stepDateTm>2015-09-09T00:00:00</stepDateTm></prcStep><prcStep xmlns=""><stepDesc>Adjusted county boundaries to the March 2016 CadNSDI Montana (PLSS); Updated Livingston Urban Renewal District; Added Helena Railroad TIF District</stepDesc><stepDateTm>2016-09-30T00:00:00</stepDateTm></prcStep><prcStep xmlns=""><stepDesc>Adjusted county boundaries to the October 2017 CadNSDI Montana (PLSS)</stepDesc><stepDateTm>2017-10-16T00:00:00</stepDateTm></prcStep><prcStep xmlns=""><stepDesc>Updated expiration dates from July 2018 Revenue and Transportation Interim Committee Report; Added Ravalli County TEDD, Columbia Falls Industrial District TEDD, Columbia Falls Urban Renewal District</stepDesc><stepDateTm>2018-07-17T00:00:00</stepDateTm></prcStep><prcStep xmlns=""><stepDesc>Adjusted boundaries to the November 2018 CadNSDI Montana (PLSS)</stepDesc><stepDateTm>2019-02-08T00:00:00</stepDateTm></prcStep><prcStep xmlns=""><stepDesc>Added Lockwood TEDD Expansion (Yellowstone), Helena URD (Lewis and Clark), Columbia Rising TEDD (Flathead), North Hamilton URD (Ravalli), Downtown Roundup URD (Musselshell), Miles City Downtown URD (Custer), Glacier Rail Park (Flathead), South Bozeman (Gallatin), Kootenai Business Park (Lincoln), and updated the Uptown Butte URD; Updated Years and added new field for Base Year from the Department of Revenue.</stepDesc><stepDateTm>2019-04-22T00:00:00</stepDateTm></prcStep></dataLineage></dqInfo></metadata>
